seed_bank,source_url,extraction_methods_used,scraped_at,seed_type,growth_type,genetics,cannabis_type,flowering_time,yield,terpene_profile,breeder_name,about_info,strain_name,data_completeness_score,quality_tier,effects,strain_type,indica_sativa_cbd,plant_height,height,thc_content,cbd_content
North Atlantic Seed Company,https://www.northatlanticseed.com/product/vidamints/,"['structured', 'description', 'patterns', 'fallback']",2026-01-09T23:58:35.685605,Feminized,Autoflower,"Mendo Cookies, Remedy
Filial Generation:Â F4
Phenotypic Variation:Â Very Low
First Sign of Flower:Â 25-30 days from sprout
Total Life Cycle:Â 75-85 days
Height:Â Low
Yield Index (Per Sf):Â Average
Nose:Â Fruit Bowl, Citrus, Fuel, Cookies, Gelato
Plants are generally small and compact",Feminized Autoflower,25-30 days,"Index (Per Sf):Â Average
Nose:Â Fruit Bowl, Citrus, Fuel, Cookies, Gelato
Plants are generally small and compact","Fruit Bowl, Citrus, Fuel, Cookies, Gelato",Twenty20 Mendocino,Buy Vidamints Auto (CBD) online from North Atlantic Seed Co. Voted #1 by the ICA Cannabis Awards. Fast shipping & premium genetics.,Vidamints,94,Premium,,CBD,CBD Hybrid,Low,"Low
Yield Index (Per Sf):Â Average
Nose:Â Fruit Bowl, Citrus, Fuel, Cookies, Gelato
Plants are generally small and compact",,
North Atlantic Seed Company,https://www.northatlanticseed.com/product/tonics-web-cbd-r/,"['structured', 'description', 'patterns', 'fallback']",2026-01-09T23:58:54.286363,Regular,Photoperiod,Charlotte's Web x Chocolate Tonic,Regular M/F Photoperiod,,"very well, and are great for beginners, and home growers",,Purple Caper Seeds,Buy Tonicâ€™s Web CBD (R) online from North Atlantic Seed Co. Voted #1 by the ICA Cannabis Awards. Fast shipping & premium genetics.,Tonics Web Cbd R,69.9,High,,CBD,CBD Hybrid,,,,
North Atlantic Seed Company,https://www.northatlanticseed.com/product/tonics-web-cbd-f/,"['structured', 'description', 'patterns', 'fallback']",2026-01-09T23:58:54.498686,Feminized,Photoperiod,Charlotte's Web x Chocolate Tonic,Feminized Photoperiod,,"very well, and are great for beginners, and home growers looking to provide their own medicine",,Purple Caper Seeds,Buy Tonicâ€™s Web CBD (F) online from North Atlantic Seed Co. Voted #1 by the ICA Cannabis Awards. Fast shipping & premium genetics.,Tonics Web Cbd F,69.9,High,,CBD,CBD Hybrid,,,,
North Atlantic Seed Company,https://www.northatlanticseed.com/product/sweet-nurse-cbd-auto/,"['structured', 'description', 'patterns', 'fallback']",2026-01-09T23:59:10.971603,Feminized,Autoflower,between a selection of our best 4th Generation autoflowering strains and a photoperiod-dependent clone rich in CBD,,55 - 65 days,Indoor: 400 - 600 g/m2 / Outdoor: 50 - 125 g/plant,"Sweet, fruit aroma with tones of Skunk, citrus and spicy notes.",Sweet Seeds,Buy Sweet Nurse CBD Auto online from North Atlantic Seed Co. Voted #1 by the ICA Cannabis Awards. Fast shipping & premium genetics.,Sweet Nurse Cbd,95.2,Premium,of other type of strains rich in THC,CBD,,60-110 cm,,.,.
North Atlantic Seed Company,https://www.northatlanticseed.com/product/red-pure-cbd-auto/,"['structured', 'description', 'patterns', 'fallback']",2026-01-10T00:00:28.700939,Feminized,Autoflower,between two of our own strains: Sweet Pure CBDÂ® and Red Poison AutoÂ®,,60 - 70 days,450-500 g/m2,"Berry, Earthy, Pine, Sweet",Sweet Seeds,Buy Red Pure CBD Auto online from North Atlantic Seed Co. Voted #1 by the ICA Cannabis Awards. Fast shipping & premium genetics.,Red Pure Cbd,88,Premium,"that washes away anxiety, which makes it ideal for medicinal users who do not want to feel any psychotropic effects from the THC",CBD,,,,.,
North Atlantic Seed Company,https://www.northatlanticseed.com/product/purplematic-cbd-auto/,"['structured', 'description', 'patterns', 'fallback']",2026-01-10T00:00:41.706593,Feminized,Autoflower,bred high-CBD varieties Kush Rose Auto CBD and Afghan Rose Auto CBD,Feminized Photoperiod,50 - 60 days,ofÂ 400-450g/mÂ²,,Royal Queen Seeds,Buy Purplematic CBD Auto online from North Atlantic Seed Co. Voted #1 by the ICA Cannabis Awards. Fast shipping & premium genetics.,Purplematic Cbd,92.8,Premium,", flavour, and aroma

Purplematic CBD features a cannabinoid profile ofÂ 17% CBDÂ and less thanÂ 0",CBD,CBD Hybrid,Indoor: 70 - 120 cm; Outdoor: 100 - 140 cm,ofÂ 120cmÂ and produce a yield ofÂ 400-450g/mÂ²,.,.
North Atlantic Seed Company,https://www.northatlanticseed.com/product/painkiller-xl-f/,"['structured', 'description', 'patterns', 'fallback']",2026-01-10T00:01:37.207284,Feminized,Photoperiod,Respect 13 x Juanita la Lagrimosa,Feminized Photoperiod,55 - 65 days,"s in No Time at All
With a bloom period ofÂ 8 weeks, the Painkiller XL seed can produceÂ 500â€“550g/mÂ²Â indoors and an equal amount per plant outdoors",,Royal Queen Seeds,Buy Painkiller XL (F) online from North Atlantic Seed Co. Voted #1 by the ICA Cannabis Awards. Fast shipping & premium genetics.,Painkiller Xl F,86.7,Premium,,CBD,CBD Hybrid,Indoor: 60 - 100 cm; Outdoor: 120 - 150 cm,"; outside, the average height is aroundÂ 135cm,Â with harvest time at the end of September",,
North Atlantic Seed Company,https://www.northatlanticseed.com/product/magic-runtz-cake-cbd-auto/,"['structured', 'description', 'patterns', 'fallback']",2026-01-10T00:02:33.713501,Feminized,Autoflower,Magic Bullet X Runtz Cake A,Feminized Autoflower,,"ing, grow well indoors and out","Tropical, Floral, Citris, to Berry and Gas",Purple Caper Seeds,Buy Magic Runtz Cake CBD Auto online from North Atlantic Seed Co. Voted #1 by the ICA Cannabis Awards. Fast shipping & premium genetics.,Magic Runtz Cake Cbd,77.1,High,,CBD,CBD Hybrid,,,,
North Atlantic Seed Company,https://www.northatlanticseed.com/product/luxors-magic-cbd-r/,"['structured', 'description', 'patterns', 'fallback']",2026-01-10T00:02:34.328711,Regular,Photoperiod,Magic Bullet x Luxor THCV,Regular M/F Photoperiod,45 - 55 days,,,Purple Caper Seeds,Buy Luxorâ€™s Magic CBD (R) online from North Atlantic Seed Co. Voted #1 by the ICA Cannabis Awards. Fast shipping & premium genetics.,Luxors Magic Cbd R,72.3,High,,CBD,CBD Hybrid,,,,
North Atlantic Seed Company,https://www.northatlanticseed.com/product/fast-eddy-cbd-auto/,"['structured', 'description', 'patterns', 'fallback']",2026-01-10T00:05:01.589749,Feminized,Autoflower,"with those of the pungent and flavourful Cheese (plus a bit of ruderalis), we have created an irresistible blend of connoisseur-level flavour and a reliable relaxing high that offers both mellow tones and functionality",Feminized Autoflower,50 - 60 days,"s, and induce a clear, mellow, and most importantly, functional high",,Royal Queen Seeds,Buy Fast Eddy CBD Auto online from North Atlantic Seed Co. Voted #1 by the ICA Cannabis Awards. Fast shipping & premium genetics.,Fast Eddy Cbd,92.8,Premium,"Perfect for Daytime Use
Fast Eddy produces a very pungent citrusy skunk aroma and taste, inducing a clear and comfortable buzz when smoked",CBD,CBD Hybrid,Indoor: 60 - 100 cm; Outdoor: 80 - 120 cm,"s betweenÂ 60-100cm, going from seed to harvest in as little asÂ 10-12 weeks",,-
North Atlantic Seed Company,https://www.northatlanticseed.com/product/dance-world-f/,"['structured', 'description', 'patterns', 'fallback']",2026-01-10T00:05:27.021189,Feminized,Photoperiod,of two phenotypes of Dancehall with Juanita la Lagrimosa,Feminized Photoperiod,55 - 65 days,s ofÂ 450g/plant,,Royal Queen Seeds,Buy Dance World (F) online from North Atlantic Seed Co. Voted #1 by the ICA Cannabis Awards. Fast shipping & premium genetics.,Dance World F,92.8,Premium,tell a different story,CBD,CBD Hybrid,Indoor: 60 - 100 cm; Outdoor: 80 - 120 cm,s of 120cm and treat cultivators toÂ yields ofÂ 450g/plant,,.
North Atlantic Seed Company,https://www.northatlanticseed.com/product/chocolate-hashberry-cbd-r/,"['structured', 'description', 'patterns', 'fallback']",2026-01-10T00:05:55.165944,Regular,Photoperiod,Chocolate Hashberry x Tonics Web,Regular M/F Photoperiod,55 - 65 days,Indoors: 2.25 lbs per 750w ; Outdoors: 2-5 lbs per plant,,Purple Caper Seeds,Buy Chocolate Hashberry CBD (R) online from North Atlantic Seed Co. Voted #1 by the ICA Cannabis Awards. Fast shipping & premium genetics.,Chocolate Hashberry Cbd R,79.5,High,,CBD,CBD Hybrid,,,,.
North Atlantic Seed Company,https://www.northatlanticseed.com/product/cherry-tonic-web-cbd/,"['structured', 'description', 'patterns', 'fallback']",2026-01-10T00:05:59.044189,Feminized,Photoperiod,Berry Cherry Wine x Tonic's Web,Feminized Photoperiod,55 - 70 Days,! Outdoors these plants are capable of up to 5lbs per plant,,Purple Caper Seeds,Buy Cherry Tonic Web CBD (F) online from North Atlantic Seed Co. Voted #1 by the ICA Cannabis Awards. Fast shipping & premium genetics.,Cherry Tonic Web Cbd,79.5,High,,CBD,CBD Hybrid,,of 12 ft,,
North Atlantic Seed Company,https://www.northatlanticseed.com/product/cherry-tonic-web-cbd-2/,"['structured', 'description', 'patterns', 'fallback']",2026-01-10T00:05:59.284146,Regular,Photoperiod,Berry Cherry Wine x Tonicâ€™s Web,Regular M/F Photoperiod,55 - 70 Days,! Outdoors these plants are capable of up to 5lbs per plant,,Purple Caper Seeds,Buy Cherry Tonic Web CBD (R) online from North Atlantic Seed Co. Voted #1 by the ICA Cannabis Awards. Fast shipping & premium genetics.,Cherry Tonic Web Cbd 2,86.7,Premium,,CBD,CBD Hybrid,Up to 12ft,of 12 ft,,
North Atlantic Seed Company,https://www.northatlanticseed.com/product/charlottes-web-f/,"['structured', 'description', 'patterns', 'fallback']",2026-01-10T00:06:11.447605,Feminized,Photoperiod,Secret Hybrid,Feminized Photoperiod,70 - 80 days,350-400 gr/m2 indoors and 400-450 gr/plant outdoors,,Blimburn Seeds,Buy Charlotteâ€™s Web (F) online from North Atlantic Seed Co. Voted #1 by the ICA Cannabis Awards. Fast shipping & premium genetics.,Charlottes Web F,79.5,High,,CBD,CBD Hybrid,,,,-
North Atlantic Seed Company,https://www.northatlanticseed.com/product/charlottes-cookies-cbd-f/,"['structured', 'description', 'patterns', 'fallback']",2026-01-10T00:06:11.723019,Feminized,Photoperiod,Charlotte's Web x Cookie F2,Feminized Photoperiod,60 - 70 days,,,Purple Caper Seeds,Buy Charlotteâ€™s Cookies CBD (F) online from North Atlantic Seed Co. Voted #1 by the ICA Cannabis Awards. Fast shipping & premium genetics.,Charlottes Cookies Cbd F,72.3,High,,CBD,CBD Hybrid,,,,
North Atlantic Seed Company,https://www.northatlanticseed.com/product/charlottes-angel-cbd/,"['structured', 'description', 'patterns', 'fallback']",2026-01-10T00:06:11.964841,Feminized,Photoperiod,come from Dutch Charlotte (CBD rich clone) crossed with Red Angel (clone-only Amsterdam CBD variety),Feminized Photoperiod,75 - 85 days,,,Dutch Passion,Buy Charlotteâ€™s Angel CBD (F) online from North Atlantic Seed Co. Voted #1 by the ICA Cannabis Awards. Fast shipping & premium genetics.,Charlottes Angel Cbd,78.3,High,"and a calming, anti-anxiety experience",CBD,CBD Hybrid,,,,
North Atlantic Seed Company,https://www.northatlanticseed.com/product/cbd-white-widow-11-auto/,"['structured', 'description', 'patterns', 'fallback']",2026-01-10T00:06:14.363585,Feminized,Autoflower,the many breeders we work with,,60 - 70 days,Indoors: 300-350 gr/mÂ² ; Outdoors: 100-150 gr/plant,"Alpha Terpineol, Beta Caryophyllene, Gamma Terpinene, Humulene",Bulk White Label,Buy CBD White Widow 1:1 Auto online from North Atlantic Seed Co. Voted #1 by the ICA Cannabis Awards. Fast shipping & premium genetics.,Cbd White Widow 11,95.2,Premium,"is balanced and you do not feel high like the White Widow rich in THC, especially for people looking for great sensations without being in the cloud",CBD,,4.92 ft,,,.
North Atlantic Seed Company,https://www.northatlanticseed.com/product/cbd-white-widow-11-f/,"['structured', 'description', 'patterns', 'fallback']",2026-01-10T00:06:14.546848,Feminized,Photoperiod,the many breeders we work with,,56 - 70 days,Indoors: 400 - 500 gr/mÂ²; Outdoors: 500 - 550 gr/plant,"Alpha-Pinene, Beta-Caryophyllene, Caryophyllene, Guaiol, Humulene, Isopulegol, Neryl-acetate",Bulk White Label,Buy CBD White Widow 1:1 (F) online from North Atlantic Seed Co. Voted #1 by the ICA Cannabis Awards. Fast shipping & premium genetics.,Cbd White Widow 11 F,95.2,Premium,is balanced and you do not feel high as CBD White Widow (1:1) is rich in CBD,CBD,,4.92 ft,,,.
North Atlantic Seed Company,https://www.northatlanticseed.com/product/cbd-skunk-haze-f/,"['structured', 'description', 'patterns', 'fallback']",2026-01-10T00:06:14.793976,Feminized,Photoperiod,"in CBD Skunk Haze?
CBD Skunk Haze is the result of the joint project of Dutch Passion and the CBD Crew",Feminized Photoperiod,60 - 70 days,CBD Skunk Haze is suitable for both medical and recreational users,"Spicy, Cedar, Citrus, Pine",Dutch Passion,Buy CBD Skunk Haze (F) online from North Atlantic Seed Co. Voted #1 by the ICA Cannabis Awards. Fast shipping & premium genetics.,Cbd Skunk Haze F,92.8,Premium,without paranoia,CBD,CBD Hybrid,,,-,-
North Atlantic Seed Company,https://www.northatlanticseed.com/product/cbd-og-r/,"['structured', 'description', 'patterns', 'fallback']",2026-01-10T00:06:15.206150,Regular,Photoperiod,of 2012 Cannabis Cup-winning Lion's Tabernacle with another greatÂ Cup WinnerÂ in Tahoe OGÂ Kush,Regular M/F Photoperiod,60 - 70 days,s of 300 gr/m2Â in 9 weeks of flowering but this can easily be exceeded in the right hands,,Clearance,Buy CBD OG (R) online from North Atlantic Seed Co. Voted #1 by the ICA Cannabis Awards. Fast shipping & premium genetics.,Cbd Og R,79.5,High,,CBD,CBD Hybrid,,,,
North Atlantic Seed Company,https://www.northatlanticseed.com/product/cbd-northern-lights-auto/,"['structured', 'description', 'patterns', 'fallback']",2026-01-10T00:06:15.416085,Feminized,Autoflower,the many breeders we work with,,56 - 70 days,Indoors: 400 - 450 gr/mÂ²; Outdoors: 75 - 150 gr/plant,"Alpha-Pinene, Beta-Caryophyllene, Beta-Pinene, Myrcene",Bulk White Label,Buy CBD Northern Lights Auto online from North Atlantic Seed Co. Voted #1 by the ICA Cannabis Awards. Fast shipping & premium genetics.,Cbd Northern Lights,95.2,Premium,"is balanced and you do not feel high like the Northern Lights rich in THC, especially for people looking for great medicinal sensations without being in the cloud",CBD,,4.92 ft,,,.
North Atlantic Seed Company,https://www.northatlanticseed.com/product/cbd-auto-compassion-lime/,"['structured', 'description', 'patterns', 'fallback']",2026-01-10T00:06:16.242718,Feminized,Autoflower,"from the photoperiod CBD CompassionÂ® and our Californian Orange x USA Sour Diesel crossing, known as Daiquiri Lime",Feminized Autoflower,,s,,Dutch Passion,Buy CBD Auto Compassion Lime online from North Atlantic Seed Co. Voted #1 by the ICA Cannabis Awards. Fast shipping & premium genetics.,Cbd Auto Compassion Lime,68.7,High,of high CBD and medium-THC levels create a good medical variety with strong body effects and reduced pyscho-activity compared to typical THC-rich Dutch Passion auto varieties,CBD,CBD Hybrid,,,.,-
North Atlantic Seed Company,https://www.northatlanticseed.com/product/cbd-candyland-f/,"['structured', 'description', 'patterns', 'fallback']",2026-01-10T00:06:16.525773,Feminized,Photoperiod,the many breeders we work with,,60 - 70 days,Indoors: 350 - 400 gr/mÂ²; Outdoors: 400 - 600 gr/plant,"Alpha-Pinene, Beta-Pinene, Caryophyllene, Humulene, Limonene, Linalool, Myrcene",Bulk White Label,Buy CBD Candyland (F) online from North Atlantic Seed Co. Voted #1 by the ICA Cannabis Awards. Fast shipping & premium genetics.,Cbd Candyland F,95.2,Premium,is balanced and you do not feel high as CBD Candyland is rich in CBD,CBD,,4.92 ft,,,.
North Atlantic Seed Company,https://www.northatlanticseed.com/product/cbd-blueberry-116-f/,"['structured', 'description', 'patterns', 'fallback']",2026-01-10T00:06:16.731864,Feminized,Photoperiod,the many breeders we work with,,60 - 70 days,Indoors: 350 - 400 gr/mÂ²; Outdoors: 500 - 600 gr/plant,"Alpha Cedrene, Alpha-Pinene, Alpha-Terpineol, Beta-Caryophyllene, Borneol, Cadinene, Camphene, Citral, Delta-limonene, Eugenol, Farnesene, Fenchol, Humulene, Linalool, Myrcene, Nerolidol, Ocimene, Orange Terpenes, Phytol, Terpinolene",Bulk White Label,Buy CBD Blueberry 1:16 (F) online from North Atlantic Seed Co. Voted #1 by the ICA Cannabis Awards. Fast shipping & premium genetics.,Cbd Blueberry 116 F,95.2,Premium,is balanced and you do not feel high as CBD Blueberry (1:1) is rich in CBD,CBD,,4.92 ft,,,.
North Atlantic Seed Company,https://www.northatlanticseed.com/product/cbd-acdc-f/,"['structured', 'description', 'patterns', 'fallback']",2026-01-10T00:06:16.992283,Feminized,Photoperiod,the many breeders we work with,,60 - 70 days,Indoors: 450 - 500 gr/mÂ² ; Outdoors: 450 - 500 gr/plant,"Alpha Cedrene, Alpha-Pinene, Alpha-Terpineol, Beta-Caryophyllene, Borneol, Cadinene, Camphene, Citral, Delta-limonene, Eugenol, Farnesene, Fenchol, Humulene, Linalool, Myrcene, Nerolidol, Ocimene, Orange Terpenes, Phytol, Terpinolene",Bulk White Label,Buy CBD ACDC 1:18 (F) online from North Atlantic Seed Co. Voted #1 by the ICA Cannabis Awards. Fast shipping & premium genetics.,Cbd Acdc F,89.2,Premium,,CBD,,4.92 ft,,,
North Atlantic Seed Company,https://www.northatlanticseed.com/product/cbd-1-f/,"['structured', 'description', 'patterns', 'fallback']",2026-01-10T00:06:17.203669,Feminized,Photoperiod,Cannatonic S1/ErdPurt x Cannatonic S1,Feminized Photoperiod,50 - 60 days,,"Tangerine, Tropical Fruit, Sweet, Floral, Musky, Pine, Earthy",Ace Seeds,Buy CBD #1 (F) online from North Atlantic Seed Co. Voted #1 by the ICA Cannabis Awards. Fast shipping & premium genetics.,Cbd 1 F,85.5,Premium,", with hardly any psychoactivity (due to its high CBD/very low THC content) and high medicinal value that relieves both physical pain and mental discomfort (stress, anxiety, paranoia)",CBD,CBD Hybrid,,,,.
North Atlantic Seed Company,https://www.northatlanticseed.com/product/blackberry-kush-cbd-auto/,"['structured', 'description', 'patterns', 'fallback']",2026-01-10T00:06:54.751845,Feminized,Autoflower,give a delicious taste and aroma to this CBD seed variety,Feminized Autoflower,85 - 100 days,s are good,"Complex, fruity, earthy/piney kush aroma and taste",Dutch Passion,Buy Blackberry Kush CBD Auto online from North Atlantic Seed Co. Voted #1 by the ICA Cannabis Awards. Fast shipping & premium genetics.,Blackberry Kush Cbd,86.7,Premium,,CBD,CBD Hybrid,,,,
North Atlantic Seed Company,https://www.northatlanticseed.com/product/amnesia-cbd-pure-auto/,"['structured', 'description', 'patterns', 'fallback']",2026-01-10T00:07:29.850393,Feminized,Autoflower,of an Amnesia Autoflowering and an Auto CBD,Feminized Autoflower,75 - 85 days,Indoors: 25 - 75 g/plant; Outdoors: 45 - 150 g/plant,,Humboldt Seed Organization,Buy Amnesia CBD Pure Auto online from North Atlantic Seed Co. Voted #1 by the ICA Cannabis Awards. Fast shipping & premium genetics.,Amnesia Cbd Pure,79.5,High,,CBD,CBD Hybrid,,,,-
North Atlantic Seed Company,https://www.northatlanticseed.com/product/cbd-purple-120-auto/,"['structured', 'description', 'patterns', 'fallback']",2026-01-10T00:06:14.976578,Feminized,Autoflower,the many breeders we work with,,60 - 70 days,Indoors: 250-350 gr/mÂ² ; Outdoors: 400-600 gr/plant,"Beta-Caryophyllene, Limonene, Linalool, Myrcene, Para-Cymene, Terpinolene",Annaboto,Buy CBD Purple 1:20 Auto online from North Atlantic Seed Co. Voted #1 by the ICA Cannabis Awards. Fast shipping & premium genetics.,Cbd Purple 120,95.2,Premium,"is balanced without the high of THC-rich Purple, making it a great choice for those looking for great medicinal sensations without being in the clouds","CBD, Indica Dominant (60%+)",,4.92 ft,,-,-
North Atlantic Seed Company,https://www.northatlanticseed.com/product/zushi-verde-f-ships-late-september/,"['structured', 'description', 'patterns', 'fallback']",2026-01-09T23:58:08.868585,Feminized,Photoperiod,"Berry Verde x Blue Zushi
Type: Hybrid
Seed Type:Â Feminized
Flowering: 8-9 weeks
Yield: High
Characteristics: Exotic and creamy with vibrant berry overtones, subtle citrus, and a smooth â€œZâ€-style finish",,8-9 weeks,"High
Characteristics: Exotic and creamy with vibrant berry overtones, subtle citrus, and a smooth â€œZâ€-style finish","Sweet Berry Candy, Zesty Citrus, Pine, Funky Kush, Earthy Mint",Elev8 Seeds,Buy Zushi Verde (F) online from North Atlantic Seed Co. Voted #1 by the ICA Cannabis Awards. Fast shipping & premium genetics.,Zushi Verde F Ships Late September,88,Premium,"This hybrid offers a smooth, joyful lift that promotes creativity and sociability, quickly mellowing into a calm, joyful high",Hybrid,,,,,
North Atlantic Seed Company,https://www.northatlanticseed.com/product/zushi-supreme-blue-zushi-s1-f-ships-late-september/,"['structured', 'description', 'patterns', 'fallback']",2026-01-09T23:58:09.095672,Feminized,Photoperiod,"Blue Zushi x Blue Zushi
Type: Hybrid
Seed Type:Â Feminized
Flowering: 8-9 weeks
Yield: Medium to High
Characteristics: This is pure Zushi essence â€” dripping with blueberry kush, Z candy, and a hit of spiced gas",,8-9 weeks,"Medium to High
Characteristics: This is pure Zushi essence â€” dripping with blueberry kush, Z candy, and a hit of spiced gas","Creamy Blueberry, Sour Candy, Subtle Kushy Gas",Elev8 Seeds,Buy Zushi Supreme (Blue Zushi S1) (F) online from North Atlantic Seed Co. Voted #1 by the ICA Cannabis Awards. Fast shipping & premium genetics.,Zushi Supreme Blue Zushi S1 F Ships Late September,88,Premium,"Zushi Supreme delivers a happy, clear-headed high that gradually melts into full-body relaxation",Hybrid,,,,,
North Atlantic Seed Company,https://www.northatlanticseed.com/product/zombie-df-f/,"['structured', 'description', 'patterns', 'fallback']",2026-01-09T23:58:11.566304,Feminized,Photoperiod,the many breeders we work with,,55 - 70 Days,when it is fed with all the hours of sunshine outdoors,"Alpha Cedrene, Alpha-bisabolol, Alpha-Pinene, Beta-Caryophyllene, Borneol, Cadinene, Camphene, Citral, Eugenol, Farnesene, Fenchol, Humulene, Myrcene, Ocimene, Terpineol",Bulk White Label,Buy Zombie D.F. (F) online from North Atlantic Seed Co. Voted #1 by the ICA Cannabis Awards. Fast shipping & premium genetics.,Zombie Df F,89.2,Premium,,Hybrid,,4.92 ft,,,
North Atlantic Seed Company,https://www.northatlanticseed.com/product/zoap-f-2/,"['structured', 'description', 'patterns', 'fallback']",2026-01-09T23:58:11.970562,Feminized,Photoperiod,the many breeders we work with,,60 - 70 days,"Indoors: 500 â€“ 550 gr/m2;
Outdoors: 500 â€“ 550 gr/plant","Caryophyllene, Myrcene, Terpineol, Linalool, Humelene, Eucalyptol",Pick and Mix,Buy Zoap (F) online from North Atlantic Seed Co. Voted #1 by the ICA Cannabis Awards. Fast shipping & premium genetics.,Zoap F 2,95.2,Premium,of an indica and the effects of a sativa,Hybrid,,4.92 ft,,24%,
North Atlantic Seed Company,https://www.northatlanticseed.com/product/zoap-f-3/,"['structured', 'description', 'patterns', 'fallback']",2026-01-09T23:58:12.169230,Feminized,Photoperiod,of Pink Guava #16 and Rainbow Sherbet in a balanced ratio (50/50),,65 - 75 days,s up to 600g/mÂ²Â under optimal conditions,"Sweet Citrus, Fruity, Earthy, Floral",Barney's Farm,Buy Zoap (F) online from North Atlantic Seed Co. Voted #1 by the ICA Cannabis Awards. Fast shipping & premium genetics.,Zoap F 3,95.2,Premium,manifest through distinct phases of experience,Hybrid,,"Indoor: 120 cm
Outdoor: 200 cm","s of 120cm, producing substantial yields up to 600g/mÂ²Â under optimal conditions",,
North Atlantic Seed Company,https://www.northatlanticseed.com/product/zoap-f/,"['structured', 'description', 'patterns', 'fallback']",2026-01-09T23:58:12.358839,Feminized,Photoperiod,between Rainbow Sherbet x Pink Guava,"Feminized Photoperiod, Hybrid Feminized, Hybrid Photoperiod",56 - 70 days,Medium,"Caryophyllene, Limonene, Linalool",Blimburn Seeds,Buy Zoap (F) online from North Atlantic Seed Co. Voted #1 by the ICA Cannabis Awards. Fast shipping & premium genetics.,Zoap F,92.8,Premium,ZoapÂ gives off an amazing terpene profile,Hybrid,,,,.,
North Atlantic Seed Company,https://www.northatlanticseed.com/product/zillions-f/,"['structured', 'description', 'patterns', 'fallback']",2026-01-09T23:58:13.404382,Feminized,Photoperiod,Original Z X Lemon Cherry Gelato,,60 - 70 days,s,"Citrus Peel, Berries",Barney's Farm,Buy Zillions (F) online from North Atlantic Seed Co. Voted #1 by the ICA Cannabis Awards. Fast shipping & premium genetics.,Zillions F,88,Premium,"profile makes Zillions ideal for artistic endeavors, social gatherings, and unwinding after a long day",Hybrid,,"Indoor: 100-120cm
Outdoor: 150-180cm",", both indoors and outdoors, so light trimming is required to maintain airflow",.,
North Atlantic Seed Company,https://www.northatlanticseed.com/product/original-z-og-auto/,"['structured', 'description', 'patterns', 'fallback']",2026-01-09T23:58:16.831072,Feminized,Autoflower,Original Z Strain x OG Kush x BF Super Auto #1,,70 - 80 days,of up to 550-650g/mÂ²,"Sweet Tropical Earth, Fruity, Berry, Skunky Lemon",Barney's Farm,Buy Original Z OG Auto online from North Atlantic Seed Co. Voted #1 by the ICA Cannabis Awards. Fast shipping & premium genetics.,Original Z Og,89.2,Premium,s,Hybrid,,Indoors: 80-100cm; Outdoors: 100-130cm,80-100cm,,
North Atlantic Seed Company,https://www.northatlanticseed.com/product/wonder-pie/,"['structured', 'description', 'patterns', 'fallback']",2026-01-09T23:58:20.815910,Feminized,Photoperiod,ing Wedding Cake with a special selection of OG Kush plants,"Feminized Photoperiod, Hybrid Feminized, Hybrid Photoperiod",60 - 70 days,possible from Wonder Pie it is recommended to top and train it whether growingÂ indoorsÂ orÂ outdoors,"Fruity, Fuel, Sweet",Greenhouse Seed Co.,Buy Wonder Pie (F) online from North Atlantic Seed Co. Voted #1 by the ICA Cannabis Awards. Fast shipping & premium genetics.,Wonder Pie,92.8,Premium,and is therefore suitable for both day-time and night-time consumption,Hybrid,,,during the flowering phase,,
North Atlantic Seed Company,https://www.northatlanticseed.com/product/witchers-creek-auto/,"['structured', 'description', 'patterns', 'fallback']",2026-01-09T23:58:21.368942,Feminized,Autoflower,was Bobby's Swirled ( Crinkled Cookies x Bobby's Widow),"Hybrid Autoflower, Feminized Autoflower",,,,Gnome Automatics,Buy Witcherâ€™s Creek Auto online from North Atlantic Seed Co. Voted #1 by the ICA Cannabis Awards. Fast shipping & premium genetics.,Witchers Creek,62.7,High,,Hybrid,,,,,
North Atlantic Seed Company,https://www.northatlanticseed.com/product/wild-flower-f/,"['structured', 'description', 'patterns', 'fallback']",2026-01-09T23:58:21.784053,Feminized,Photoperiod,Midori Sour x Lazer Wolf,,56 - 70 days,,,Ziplock Seeds,Buy Wild Flower (F) online from North Atlantic Seed Co. Voted #1 by the ICA Cannabis Awards. Fast shipping & premium genetics.,Wild Flower F,74.7,High,,Hybrid,,Medium,,,
North Atlantic Seed Company,https://www.northatlanticseed.com/product/wild-fire-f-limited/,"['structured', 'description', 'patterns', 'fallback']",2026-01-09T23:58:21.962685,Feminized,Photoperiod,"> WILD FIRE (33RD DEGREE x SLURRICANE #23)

Lineage: 33rd degree Ã— Slurricane #23

Flowering Time: 65â€“70 days

Stretch: Strong

Height: Tall

Yield: Mediumâ€“High

Grow Tips: Requires topping and support; strong OG aroma",,,"Mediumâ€“High

Grow Tips: Requires topping and support; strong OG aroma",,In House Genetics,Buy Wild Fire (F) [LIMITED] online from North Atlantic Seed Co. Voted #1 by the ICA Cannabis Awards. Fast shipping & premium genetics.,Wild Fire F Limited,72.3,High,s,Hybrid,,Tall,"Tall

Yield: Mediumâ€“High

Grow Tips: Requires topping and support; strong OG aroma",,
North Atlantic Seed Company,https://www.northatlanticseed.com/product/new-wifi-og-f/,"['structured', 'description', 'patterns', 'fallback']",2026-01-09T23:58:22.175600,Feminized,Photoperiod,ing Fire OG x The White,"Feminized Photoperiod, Hybrid Feminized, Hybrid Photoperiod",56 - 70 days,"Indoor; 1.64 â€“ 2.16 oz/ftÂ², 500 â€“ 660 gr/mÂ²; Outdoor; 21 â€“ 28 oz/plant, 600 â€“ 800 gr/plant","Alpha Cedrene, Alpha-Pinene, Alpha-Terpineol, Borneol, Camphene, Citral, Delta-limonene, Eugenol, Fenchol, Linalool, Nerolidol, Orange Terpenes, Phytol, Terpinolene",Blimburn Seeds,Buy Wifi OG (F) online from North Atlantic Seed Co. Voted #1 by the ICA Cannabis Awards. Fast shipping & premium genetics.,New Wifi Og F,100,Premium,Wifi OG Hybrid gives off an amazing terpene profile,Hybrid,,"3.94 ft, 1.2 m",,,
North Atlantic Seed Company,https://www.northatlanticseed.com/product/white-widow-auto-6/,"['structured', 'description', 'patterns', 'fallback']",2026-01-09T23:58:23.941286,Feminized,Autoflower,White Widow x White Widow,,65 - 75 days,Above Average,"Cake, Cookie, Candy",Atlas Seed,Buy White Widow Auto [SPRING 2025 DROP] online from North Atlantic Seed Co. Voted #1 by the ICA Cannabis Awards. Fast shipping & premium genetics.,White Widow Auto 6,81.9,Premium,,Hybrid,,,,,
North Atlantic Seed Company,https://www.northatlanticseed.com/product/white-widow-f-2/,"['structured', 'description', 'patterns', 'fallback']",2026-01-09T23:58:24.762742,Feminized,Photoperiod,in a next-gen experience that you wonâ€™t soon forget,"Feminized Photoperiod, Hybrid Feminized, Hybrid Photoperiod",56 - 70 days,"s And Manageable Growth
OurÂ White WidowÂ feminized grows to about 1m tall indoors, reaching up to 2m outside","Myrcene, Pinene, and Caryophyllene",Royal Queen Seeds,Buy White Widow (F) online from North Atlantic Seed Co. Voted #1 by the ICA Cannabis Awards. Fast shipping & premium genetics.,White Widow F 2,100,Premium,"from smokingÂ White Widow are consistent with that of the best sativa-dominant plants, offering users a stellar, almost psychedelic high",Hybrid,50% Indica / 50% Sativa,Indoor: 60 - 100 cm; Outdoor: 150 - 190 cm,,,
North Atlantic Seed Company,https://www.northatlanticseed.com/product/white-widow-f-3/,"['structured', 'description', 'patterns', 'fallback']",2026-01-09T23:58:25.812417,Feminized,Photoperiod,"> WHITE WIDOW (BRAZILIAN SATIVA LANDRACE X SOUTH INDIAN INDICA)

Most consumers seek the uplifting, rejuvenating impact",,55 - 65 days,s,"Myrcene, Caryophyllene, Humulene, Alpha-pinene",DNA Genetics,Buy White Widow (F) online from North Atlantic Seed Co. Voted #1 by the ICA Cannabis Awards. Fast shipping & premium genetics.,White Widow F 3,81.9,Premium,,Hybrid,,3 Feet Tall,,.,
North Atlantic Seed Company,https://www.northatlanticseed.com/product/wasabi-lemonade-f-ships-mid-september/,"['structured', 'description', 'patterns', 'fallback']",2026-01-09T23:58:34.258427,Feminized,Photoperiod,"Lemon Tree x Blue Zushi
Type: Hybrid
Seed Type:Â Feminized
Flowering: 8-9 weeks
Yield: High
Characteristics: A zesty blast of sour lemon peel, creamy Z funk, and a nose-tingling edge of gas â€” just like the name suggests",,8-9 weeks,"High
Characteristics: A zesty blast of sour lemon peel, creamy Z funk, and a nose-tingling edge of gas â€” just like the name suggests","Bold Citrus, Sweet, Fruity Undertones with a Gassy Backend",Elev8 Seeds,Buy Wasabi Lemonade (F) online from North Atlantic Seed Co. Voted #1 by the ICA Cannabis Awards. Fast shipping & premium genetics.,Wasabi Lemonade F Ships Mid September,88,Premium,"Wasabi Lemonade provides a well-rounded high: joyful and uplifting at first, melting into a relaxed, calm body buzz",Hybrid,,,,,
North Atlantic Seed Company,https://www.northatlanticseed.com/product/new-violeta-r/,"['structured', 'description', 'patterns', 'fallback']",2026-01-09T23:58:35.306422,Regular,Photoperiod,"ing 2 purple strains: the mother is the Purple Malawi, a very special expression of purple african sativa, that was pollinated by the best and most colorful Pakistan Chitral Kush indica parental plants","Hybrid Photoperiod, Hybrid Regular M/F Photoperiod, Regular M/F Photoperiod",55 - 65 days,Average - High,Balsamic and fruity,Ace Seeds,Buy Violeta (R) online from North Atlantic Seed Co. Voted #1 by the ICA Cannabis Awards. Fast shipping & premium genetics.,New Violeta R,92.8,Premium,makes her a favorite choice for all kind of growers and gardens,Hybrid,60% Indica / 40% Sativa,,,,
North Atlantic Seed Company,https://www.northatlanticseed.com/product/new-violeta-f/,"['structured', 'description', 'patterns', 'fallback']",2026-01-09T23:58:35.503384,Feminized,Photoperiod,"ing 2 purple strains: the mother is the Purple Malawi, a very special expression of purple african sativa, that was pollinated by the best and more colorful Pakistan Chitral Kush indica parental plants","Feminized Photoperiod, Hybrid Feminized, Hybrid Photoperiod","55 - 65 days, Outdoor: Late September to Early October",,"Balsamic, Forest Fruits",Ace Seeds,Buy Violeta (F) online from North Atlantic Seed Co. Voted #1 by the ICA Cannabis Awards. Fast shipping & premium genetics.,New Violeta F,85.5,Premium,makes her a favourite choice for all kind of growers and gardens,Hybrid,60% Indica / 40% Sativa,,,,
North Atlantic Seed Company,https://www.northatlanticseed.com/product/vegas-snow-auto/,"['structured', 'description', 'patterns', 'fallback']",2026-01-09T23:58:36.704177,Feminized,Autoflower,"of the immensely resinous Tyrone Stomper F7 and the heavy hitting Blue Power Auto F3, resulting in a cultivar thatâ€™s has incredible flavor, effects, and bag appeal",,70 - 80 days,2 - 4 ounces average,Sweet berry-gas,Night Owl Seeds,Buy Vegas Snow Auto online from North Atlantic Seed Co. Voted #1 by the ICA Cannabis Awards. Fast shipping & premium genetics.,Vegas Snow,88,Premium,", and bag appeal",Hybrid,,,,,
North Atlantic Seed Company,https://www.northatlanticseed.com/product/illuminauto-69-vaders-musk-f/,"['structured', 'description', 'patterns', 'fallback']",2026-01-09T23:58:39.238945,Feminized,Autoflower,"> ILLUMINAUTO #69 VADER'S MUSK (LIVERS BX1 X GRAPE WALKER KUSH)

Â 

Feminized Autoflowering",,,,,Mephisto Genetics Autos,Buy Illuminauto #69 Vaderâ€™s Musk Auto online from North Atlantic Seed Co. Voted #1 by the ICA Cannabis Awards. Fast shipping & premium genetics.,Illuminauto 69 Vaders Musk F,57.8,Medium,,Hybrid,,,,,
North Atlantic Seed Company,https://www.northatlanticseed.com/product/new-vacation-bubba-auto/,"['structured', 'description', 'patterns', 'fallback']",2026-01-09T23:58:39.413373,Feminized,Autoflower,"the board are a lovely hybrid, aiding in mental stimulation, clarity, and focus while providing a sense of physical soothing without weighing you down","Hybrid Autoflower, Feminized Autoflower",75 - 85 days from sprout,s of top shelf herb,,Night Owl Seeds,Buy Vacation Bubba Auto online from North Atlantic Seed Co. Voted #1 by the ICA Cannabis Awards. Fast shipping & premium genetics.,New Vacation Bubba,85.5,Premium,"across the board are a lovely hybrid, aiding in mental stimulation, clarity, and focus while providing a sense of physical soothing without weighing you down",Hybrid,50% Indica / 50% Sativa,,,,
North Atlantic Seed Company,https://www.northatlanticseed.com/product/u-f-o-g-f/,"['structured', 'description', 'patterns', 'fallback']",2026-01-09T23:58:42.309198,Feminized,Photoperiod,Alien O.G x star killer x skywalker kush,"Feminized Photoperiod, Hybrid Feminized, Hybrid Photoperiod",65 - 75 days,500-550gr/m2 indoor / 550-700 gr/ plant outdoor,Alpha Cedrene / Alpha Terpineol / Borneol / Camphene / Citral / D-Limonene / Eugenol / Fenchol / Linalool / Nerolidol / Orange Terpenes / Phytol / Terpinolene / Alpha Pinene / Beta Caryophyllene / Cadinene / Eugenol / Farnesene / Humulene / Myrcene,Supernatural Seeds,Buy U.F.O.G (F) online from North Atlantic Seed Co. Voted #1 by the ICA Cannabis Awards. Fast shipping & premium genetics.,U F O G F,92.8,Premium,", you'll experience a powerful, euphoric, and relaxed sensation like never before",Hybrid,,,,,
North Atlantic Seed Company,https://www.northatlanticseed.com/product/turtle-taffy-auto/,"['structured', 'description', 'patterns', 'fallback']",2026-01-09T23:58:42.718155,Feminized,Autoflower,"ed with our master donor auto cotton candy, sugary diesel funk terps",,75 - 85 days,Average,"Î²-Caryophyllene, Î²-Myrcene, Î²-Pinene, Î±-Humulene, D-Limonene, Linalool, Î±-Pinene",Atlas Seed,Buy Turtle Taffy Auto online from North Atlantic Seed Co. Voted #1 by the ICA Cannabis Awards. Fast shipping & premium genetics.,Turtle Taffy,81.9,Premium,,Hybrid,,,,,
North Atlantic Seed Company,https://www.northatlanticseed.com/product/tsunami-f-limited/,"['structured', 'description', 'patterns', 'fallback']",2026-01-09T23:58:43.094404,Feminized,Photoperiod,> TSUNAMI (SLURRICANE #2 x SLURRICANE #23) Lineage: Slurricane #2 x slurricane #23 Flowering Time: 65â€“70 days Stretch: Strong Height: Tall Yield: Mediumâ€“High Grow Tips: Tall structure benefits from topping and canopy management,,,Mediumâ€“High Grow Tips: Tall structure benefits from topping and canopy management,,In House Genetics,Buy Tsunami (F) [LIMITED] online from North Atlantic Seed Co. Voted #1 by the ICA Cannabis Awards. Fast shipping & premium genetics.,Tsunami F Limited,72.3,High,s,Hybrid,,Tall,Tall Yield: Mediumâ€“High Grow Tips: Tall structure benefits from topping and canopy management,,
North Atlantic Seed Company,https://www.northatlanticseed.com/product/truffle-butter-fem/,"['structured', 'description', 'patterns', 'fallback']",2026-01-09T23:58:43.696755,Feminized,Photoperiod,,"Feminized Photoperiod, Hybrid Feminized, Hybrid Photoperiod",50 - 60 days,,,Purple Caper Seeds,Buy Truffle Butter (F) online from North Atlantic Seed Co. Voted #1 by the ICA Cannabis Awards. Fast shipping & premium genetics.,Truffle Butter Fem,62.7,High,,Hybrid,,,,,
North Atlantic Seed Company,https://www.northatlanticseed.com/product/tropicalicious/,"['structured', 'description', 'patterns', 'fallback']",2026-01-09T23:58:47.149774,Feminized,Photoperiod,between Tropicana Cookies and the mysterious Project 4516,"Feminized Photoperiod, Hybrid Feminized, Hybrid Photoperiod",55 - 65 days,er,,Elev8 Seeds,Buy Tropicalicious (F) online from North Atlantic Seed Co. Voted #1 by the ICA Cannabis Awards. Fast shipping & premium genetics.,Tropicalicious,72.3,High,,Hybrid,,,,,
North Atlantic Seed Company,https://www.northatlanticseed.com/product/trainwreck-auto/,"['structured', 'description', 'patterns', 'fallback']",2026-01-09T23:58:51.722577,Feminized,Autoflower,the many breeders we work with,,60 - 70 days from sprout,when it is fed with all the hours of sunshine outdoors,"Alpha Pinene, Beta Caryophyllene, Beta Pinene, Myrcene",Pick and Mix,Buy Trainwreck Auto online from North Atlantic Seed Co. Voted #1 by the ICA Cannabis Awards. Fast shipping & premium genetics.,Trainwreck,95.2,Premium,while a balanced experience enjoying the effects of an indica and the effects of a sativa,Hybrid,,4.92 ft,,,
North Atlantic Seed Company,https://www.northatlanticseed.com/product/original-trainwreck-auto/,"['structured', 'description', 'patterns', 'fallback']",2026-01-09T23:58:51.973252,Feminized,Autoflower,Trainwreck Auto,,63 days,ing 550gr/m2 without needing much maintenance or extra effort,"Sweet Lemon, Pine, Peppery",Fast Buds,Buy Original Trainwreck Auto online from North Atlantic Seed Co. Voted #1 by the ICA Cannabis Awards. Fast shipping & premium genetics.,Original Trainwreck,95.2,Premium,that may not seem too potent at first but slowly creeps up on you and get you high as a kite for hours,Hybrid,,27 â€“ 47 inches,,,
North Atlantic Seed Company,https://www.northatlanticseed.com/product/trainwreck/,"['structured', 'description', 'patterns', 'fallback']",2026-01-09T23:58:53.007295,Feminized,Photoperiod,"Original clone from Arcata, CA. Reversed 100% feminized","Feminized Photoperiod, Hybrid Feminized, Hybrid Photoperiod",50 - 60 days,s,,Greenhouse Seed Co.,Buy Trainwreck (F) online from North Atlantic Seed Co. Voted #1 by the ICA Cannabis Awards. Fast shipping & premium genetics.,Trainwreck,78.3,High,"is very stimulating and creative at first but this quite quickly evolves into a heavy, powerful stone that is intense and long-lasting",Hybrid,,,,,
North Atlantic Seed Company,https://www.northatlanticseed.com/product/top-gun-auto/,"['structured', 'description', 'patterns', 'fallback']",2026-01-09T23:58:53.847498,Feminized,Autoflower,"of our master donor for mold resistance and our quick finishing auto Cotton Candy, Top Gun is an auto that finishes so fast it will help you outmaneuver botrytis and volatile markets",,60 - 70 days,s,Myrcene 10.816 mg/g Limonene 2.267 mg/g Î²-Caryophyllene 2.247 mg/g,Atlas Seed,Buy Top Gun Auto online from North Atlantic Seed Co. Voted #1 by the ICA Cannabis Awards. Fast shipping & premium genetics.,Top Gun,74.7,High,,Hybrid,,,,,
North Atlantic Seed Company,https://www.northatlanticseed.com/product/tiki-royal-gelato-f/,"['structured', 'description', 'patterns', 'fallback']",2026-01-09T23:58:56.302775,Feminized,Photoperiod,Gelato 33 x Gelato 41 Bx,,55 - 65 days,Massive,,Tiki Madman,Buy Tiki Royal Gelato (F) online from North Atlantic Seed Co. Voted #1 by the ICA Cannabis Awards. Fast shipping & premium genetics.,Tiki Royal Gelato F,74.7,High,,Hybrid,,,,,
North Atlantic Seed Company,https://www.northatlanticseed.com/product/the-rapture-r/,"['structured', 'description', 'patterns', 'fallback']",2026-01-09T23:58:59.584587,Regular,Photoperiod,"Death Star Ã— Jesus OG

Flowering Time: 9 Weeks

Indica/Sativa: Hybrid (Balanced Sativa-Leaning)

Height: Mediumâ€“Tall",,63 days,"Dense, trichome-soaked buds with a loud, complex aroma

Taste: Diesel â€¢ Citrus â€¢ Spicy Earth

Best Way to Grow: Thrives with topping and super-cropping to control vertical growth and enhance lateral branching","Loud, Skunky gas, Spiced Earth, Funky Citrus Twist",Subcool Seeds,Buy The Rapture (R) online from North Atlantic Seed Co. Voted #1 by the ICA Cannabis Awards. Fast shipping & premium genetics.,The Rapture R,89.2,Premium,,Hybrid,,Medium-Tall,Mediumâ€“Tall,,
North Atlantic Seed Company,https://www.northatlanticseed.com/product/tangerine-sinmint-r/,"['structured', 'description', 'patterns', 'fallback']",2026-01-09T23:59:06.007312,Regular,Photoperiod,Tangerine Power x SinMint Cookies,"Hybrid Photoperiod, Hybrid Regular M/F Photoperiod, Regular M/F Photoperiod",55 - 65 days,500-700g per square meter,,Sin City Seeds,Buy Tangerine SinMint (R) online from North Atlantic Seed Co. Voted #1 by the ICA Cannabis Awards. Fast shipping & premium genetics.,Tangerine Sinmint R,79.5,High,,Hybrid,40% Indica / 60% Sativa,,,,
North Atlantic Seed Company,https://www.northatlanticseed.com/product/tan-line/,"['structured', 'description', 'patterns', 'fallback']",2026-01-09T23:59:07.911738,Regular,Photoperiod,Sunshine 4 x Titty Sprinkles,"Hybrid Photoperiod, Regular M/F Photoperiod",55 - 65 days,Medium to Heavy,,Secret Society Seed Co.,Buy Tan Line (R) online from North Atlantic Seed Co. Voted #1 by the ICA Cannabis Awards. Fast shipping & premium genetics.,Tan Line,79.5,High,,Hybrid,,,,,
North Atlantic Seed Company,https://www.northatlanticseed.com/product/tahoe-og/,"['structured', 'description', 'patterns', 'fallback']",2026-01-09T23:59:08.525556,Feminized,Photoperiod,"ed her out with the SFV OG IBL, this is our F7 male that is now crossed into and become our male/female regular seeds","Feminized Photoperiod, Hybrid Feminized, Hybrid Photoperiod",60 - 70 days,ing nugs,,The Cali Connection,Buy Tahoe OG Kush (F) online from North Atlantic Seed Co. Voted #1 by the ICA Cannabis Awards. Fast shipping & premium genetics.,Tahoe Og,79.5,High,,Hybrid,,,,,
North Atlantic Seed Company,https://www.northatlanticseed.com/product/supernova-auto/,"['structured', 'description', 'patterns', 'fallback']",2026-01-09T23:59:14.322558,Feminized,Autoflower,Big bud auto x power plant x OG Kush,"Hybrid Autoflower, Feminized Autoflower",55 - 65 days from sprout,"of up to 600 g/mÂ² indoors and 200g per plant outdoors, making it an ideal choice for both novice and experienced growers looking for high yields",,Supernatural Seeds,Buy Supernova Auto online from North Atlantic Seed Co. Voted #1 by the ICA Cannabis Awards. Fast shipping & premium genetics.,Supernova,79.5,High,,Hybrid,80% Indica / 20% Sativa,,,,
North Atlantic Seed Company,https://www.northatlanticseed.com/product/super-lemon-haze-auto/,"['structured', 'description', 'patterns', 'fallback']",2026-01-09T23:59:17.392075,Feminized,Autoflower,enables this high quality strain to be available inÂ automaticÂ form,"Hybrid Autoflower, Hybrid Feminized",50 - 60 days,"s of up to 500 gr/m,sup>2 can be obtained with 18 hours of light per day",Citrus,Greenhouse Seed Co.,Buy Super Lemon Haze Auto online from North Atlantic Seed Co. Voted #1 by the ICA Cannabis Awards. Fast shipping & premium genetics.,Super Lemon Haze,92.8,Premium,"just as its photo-period version does; it hits fast but with a light body-stone and a very clear, cerebral, uplifting high",Hybrid,,,of 80 - 100 cm,,
North Atlantic Seed Company,https://www.northatlanticseed.com/product/super-boof-f/,"['structured', 'description', 'patterns', 'fallback']",2026-01-09T23:59:19.942608,Feminized,Photoperiod,of Black Cherry Punch with Tropicana Cookies in a balanced ratio (50/50),,56 - 70 days,prediction and optimization,"Orange, Tropical Fruits, Sweet",Barney's Farm,Buy Super Boof (F) online from North Atlantic Seed Co. Voted #1 by the ICA Cannabis Awards. Fast shipping & premium genetics.,Super Boof F,95.2,Premium,manifest through three distinct phases of experience,Hybrid,,"Indoor: 100-120 cm
Outdoor: 150-180 cm","s between 100 and 120cm, producing yields up to 500g/mÂ²Â under optimal conditions",,
North Atlantic Seed Company,https://www.northatlanticseed.com/product/super-belts-f/,"['structured', 'description', 'patterns', 'fallback']",2026-01-09T23:59:20.209249,Feminized,Photoperiod,> SUPER BELTS (RAINBOW BELTS 3,,55 - 65 days,66.78 g / sq. ft.,"Limonene, Caryophyllene, Linalool",Happy Valley Genetics,Buy Super Belts (F) online from North Atlantic Seed Co. Voted #1 by the ICA Cannabis Awards. Fast shipping & premium genetics.,Super Belts F,89.2,Premium,,Hybrid,,Medium,,,
North Atlantic Seed Company,https://www.northatlanticseed.com/product/super-banana-runtz-f/,"['structured', 'description', 'patterns', 'fallback']",2026-01-09T23:59:20.379752,Feminized,Photoperiod,Red Runtz S3 #2 x Red Pop S3 #4,,65 - 75 days,High,"Banana, Hard Candy, Gas",Atlas Seed,Buy Super Banana Runtz (F) online from North Atlantic Seed Co. Voted #1 by the ICA Cannabis Awards. Fast shipping & premium genetics.,Super Banana Runtz F,81.9,Premium,,Hybrid,,,,,
North Atlantic Seed Company,https://www.northatlanticseed.com/product/sundae-driver/,"['structured', 'description', 'patterns', 'fallback']",2026-01-09T23:59:21.464855,Feminized,Photoperiod,", plenty of THC, and a dollop of super-fruity terpenes","Feminized Photoperiod, Hybrid Feminized, Hybrid Photoperiod","65 - 75 days, Outdoor: Early to Mid October","s, and high concentrations of terpenes and THC",,Royal Queen Seeds,Buy Sundae DriverÂ (F) online from North Atlantic Seed Co. Voted #1 by the ICA Cannabis Awards. Fast shipping & premium genetics.,Sundae Driver,86.7,Premium,s,Hybrid,50% Indica / 50% Sativa,Indoor: 90 â€“ 140 cm; Outdoor: 130 - 170 cm,,.,
North Atlantic Seed Company,https://www.northatlanticseed.com/product/sugar-tree-f/,"['structured', 'description', 'patterns', 'fallback']",2026-01-09T23:59:22.446120,Feminized,Photoperiod,"> SUGAR TREE (LEMON TREE X SUGAR CANE)

Lineage: Sugar Cane Ã— Platinum

Flowering Time: 60â€“65 days

Stretch: Moderate

Height: Medium

Yield: Mediumâ€“High

Grow Tips: Responds well to topping",,60 - 70 days,"Mediumâ€“High

Grow Tips: Responds well to topping",,In House Genetics,Buy Sugar Tree (F) online from North Atlantic Seed Co. Voted #1 by the ICA Cannabis Awards. Fast shipping & premium genetics.,Sugar Tree F,81.9,Premium,,Hybrid,,Medium,"Medium

Yield: Mediumâ€“High

Grow Tips: Responds well to topping",,
North Atlantic Seed Company,https://www.northatlanticseed.com/product/sugar-cane-v2-BX1-f/,"['structured', 'description', 'patterns', 'fallback']",2026-01-09T23:59:24.177266,Feminized,Photoperiod,"> SUGAR CANE V2 BX1 (SUGAR CANE V2 X SLURRICANE #44)

Lineage: Sugar Cane v2 crossed back to Slurricane #44 (BX1)

Type: Indica-leaning hybrid

Flowering Time: 8â€“9 weeks

Stretch: Medium

Yield: High, with heavy top colas

Potency: 29â€“33% THC

Description:
Sugar Cane v2 BX1 refines the line, locking in frosty resin production and candy-sweet flavors with a loud gas kick",,56 - 70 days,"High, with heavy top colas

Potency: 29â€“33% THC

Description:
Sugar Cane v2 BX1 refines the line, locking in frosty resin production and candy-sweet flavors with a loud gas kick","Sugar Coated Grape, Vanilla Cream, Lingering Fuel",In House Genetics,Buy Sugar Cane v2 Bx1 (F) online from North Atlantic Seed Co. Voted #1 by the ICA Cannabis Awards. Fast shipping & premium genetics.,Sugar Cane V2 Bx1 F,81.9,Premium,,Hybrid,,,,,
North Atlantic Seed Company,https://www.northatlanticseed.com/product/subcool-og-r/,"['structured', 'description', 'patterns', 'fallback']",2026-01-09T23:59:24.874406,Regular,Photoperiod,"WiFi #3 (OG Raskal, Clone-Only) x Jesus OG

Flowering Time: 8-10 weeks

Indica/Sativa: Hybrid(Indica-Leaning)

Height: Medium to tall with Xmas tree structure with strong apical dominance

Phenotypes: Dense, resin-drenched colas with a sharp OG nose; expressions range from lemon-fuel dominant to earthy citrus/cherry/gas blends

High Type: Potent / Relaxing / Happy â€” heavy but clear-headed, perfect for evening use or winding down creatively

Yield: Medium-High â€” thick colas with excellent trichome coverage and above-average returns in solventless and BHO extraction

Taste: Gas / Citrus / Earthyâ€” sharp OG funk with sweet undertones and a zesty exhale

Best Way to Grow: Responds well to topping and LST; strong frame supports weighty buds, but netting is Â recommended late flower",,56 - 70 days,"Medium-High â€” thick colas with excellent trichome coverage and above-average returns in solventless and BHO extraction

Taste: Gas / Citrus / Earthyâ€” sharp OG funk with sweet undertones and a zesty exhale

Best Way to Grow: Responds well to topping and LST; strong frame supports weighty buds, but netting is Â recommended late flower",,Subcool Seeds,Buy Subcool OG (R) online from North Atlantic Seed Co. Voted #1 by the ICA Cannabis Awards. Fast shipping & premium genetics.,Subcool Og R,81.9,Premium,,Hybrid,,Medium-Tall,"Medium to tall with Xmas tree structure with strong apical dominance

Phenotypes: Dense, resin-drenched colas with a sharp OG nose; expressions range from lemon-fuel dominant to earthy citrus/cherry/gas blends

High Type: Potent / Relaxing / Happy â€” heavy but clear-headed, perfect for evening use or winding down creatively

Yield: Medium-High â€” thick colas with excellent trichome coverage and above-average returns in solventless and BHO extraction

Taste: Gas / Citrus / Earthyâ€” sharp OG funk with sweet undertones and a zesty exhale

Best Way to Grow: Responds well to topping and LST; strong frame supports weighty buds, but netting is Â recommended late flower",,
North Atlantic Seed Company,https://www.northatlanticseed.com/product/strawberry-frosty-f/,"['structured', 'description', 'patterns', 'fallback']",2026-01-09T23:59:31.377153,Feminized,Photoperiod,"& Breeding
Strawberry Frosty combines the modern dessert appeal of Ice Berry Gelato-Runtz with Strawberry Yum Yum",,56 - 70 days,"s: Large, but premium quality with connoisseur-grade bag appeal
Height: 3 to 4 feetÂ 

Feminized Photoperiod","Sweet Strawberry Gelato Cream, Berry Candy, Frosty Fuel",Mosca Seeds,Buy Strawberry Frosty (F) online from North Atlantic Seed Co. Voted #1 by the ICA Cannabis Awards. Fast shipping & premium genetics.,Strawberry Frosty F,95.2,Premium,"A true balanced hybrid: uplifting, creative, and joyful, upfront, tapering into a relaxing but functional body buzz",Hybrid,,3-4 ft,"3 to 4 feetÂ 

Feminized Photoperiod",,
North Atlantic Seed Company,https://www.northatlanticseed.com/product/strawberry-black-r/,"['structured', 'description', 'patterns', 'fallback']",2026-01-09T23:59:34.154707,Regular,Photoperiod,Strawberry Diesel x (UW Black x Goldstar),,8-9 weeks,,"Citrus, strong sour lemon, earthy, spicy, floral, pine.",Deadpanhead Seeds,Buy Strawberry Black (R) online from North Atlantic Seed Co. Voted #1 by the ICA Cannabis Awards. Fast shipping & premium genetics.,Strawberry Black R,74.7,High,,Hybrid,,,,2%,
North Atlantic Seed Company,https://www.northatlanticseed.com/product/new-strawberry-banana-og-f/,"['structured', 'description', 'patterns', 'fallback']",2026-01-09T23:59:34.930692,Feminized,Photoperiod,Strawberry Banana x OGâ€Xâ€,"Feminized Photoperiod, Hybrid Feminized, Hybrid Photoperiod",,"s well indoors, and Greenhouse, Will grow a 10 ft Christmas Tree Outdoors!

FeminizedÂ Photoperiod","Sweet, fruity, with Fuel finish",Purple Caper Seeds,Buy Strawberry Banana OG (F) online from North Atlantic Seed Co. Voted #1 by the ICA Cannabis Awards. Fast shipping & premium genetics.,New Strawberry Banana Og F,83.1,Premium,that sharpen creativity and sensory awareness,Hybrid,,,,,
North Atlantic Seed Company,https://www.northatlanticseed.com/product/sticky-mango-auto/,"['structured', 'description', 'patterns', 'fallback']",2026-01-09T23:59:38.133438,Feminized,Autoflower,"ing our resinous Indica Gorilla Gas auto, withÂ wonderfully potent sativas which have particularly pronounced tropical terpene profiles, this produced an astounding aromatic variety covered in juicy trichomes","Hybrid Autoflower, Hybrid Feminized, Feminized Autoflower",60 - 70 days from sprout,Indoor Yield 400-450 gr/m2 Outdoor Yield 500-600 gr/plant,,Tastebudz,Buy Sticky Mango Auto online from North Atlantic Seed Co. Voted #1 by the ICA Cannabis Awards. Fast shipping & premium genetics.,Sticky Mango,79.5,High,,Hybrid,,,,,
North Atlantic Seed Company,https://www.northatlanticseed.com/product/sticky-duk-r/,"['structured', 'description', 'patterns', 'fallback']",2026-01-09T23:59:38.526449,Regular,Photoperiod,Mekong Sticky x Sour Duk,,8-9 weeks,,"Pine, sour citrus, burnt rubber, fruity, musty, hoppy, skunky.",Deadpanhead Seeds,Buy Sticky Duk (R) online from North Atlantic Seed Co. Voted #1 by the ICA Cannabis Awards. Fast shipping & premium genetics.,Sticky Duk R,74.7,High,,Hybrid,,,,,
North Atlantic Seed Company,https://www.northatlanticseed.com/product/special-queen-1-f/,"['structured', 'description', 'patterns', 'fallback']",2026-01-09T23:59:42.227391,Feminized,Photoperiod,ing Skunk with Power Bud,"Feminized Photoperiod, Hybrid Feminized, Hybrid Photoperiod",55 - 65 days,for anÂ 8-9 weekÂ sativa,,Royal Queen Seeds,Buy Special Queen #1 (F) online from North Atlantic Seed Co. Voted #1 by the ICA Cannabis Awards. Fast shipping & premium genetics.,Special Queen 1 F,86.7,Premium,,Hybrid,50% Indica / 50% Sativa,Indoor: 80 - 140 cm; Outdoor: 200 - 270 cm,,,
North Atlantic Seed Company,https://www.northatlanticseed.com/product/new-space-queen-xx-f/,"['structured', 'description', 'patterns', 'fallback']",2026-01-09T23:59:43.710280,Feminized,Photoperiod,"between Romulan and Cinderella 99, this strain inherits the best qualities of its parentage, offering a well-balanced experience that delights both mind and body",,,,,Brothers Grimm Seeds,Buy Space Queen (F) online from North Atlantic Seed Co. Voted #1 by the ICA Cannabis Awards. Fast shipping & premium genetics.,New Space Queen Xx F,63.9,High,"Known for its uplifting and energizing effects, Space Queen is perfect for daytime use or creative pursuits",Hybrid,,,,,
North Atlantic Seed Company,https://www.northatlanticseed.com/product/space-queen-remixed-r/,"['structured', 'description', 'patterns', 'fallback']",2026-01-09T23:59:43.942507,Regular,Photoperiod,"Space Queen XX x Space Dude

Flowering Time: 8-10 weeks

Indica/Sativa: Balanced Hybrid

Height: Medium to Large, with wide internode spacing

Phenotypes: Uniform plants with excellent resin production and fruity pineapple undertones",,56 - 70 days,"Medium

Taste: Pineapple / Fruity / Cherry / Earthy

Best Way to Grow: Top early for structure; Xmas tree plants",,Subcool Seeds,Buy Space Queen Remixed (R) online from North Atlantic Seed Co. Voted #1 by the ICA Cannabis Awards. Fast shipping & premium genetics.,Space Queen Remixed R,81.9,Premium,,Hybrid,,Medium-Large,"Medium to Large, with wide internode spacing

Phenotypes: Uniform plants with excellent resin production and fruity pineapple undertones",,
North Atlantic Seed Company,https://www.northatlanticseed.com/product/space-queen-BX-r/,"['structured', 'description', 'patterns', 'fallback']",2026-01-09T23:59:44.124327,Regular,Photoperiod,"Space Candy x Space Dude

Flowering Time: 8â€“9 Weeks

Indica/Sativa: Balanced Hybrid (50/50)

Height: Medium-Tall

Phenotypes: Balanced growth habits â€” sturdy, vigorous, and loaded with aromatic flower sites",,56 - 70 days,"Medium-heavy indoors, with even larger harvest potential outdoors",,Subcool Seeds,Buy Space Queen BX (R) online from North Atlantic Seed Co. Voted #1 by the ICA Cannabis Awards. Fast shipping & premium genetics.,Space Queen Bx R,81.9,Premium,,Hybrid,,Medium-Tall,"Medium-Tall

Phenotypes: Balanced growth habits â€” sturdy, vigorous, and loaded with aromatic flower sites",,
North Atlantic Seed Company,https://www.northatlanticseed.com/product/sour-orange-f/,"['structured', 'description', 'patterns', 'fallback']",2026-01-09T23:59:45.600886,Feminized,Photoperiod,Clementine x orange sherbet x Tangie,"Feminized Photoperiod, Hybrid Feminized, Hybrid Photoperiod",65 - 75 days,s of 700 g/plant when grown indoors and a whopping 1700-2000 g/plant when grown outdoors,Alpha-pinene / Linalool / Alpha Pinene / Limonene / Menthol / Beta Myrcene / Beta Caryophyllene / Alpha Humulene / Terpinolene,Supernatural Seeds,Buy Sour Orange (F) online from North Atlantic Seed Co. Voted #1 by the ICA Cannabis Awards. Fast shipping & premium genetics.,Sour Orange F,86.7,Premium,,Hybrid,,,,,
North Atlantic Seed Company,https://www.northatlanticseed.com/product/818-headband-aka-sour-og/,"['structured', 'description', 'patterns', 'fallback']",2026-01-09T23:59:45.793423,Feminized,Photoperiod,isÂ Cali ConnectionÂ OriginalÂ Sour DieselÂ cut which is known as AJ's cut aka Asshole Joe aka Weasel as in the first cut to come out of his room of the Famous Sour Diesel collection,"Feminized Photoperiod, Hybrid Feminized, Hybrid Photoperiod",50 - 60 days,s will be great 800+g m2,,The Cali Connection,Buy 818 Headband AKA Sour OG (F) online from North Atlantic Seed Co. Voted #1 by the ICA Cannabis Awards. Fast shipping & premium genetics.,818 Headband Aka Sour Og,79.5,High,,Hybrid,,,,,
North Atlantic Seed Company,https://www.northatlanticseed.com/product/sour-mints-r-12-days-of-in-house/,"['structured', 'description', 'patterns', 'fallback']",2026-01-09T23:59:46.218416,Regular,Photoperiod,"> SOUR MINTS (SOUR URKLE X PLATINUM KUSH BREATH BX2)

Lineage: Sour Urkle Ã— Platinum Kush Mints Bx2

Flowering Time: 65â€“70 days

Stretch: Strong

Height: Mediumâ€“Tall

Yield: Mediumâ€“High

Grow Tips: Strong aromaâ€”filtration needed indoors",,65 - 75 days,"Mediumâ€“High

Grow Tips: Strong aromaâ€”filtration needed indoors",,In House Genetics,Buy Sour Mints (R) [12 DAYS OF IN HOUSE] online from North Atlantic Seed Co. Voted #1 by the ICA Cannabis Awards. Fast shipping & premium genetics.,Sour Mints R 12 Days Of In House,81.9,Premium,,Hybrid,,Medium - Tall,"Mediumâ€“Tall

Yield: Mediumâ€“High

Grow Tips: Strong aromaâ€”filtration needed indoors",,
North Atlantic Seed Company,https://www.northatlanticseed.com/product/snowberry-zushi-f-ships-late-september/,"['structured', 'description', 'patterns', 'fallback']",2026-01-09T23:59:53.949915,Feminized,Photoperiod,"Strawberry Snowcone x Blue Zushi
Type: Hybrid
Seed Type:Â Feminized
Flowering: 8-9 weeks
Yield: Medium to High
Characteristics:A chilling burst of strawberry syrup, creamy Z, and icy funk",,8-9 weeks,"Medium to High
Characteristics:A chilling burst of strawberry syrup, creamy Z, and icy funk","Ripe Strawberry, Sugary Citrus, Sharp Blue Raspberry, Pine with a Dank, Fuel-forward base",Elev8 Seeds,Buy Snowberry Zushi (F) online from North Atlantic Seed Co. Voted #1 by the ICA Cannabis Awards. Fast shipping & premium genetics.,Snowberry Zushi F Ships Late September,88,Premium,â€” perfect for daytime indulgence or flavor chasers,Hybrid,,,,,
North Atlantic Seed Company,https://www.northatlanticseed.com/product/slusherz-f/,"['structured', 'description', 'patterns', 'fallback']",2026-01-09T23:59:55.834517,Feminized,Photoperiod,"of Slurricane and Gushers, creating an Indica dominant strain that blooms in as little as 8-10 weeks","Feminized Photoperiod, Hybrid Feminized, Hybrid Photoperiod",65 - 75 days,s between 400-500 grams/m2 indoor and 400-500 grams/plant outdoor,Alpha Cedrene / Alpha Pinene / Beta Caryophyllene / Borneol / Cadinene / Camphene / Citral / Eugenol / Farnesene / Fenchol / Humulene / Myrcene / Ocimene,Supernatural Seeds,Buy Slusherz (F) online from North Atlantic Seed Co. Voted #1 by the ICA Cannabis Awards. Fast shipping & premium genetics.,Slusherz F,86.7,Premium,,Hybrid,,,,,
North Atlantic Seed Company,https://www.northatlanticseed.com/product/new-slurriking-f/,"['structured', 'description', 'patterns', 'fallback']",2026-01-09T23:59:56.035301,Feminized,Photoperiod,"> SLURRIKING (SLURRICANE #7 X KING SHERB)

Lineage: Slurricane #7 Ã— King Sherb

Flowering Time: 65â€“70 days

Stretch: Moderate

Height: Medium

Yield: Mediumâ€“High

Grow Tips: Maintain airflow in bloom; produces resin-heavy colas",,65 - 75 days,"Mediumâ€“High

Grow Tips: Maintain airflow in bloom; produces resin-heavy colas",,In House Genetics,Buy Slurriking (F) online from North Atlantic Seed Co. Voted #1 by the ICA Cannabis Awards. Fast shipping & premium genetics.,New Slurriking F,81.9,Premium,,Hybrid,,Medium,"Medium

Yield: Mediumâ€“High

Grow Tips: Maintain airflow in bloom; produces resin-heavy colas",,
North Atlantic Seed Company,https://www.northatlanticseed.com/product/new-slurricane-f/,"['structured', 'description', 'patterns', 'fallback']",2026-01-09T23:59:56.414389,Feminized,Photoperiod,"> SLURRICANE (DOSIDOS X PURPLE PUNCH)

Expect extremely sugar coated flowers with an OG/tropical flavour","Feminized Photoperiod, Hybrid Feminized, Hybrid Photoperiod",60 - 75 days,Medium,,In House Genetics,Buy Slurricane (F) online from North Atlantic Seed Co. Voted #1 by the ICA Cannabis Awards. Fast shipping & premium genetics.,New Slurricane F,86.7,Premium,,Hybrid,,Medium - Tall,,,
North Atlantic Seed Company,https://www.northatlanticseed.com/product/skywalker-auto-3/,"['structured', 'description', 'patterns', 'fallback']",2026-01-09T23:59:58.686501,Feminized,Autoflower,"Skywalker OG x Gelato #41 Auto

INDOOR 
Flowering Cycle: 8 to 9 Weeks
Yield: Medium - High

OUTDOOR 
Harvest: 8 to 9 weeks flowering time
Yield: 180g/plant
Average Height: 90-110cm

PRODUCT INFO

Skywalker Auto is an autoflowering hybrid that comes from the famous Skywalker OG and Gelato #41 auto",,56 - 70 days,"Medium - High

OUTDOOR 
Harvest: 8 to 9 weeks flowering time
Yield: 180g/plant
Average Height: 90-110cm

PRODUCT INFO

Skywalker Auto is an autoflowering hybrid that comes from the famous Skywalker OG and Gelato #41 auto",,Greenhouse Seed Co.,Buy Skywalker Auto online from North Atlantic Seed Co. Voted #1 by the ICA Cannabis Awards. Fast shipping & premium genetics.,Skywalker Auto 3,81.9,Premium,,Hybrid,,90-110cm,"90-110cm

PRODUCT INFO

Skywalker Auto is an autoflowering hybrid that comes from the famous Skywalker OG and Gelato #41 auto",,
North Atlantic Seed Company,https://www.northatlanticseed.com/product/skunk-xl-f/,"['structured', 'description', 'patterns', 'fallback']",2026-01-10T00:00:00.165245,Feminized,Photoperiod,for the majority of marijuana seeds around today,"Feminized Photoperiod, Hybrid Feminized, Hybrid Photoperiod",55 - 65 days,ing a giant main cola,,Royal Queen Seeds,Buy Skunk XL (F) online from North Atlantic Seed Co. Voted #1 by the ICA Cannabis Awards. Fast shipping & premium genetics.,Skunk Xl F,86.7,Premium,,Hybrid,50% Indica / 50% Sativa,Indoor: 60 - 100 cm; Outdoor: 160 - 200 cm,,,
North Atlantic Seed Company,https://www.northatlanticseed.com/product/scream-cheese-f/,"['structured', 'description', 'patterns', 'fallback']",2026-01-10T00:00:10.289250,Feminized,Photoperiod,"> SCREAM CHEESE (GHOSTFACE OG X EXODUS CHEESE)
ðŸ§€ Scream Cheese â€“ Halloween Cannabis Strain | Limited Edition 2025 (Ghostface OG Ã— Exodus Cheese)
ðŸ’€ Say cheeseâ€¦ if you dare",,56 - 70 days,"â‰ˆ 85 g per plant (post-dry indoor)






Availability
ðŸ’€ Limited Edition Halloweed 2025 Drop






ðŸ”¥ Flavour & Aroma of Scream Cheese
An intense blend of the OG fuel from Ghostface and the pungent skunk tang of Exodus Cheese","On the inhale comes spicy gas and sour funk; the exhale leaves a creamy, savoury trail that lingers long after.",Tastebudz,Buy Scream Cheese (F) online from North Atlantic Seed Co. Voted #1 by the ICA Cannabis Awards. Fast shipping & premium genetics.,Scream Cheese F,81.9,Premium,,Hybrid,,,,,
North Atlantic Seed Company,https://www.northatlanticseed.com/product/scotts-og-2/,"['structured', 'description', 'patterns', 'fallback']",2026-01-10T00:00:10.441116,Feminized,Photoperiod,Triangle Kush X Rare Dankness #1,"Feminized Photoperiod, Hybrid Feminized, Hybrid Photoperiod",55 - 65 days,and is easy to trim,"Pungent, Lemon/Kushy",Rare Dankness,Buy Scottâ€™s OG (F) online from North Atlantic Seed Co. Voted #1 by the ICA Cannabis Awards. Fast shipping & premium genetics.,Scotts Og 2,86.7,Premium,,Hybrid,,,,,
North Atlantic Seed Company,https://www.northatlanticseed.com/product/scoopski-f2-auto/,"['structured', 'description', 'patterns', 'fallback']",2026-01-10T00:00:10.914807,Feminized,Autoflower,Purple Scoops x Wizard's Apprentice F4,,75 - 85 days,2-4 ounce,,Night Owl Seeds,Buy Scoopski F2 Auto online from North Atlantic Seed Co. Voted #1 by the ICA Cannabis Awards. Fast shipping & premium genetics.,Scoopski F2,80.7,Premium,"are on the heavier side of the scale, with a nice mind unwind and stoney body effects that make her an ideal treat for decompressing after a long day",Hybrid,,,,,
North Atlantic Seed Company,https://www.northatlanticseed.com/product/new-runtz-x-layer-cake-f/,"['structured', 'description', 'patterns', 'fallback']",2026-01-10T00:00:13.175796,Feminized,Photoperiod,"sensationally fused to create an incredibly powerful strain, THC percentages off the scale, great production indoors and out with unlimited potential adapting to any growing style",,"60 - 70 days, Outdoor: Early to Mid October",Indoors: up to 700-800 gr/mÂ²; Outdoors: up to 2500 gr/plant,"Tropical Fruits, Herbal, Sweet Spicy",Barney's Farm,Buy Runtz X Layer Cake (F) online from North Atlantic Seed Co. Voted #1 by the ICA Cannabis Awards. Fast shipping & premium genetics.,New Runtz X Layer Cake F,89.2,Premium,,Hybrid,,Indoors: 100-130cm; Outdoors: 150-200cm,"s up to 130cm depending on growing time, with THC % levels tested up to an incredible 27%

Outdoors in ideal conditions RUNTZ X LAYER CAKEâ„¢ reaches heights of 2m metres producing up to 2",,
North Atlantic Seed Company,https://www.northatlanticseed.com/product/runtz-buttonz/,"['structured', 'description', 'patterns', 'fallback']",2026-01-10T00:00:14.462916,Regular,Photoperiod,Runtz x Rainbow Chip,"Hybrid Photoperiod, Hybrid Regular M/F Photoperiod, Regular M/F Photoperiod",55 - 65 days,Heavy,,Clearance,Buy DISCONTINUED Runtz Buttonz (R) online from North Atlantic Seed Co. Voted #1 by the ICA Cannabis Awards. Fast shipping & premium genetics.,Runtz Buttonz,86.7,Premium,,Hybrid,50% Indica / 50% Sativa,Medium/Tall,,,
North Atlantic Seed Company,https://www.northatlanticseed.com/product/runtz-f-2/,"['structured', 'description', 'patterns', 'fallback']",2026-01-10T00:00:15.296543,Feminized,Photoperiod,of the Original Z and Gelato,,"55 - 65 days, Outdoor: Mid to Late September",up to 550-650g/mÂ²,"Tropical Fruits, Diesel, Sweet Candy",Barney's Farm,Buy Runtz (F) online from North Atlantic Seed Co. Voted #1 by the ICA Cannabis Awards. Fast shipping & premium genetics.,Runtz F 2,89.2,Premium,,Hybrid,,Indoors: 90-110cm; Outdoors: up to 150â€“ 80cm,,,
North Atlantic Seed Company,https://www.northatlanticseed.com/product/rs11-x-banana-og-f/,"['structured', 'description', 'patterns', 'fallback']",2026-01-10T00:00:17.249072,Feminized,Photoperiod,"all surfaces, indicating high concentrations of active compounds",,65 - 75 days,s up to 600g/mÂ²Â under optimal conditions,"Lemon, Spicy, Cherry",Barney's Farm,Buy RS11 x Banana OG (F) online from North Atlantic Seed Co. Voted #1 by the ICA Cannabis Awards. Fast shipping & premium genetics.,Rs11 X Banana Og F,95.2,Premium,manifest through progressive stages of experience,Hybrid,,"Indoor: 120-150 cm
Outdoor: 150-200 cm","s between 120 and 150cm, producing substantial yields up to 600g/mÂ²Â under optimal conditions",,
