strain_id,seed_bank,strain_name_raw,awards_raw,breeder_name_raw,cbd_content_raw,cbd_max_raw,cbd_min_raw,cbd_range_raw,cbn_content_raw,climate_raw,description_raw,difficulty_raw,dominant_type_raw,effects_all_raw,flavors_all_raw,flowering_time_raw,flowering_type_raw,generation_raw,genetics_lineage_raw,height_indoor_raw,height_outdoor_raw,height_raw,indica_percentage_raw,is_hybrid_raw,s3_html_key_raw,sativa_percentage_raw,scraped_at_raw,seed_type_raw,source_url_raw,suitable_environments_raw,terpenes_raw,thc_average_raw,thc_content_raw,thc_max_raw,thc_min_raw,thc_range_raw,total_grow_time_raw,yield_indoor_raw,yield_outdoor_raw
8d631dc2-cd74-4bba-8766-bd0be23e598d,amsterdam,Green Crack Autoflower Seeds,,,,,,,,"Mediterranean, Temperate",Green Crack is a marijuana strain that will turn the laziest person into a powerful battery with its energetic effect and fabulous aroma.,Easy,,energetic,herbs,6-10 weeks,,,,,,,20.0,,html/00160a0bef553823.html,80.0,2026-01-14,Sativa,https://amsterdammarijuanaseeds.com/green-crack-autoflower-seeds/,,,,22.0,,,,,,
198f29fa-2d88-4045-9e48-f43c01a6380c,amsterdam,Gipsy King Feminized Seeds,,,,,,,,"Continental, Mediterranean, Temperate, Warm Dry","Prepare to be amazed by Gipsy King, a regal hybrid that combines the legendary genetics ofMOAB (Mother of all Buds)and our most powerful Kush. This carefully bred strain strikes the perfect balance between 60% Indica and 40% Sativa, delivering a versatile experience that caters to both mind and body. Whether youÃ¢ÂÂre seeking creativity, focus, or relaxation, Gipsy King offers a well-rounded high that satisfies seasoned users and novices alike.",Moderate,,energetic,pine,8-12 weeks,,,of  MOAB (Mother of all Buds)  and our most powerful Kush,,,,,,html/03e2205750e9e2d5.html,,2026-01-14,Hybrid,https://amsterdammarijuanaseeds.com/gipsy-king-feminized-seeds/,,,,29.0,,,,,,
15ebe342-0c62-48b7-96ee-df8d2118c1b2,amsterdam,Medijuana Seeds,,,,,,,,"Mediterranean, Temperate, Tropical","Medijuana cannabis seeds are a versatile and easy-to-grow plant that provides high-quality results. Medijuana is a hybrid of Indica and Sativa, making it the perfect choice for those who want the best of both worlds. Its effects are uplifting and euphoric, and can also be used for medicinal purposes. These characteristics make this strain very popular among medical marijuana users.","Easy, Moderate",,energetic,herbs,6-10 weeks,,,"and potent effects, itÃ¢ÂÂs sure to give you an enjoyable experience",,,,60.0,,html/049f25a5dcfdc3f2.html,40.0,2026-01-14,Hybrid,https://amsterdammarijuanaseeds.com/medijuana-seeds/,,,,23.0,,,,,,
9311b1bf-2fb3-4334-a9a0-f1d7bd11372d,amsterdam,Light Of Jah Feminized Seeds,,,,,,,,"Mediterranean, Tropical, Warm Dry","Our Light of Jah strain a.k.a. Jack herer is a hybrid between Indica and Sativa. Sativa is dominant with 75% against 25% Indica. Do you want to enjoy a fruity high? Light of Jah will be perfect for you. It will give you a cerebral buzz, with your senses enjoying every part.","Expert, Moderate",,relaxed,herbs,8-12 weeks,,,"of this strain is a bit mystical, although some people credit it as a cross between Jack Herer and a",,,,25.0,,html/0662ef9cd092f246.html,75.0,2026-01-14,Sativa,https://amsterdammarijuanaseeds.com/light-of-jah-feminized-seeds/,,,,22.0,,,,,,
b9dabf79-68f5-430e-b7df-9fc6464f96ae,amsterdam,Cappuccino 420 Feminized,,,,,,,,"Cold, Mediterranean, Warm Dry","The Perfect Blend of Flavor and RelaxationIndulge in the exquisite flavor of Cappuccino 420 weed, packed with the rich taste of freshly roasted coffee beans and a hint of cream. These feminized seeds are not only easy to grow but also produce buds that will leave you craving for more. Discover the perfect strain to unwind with after a long day Ã¢ÂÂ Cappuccino 420.",Easy,,energetic,,6-10 weeks,,,between the renowned Black Domina and the potent White Widow XTRM,,,,85.0,,html/06c7e95d39049d0d.html,15.0,2026-01-14,Indica,https://amsterdammarijuanaseeds.com/cappuccino-420-feminized/,,,,20.0,,,,,,
b3a5e916-fa28-4f37-9f7e-521c34f16ac3,amsterdam,Mangolicious Autoflower,,,,,,,,"Continental, Mediterranean, Temperate",The parents of this tropical Indica cannabis are a selection of the finest marijuana genetics. After 4 years of selective breeding this tropical marijuana genetics crossed with the Big Bud x White Widow Indica male. Amsterdam marijuana seeds proudly present Mangolicious.,Easy,,energetic,herbs,6-10 weeks,,,crossed with the Big Bud x White Widow Indica male,,,,85.0,,html/0a291b840f71a8e2.html,15.0,2026-01-14,Indica,https://amsterdammarijuanaseeds.com/mangolicious-autoflower/,,,,23.0,,,,,,
e15e1d54-5db5-48d1-b777-4619170e8d04,amsterdam,Happy Outdoor Mix Autoflower Seeds,,,,,,,,,"This Happy Outdoor Mix is a surprise pack of auto-flower marijuana seeds that are perfect if you want to start growing marijuana yourself. You cannot tell in advance which seeds you are getting, you can only tell when youÃ¢ÂÂre already growing your marijuana plant.",,,energetic,,,,,,,,,,,html/0be7469d4f9badf4.html,,2026-01-14,,https://amsterdammarijuanaseeds.com/happy-outdoor-mix-autoflower-seeds/,,,,,,,,,,
7357ab05-c17c-43b4-97ea-430a79c12756,amsterdam,White Nl Extreme,,,,,,,,"Cold, Continental, Mediterranean, Temperate","White NL Extreme is a mix between two powerful strains Northern Light and White Widow Extreme. This Indica dominant hybrid has enough Indica to make you feel relaxed, and just enough Sativa to make you feel creative and happy without too much sedation. Users will feel happy with a nice body high. Since this strain is Indica dominant, it is best enjoyed in the evening time. The genetics of White NL Extreme makes it good for chronic pain, stress, and lack of appetite. The buds have an aromatic earthy smell with notes of sweet citrus. Although it is recommended to grow this strain indoors, it is still possible to have a successful harvest outdoors in September-October. ItÃ¢ÂÂs an easy strain to grow with a short flowering period and really great yields.",Easy,,relaxed,herbs,6-10 weeks,,,"of White NL Extreme makes it good for chronic pain, stress, and lack of appetite",,,,70.0,,html/0c3a71630ec516fb.html,30.0,2026-01-14,Indica,https://amsterdammarijuanaseeds.com/white-nl-extreme/,,,,20.0,,,,,,
4298bd3b-7fc4-4567-9e35-2d0d45a9b2fc,amsterdam,Afghan,,,,,,,,"Continental, Temperate, Warm Dry","The Afghan strain produces sturdy cannabis plants that pests, diseases, and molds cannot call home. She is a 100% Indica variety delivering a yield full of large, sticky buds. This strain has an incredibly high THC content, with a minimum percentage of twenty.",Easy,,energetic,herbs,6-10 weeks,,,,,,,100.0,,html/11828e866c024f5c.html,0.0,2026-01-14,Indica,https://amsterdammarijuanaseeds.com/afghan/,,,,20.0,,,,,,
3332d44d-6ea0-4530-bcfa-81d7aefac74c,amsterdam,Forest Fruits Auto Feminized Marijuana Seeds,,,,,,,,"Mediterranean, Temperate, Tropical",This New York Turbo Diesel X Blueberry strain has a Blueberry flavor with a Turbo Diesel aftertaste.,Moderate,,energetic,berries,6-10 weeks,,,"and the fact that these seeds come from one of the worldÃ¢ÂÂs best seed banks, Amsterdam Marijuana Seed",,,,40.0,,html/12f62040c6f3653c.html,60.0,2026-01-14,Hybrid,https://amsterdammarijuanaseeds.com/forest-fruits-auto-feminized-marijuana-seeds/,,,,23.0,,,,,,
6bade670-b355-4c20-b181-28a5aa259043,amsterdam,Hawaii Skunk Seeds,,,,,,,,,"If youÃ¢ÂÂre looking for a delicious skunk strain with an exotic twist, then youÃ¢ÂÂll want to try Hawaii Skunk. The original Hawaiian strain crossed with Skunk#1 gives a plant that is short and sturdy. Ideal for outdoor growers. Hawaii skunk is also very easy to grow. This sweet and pungent strain has strong effects that will leave you feeling relaxed and euphoric. A must for novelty lovers, smoke it close your eyes, and hear the waves break on Honolulu beach!",Moderate,,energetic,sweet,8-12 weeks,,,ed with Skunk#1 gives a plant that is short and sturdy,,,,25.0,,html/1357b401347bbc94.html,75.0,2026-01-14,Sativa,https://amsterdammarijuanaseeds.com/hawaii-skunk-seeds/,,,,20.0,,,,,,
d8bf34aa-88dc-4b72-bba6-8250bbba640a,amsterdam,Super Skunk Autoflower,,,,,,,,"Cold, Continental, Mediterranean, Temperate","Looking for a potent and easy-to-grow autoflower strain?Look no further! This strain is known for its high THC content and fast flowering time. Even first-time growers will find Super Skunk easy to grow, the result is well worth the effort. If youÃ¢ÂÂre looking for a powerful strain, that can be grown almost anywhere, Super Skunk is the perfect choice!",Easy,,energetic,sweet,6-10 weeks,,,Super Skunk Autoflower feminized seeds are born from the cross between the legendary Skunk 1 and Nor,,,,65.0,,html/14d5632686d202ca.html,35.0,2026-01-14,Sativa,https://amsterdammarijuanaseeds.com/super-skunk-autoflower/,,,,15.0,,,,,,
3dc10e56-32fd-4a48-9aa6-2f65939d2b45,amsterdam,White Widow Autoflower,,,,,,,,"Cold, Continental, Mediterranean, Temperate","ThereÃ¢ÂÂs no denying that White Widow Autoflower is a titan in the realm of cannabis, etching its legendary mark in AmsterdamÃ¢ÂÂs bustling coffee shop scene. Having claimed victory at the esteemed High Times Cannabis Cup, this strainÃ¢ÂÂs allure has always been rooted in its hardiness, making it a favorite among novices and seasoned cultivators alike. White Widow Autoflower seeds are the epitome of convenience, flowering rapidly and adapting effortlessly in a myriad of growing environments.","Easy, Moderate",,energetic,pine,6-10 weeks,,,"make them a charm to grow, circumventing the need for light cycle adjustments that phase changes wou",,,,60.0,,html/16929882465a26d1.html,40.0,2026-01-14,Hybrid,https://amsterdammarijuanaseeds.com/white-widow-autoflower/,,,,23.0,,,,,,
196073b3-5614-4897-be35-7736b7b6095e,amsterdam,Bianca Feminized Seeds,,,,,,,,"Continental, Mediterranean, Warm Dry","Bianca is a name of Italian origin, meaning Ã¢ÂÂwhiteÃ¢ÂÂ. The strain got its name because of the crossings that made this beautiful hybrid. Bianca is unique because it consists of three different and extremely popular strains. The famous White Widow is regarded as one of the most desirable marijuana strains ever produced and is a multiple Cannabis Cup winner. The Afghan strain is used in mountainous conditions, itÃ¢ÂÂs a very hardy and strong strain of cannabis, which can endure severe cold or heat. And then last, but not least, the White Queen strain also referred to as the Empress among the white cannabis genetics. Bianca calms the user while boosting mood and contains equal amounts of euphoria and drowsiness.",Easy,,relaxed,,6-10 weeks,,,ings that made this beautiful hybrid,,,,85.0,,html/179bd0317e0bb4c9.html,15.0,2026-01-14,Indica,https://amsterdammarijuanaseeds.com/bianca-feminized-seeds/,,,,24.0,,,,,,
06c9e5b0-2701-4658-8f68-8b566c3276c6,amsterdam,Cheese Feminized Marijuana Seeds,,,,,,,,"Continental, Mediterranean, Temperate, Warm Dry","Our Cheese Feminized strain is a result of the crossbreed between UK-bred Master Kush and powerful Super Skunk. ItÃ¢ÂÂs possible that the last one helped to acquire its name because of its pungent smell, which makes it one of the most well-known varieties in the world.",Moderate,,energetic,sweet,6-10 weeks,,,breed between UK-bred Master Kush and powerful Super Skunk,,,,60.0,,html/18544c140162c964.html,40.0,2026-01-14,Hybrid,https://amsterdammarijuanaseeds.com/cheese-feminized-marijuana-seeds/,,,,25.0,,,,,,
fc3539a6-3810-42f7-92b1-f1df21a2557c,amsterdam,Moab Feminized,,,,,,,,"Mediterranean, Temperate, Tropical, Warm Dry","Welcome to the world of extraordinary cannabis strains, where potency, yields, and quality reign supreme. At our premium seed bank, we are proud to present Mother of All Buds (MOAB), a legendary strain that embodies the true essence of exceptional cannabis. In this comprehensive product guide, we will explore the remarkable characteristics, cultivation tips, and unique qualities that make this wonderful strain a must-have strain for every weed and cannabis enthusiast.","Expert, Moderate",,relaxed,berries,8-12 weeks,,,carefully selected to create an unparalleled cannabis experience,,,,20.0,,html/18cd1cf6b82725d7.html,80.0,2026-01-14,Sativa,https://amsterdammarijuanaseeds.com/moab-feminized/,,,,23.0,,,,,,
f38ac5d5-b479-45d4-bf9e-6435669684b5,amsterdam,Habiba Autoflower,,,,,,,,"Continental, Temperate, Warm Dry","Habiba translated from Arabic means Ã¢ÂÂbeloved.Ã¢ÂÂ Habiba is a fast-growing, heavy-yielding Indica. Habiba is praised for its potency, high yield, and soft taste. She produces sticky, generously proportioned buds and grows to medium heights.",Moderate,,energetic,berries,6-7 weeks,,,,,,,100.0,,html/1a8f53aa0852f26a.html,0.0,2026-01-14,Indica,https://amsterdammarijuanaseeds.com/habiba-autoflower/,,,,20.0,,,,,,
df2396af-bcb0-4f72-9587-16cd383e0d95,amsterdam,White Widow Feminized Seeds,,,,,,,,"Cold, Continental, Mediterranean, Temperate","The White Widow, jewel of cannabis, undisputed queen. Born in Amsterdam, winner of awards, her fame expands globally.","Easy, Moderate",,energetic,pine,6-10 weeks,,,,,,,65.0,,html/1ac145b03b152ac3.html,35.0,2026-01-14,Indica,https://amsterdammarijuanaseeds.com/white-widow-feminized-seeds/,,,,30.0,30.0,20.0,,,,
7d15797d-e573-4675-8efd-3071d23f9ecf,amsterdam,Pineapple Express Autoflower,,,,,,,,"Cold, Continental, Temperate","The famous Pineapple Express on sale is an exclusive mix between our powerful White Widow and the tasty Limoncello Haze and Strawberry Ice. The fusion of these marijuana goddesses resulted in this majestic plant, easy to grow almost anywhere and it will give you high yields, even when autoflower. Big sticky buds, thatÃ¢ÂÂs what we all want. What are you waiting for?","Easy, Moderate",,energetic,berries,6-10 weeks,,,"75% Sativa, 25% Indica strain, that will take you to a happy place",,,,25.0,,html/1b6ce69a51a7d066.html,75.0,2026-01-14,Sativa,https://amsterdammarijuanaseeds.com/pineapple-express-autoflower/,,,,20.0,,,,,,
fce3edff-0394-4c12-afa4-82a3c6c9b55a,amsterdam,Super Silver Haze Feminized,,,,,,,,"Temperate, Tropical","Popular Sativa-dominant hybrid Super Silver Haze is well-known for having a high THC concentration. It has received the renowned High Times Cannabis Cup three times in a row. At Amsterdam Marijuana Seeds (AMS), weÃ¢ÂÂve given it a twist to make this vintage strain suitable for the modern age. This strain was created by crossing Skunk, Northern Lights, and Haze. When smoking, it will taste earthy, pungent, and sweet. The high is stimulating and cerebral, making it ideal for daytime use. Super Silver Haze is a fantastic strain for both socializing and creativity.",Moderate,,energetic,herbs,8-12 weeks,,,"ing Skunk, Northern Lights, and Haze",,,,35.0,,html/1be5976ac4bd83ad.html,65.0,2026-01-14,Sativa,https://amsterdammarijuanaseeds.com/super-silver-haze-feminized/,,,,24.0,,,,,,
e4e79872-8f49-4f39-bcf0-92e1d5273a22,amsterdam,Gelato Xtrm Feminized,,,,,,,,"Continental, Mediterranean, Temperate, Tropical","We supercharged the great Gelato seeds with our powerful White Widow XTRM. Expect massive yields, high THC amounts, and short flowering time with Gelato seeds.",Moderate,,energetic,herbs,8-9 weeks,,,Blend,,,,60.0,,html/1e215bf9cfe62fb0.html,40.0,2026-01-14,Hybrid,https://amsterdammarijuanaseeds.com/gelato-xtrm-feminized/,,,,25.0,,,,,,
0a4401ff-4be3-4983-9110-4eb6f347b02d,amsterdam,Big Bud Feminized Seeds,,,,,,,,"Mediterranean, Warm Dry",Big Bud Feminized is a mostly-Indica massive yield grower. Buying Big Bud Feminized seeds means a great harvest that is easy to grow. Big Bud takes a while before she flowers but the payout is worth the wait! Big Bud Feminized has a long-lasting smooth high and a sweet musky taste. Try it and be surprised.,Easy,,energetic,sweet,6-10 weeks,,,ing the famous Afghan and Skunk,,,,70.0,,html/1e9ea6f15f381991.html,30.0,2026-01-14,Indica,https://amsterdammarijuanaseeds.com/big-bud-feminized-seeds/,,,,15.0,,,,,,
94044704-5d47-4d31-bd25-d24a7d0e8381,amsterdam,Ak47 Xtrm,,,,,,,,"Temperate, Warm Dry","AK 47 XTRM marijuana has all the characteristics inherited from her mother, AK47. After crossing the regular AK47 with the famous White Widow XTRM, AK47 XTRM was born. Completely stabilized, this is one of the newest superior strains in the land of marijuana. With her sweet flavor, growing capabilities, and big crystallized buds, this is your marijuana strain to breed.Experience the power of AK 47 XTRM marijuana, a strain that combines the best traits of AK47 and White Widow XTRM. With its stabilized genetics, this superior strain is a standout in the world of cannabis. Its sweet flavor entices the senses, while its impressive growth and resin-covered buds make it a perfect choice for breeders. Cultivate AK 47 XTRM and witness the exceptional results of this carefully crafted strain. Its delightful aroma and abundant yields will leave you in awe. DonÃ¢ÂÂt miss out on the opportunity to grow this extraordinary strain and elevate your cannabis breeding endeavors to new heights.",Moderate,,energetic,pine,6-10 weeks,,,"ing the regular AK47 with the famous White Widow XTRM, AK47 XTRM was born",,,,25.0,,html/20df87dbfbde8656.html,75.0,2026-01-14,Sativa,https://amsterdammarijuanaseeds.com/ak47-xtrm/,,,,24.0,,,,,,
b9fd93ac-55b6-47c6-94cb-c146db32a389,amsterdam,420 Carat Feminized,,,,,,,,"Continental, Mediterranean, Temperate","The 420 Carat feminized cannabis strain is a royal member of the cannabis kingdom, just as the name suggests. Not only does it represent the elite class of this kingdom, but it also seems to have gained quite a similar reputation among the global population of cannabis users. Many first-hand reviews suggest that the strainÃ¢ÂÂs yield and massive buds are enough reasons to make 420 Carat an easy option. The stoned feeling and the aura of majestic satisfaction it gives have been described to be second to none. Every puff leaves you wanting more.",Moderate,,energetic,sweet,6-10 weeks,,,between the famous Critical and White Widow weed,,,,35.0,,html/22135a34219dd5f1.html,65.0,2026-01-14,Sativa,https://amsterdammarijuanaseeds.com/420-carat-feminized/,,,,23.0,,,,,,
c3034e84-a69f-4e56-a4a9-8e4e6d753b1a,amsterdam,New York Turbo Diesel Feminized Seeds,,,,,,,,"Mediterranean, Temperate, Tropical","New York Turbo Diesel has its roots in NY City: the Big Apple. Famous for its explicit diesel like smell and taste. The AMS NYTD, is a 2.0 version of the original. The result of this selection is a higher yield, without loosing her powerful exotic qualities. Chosen as best Sativa on the High Times Cannabis Cup. If youÃ¢ÂÂre looking for a feminized Sativa thatÃ¢ÂÂs easy to grow and packs a punch, look no further!",Moderate,,energetic,diesel,10-12 weeks,,,", you can expect a tall plant with long branches with dense buds",,,,20.0,,html/22e47a283ce20308.html,80.0,2026-01-14,Sativa,https://amsterdammarijuanaseeds.com/new-york-turbo-diesel-feminized-seeds/,,,,25.0,25.0,23.0,,,,
96a529e6-35fd-4c0c-84d7-6b43561c9052,amsterdam,Pineapple Express Feminized,,,,,,,,"Cold, Continental, Temperate","The funny movie Ã¢ÂÂPineapple ExpressÃ¢ÂÂ will probably be the first thing, thatÃ¢ÂÂll come to mind hearing the name. But this strain is even more famous than the movie, because of its unbeatable cannabis genetics. It is an exclusive blend of our powerful White Widow, Limoncello Haze, and Strawberry Ice. The fusion of these marijuana goddesses, resulted in this great strain, giving you a delicious fruity, mind spacing high. Feeling disconnected from the world around you.","Easy, Moderate",,relaxed,berries,6-10 weeks,,,,,,,25.0,,html/2333b8ec2aa06227.html,75.0,2026-01-14,Sativa,https://amsterdammarijuanaseeds.com/pineapple-express-feminized/,,,,30.0,30.0,20.0,,,,
8dac0747-59ae-44a0-be01-e683e8c69fb5,amsterdam,Northern Light Feminized Seeds,,,,,,,,"Cold, Mediterranean, Warm Dry",Northern Lights is among the most famous strains of all time due to its high levels of THC and CBD. It is a variety that comes from a mixture of 11 different strains and originates from the US West Coast.,Moderate,,energetic,herbs,6-10 weeks,,,,,,,70.0,,html/24605ad71807447d.html,30.0,2026-01-14,Indica,https://amsterdammarijuanaseeds.com/northern-light-feminized-seeds/,,,,20.0,,,,,,
f4c351d8-c40d-4368-98cd-18bec085093c,amsterdam,Bob Marley Sativa,,,,,,,,,Take a trip to Jamaica! Bob Marley the icon of cannabis is here. Smooth and chilly high very tall plant with leggy branches and small but very potent buds. Yield can be high if grown outdoors in warm climate.,"Expert, Moderate",,uplifting,sweet,10-16 weeks,,,,,,,30.0,,html/2478574d97fa5f15.html,70.0,2026-01-14,Sativa,https://amsterdammarijuanaseeds.com/bob-marley-sativa/,,,,20.0,,,,,,
0096fef0-9066-48ad-bcc1-f73a541db7fd,amsterdam,Ak47 Xtrm Autoflower,,,,,,,,"Temperate, Warm Dry","The AK 47 autoflower seed is a go-to choice for growers and enthusiasts seeking a dependable and rewarding plant. With THC levels ranging from 20-30%, this hybrid strain offers a potent experience, coupled with a bountiful harvest. ItÃ¢ÂÂs reliability and impressive qualities make it a top pick for cannabis connoisseurs. Embrace the AK 47 autoflower and witness the magic it brings to your garden.",Easy,,relaxed,pine,7-8 weeks,,,ed with the classic AK 47 to create a potent new strain that is award-winning and able to pack a pun,,,,25.0,,html/25ef9cb78e0beae2.html,75.0,2026-01-14,Sativa,https://amsterdammarijuanaseeds.com/ak47-xtrm-autoflower/,,,,30.0,30.0,20.0,,,,
9c7044d2-1fd6-4da4-b2e6-ae4be8b45977,amsterdam,Gorilla Glue Feminized Seeds,,,,,,,,"Mediterranean, Warm Dry","The epic Gorilla Glue is the newest addition to our extensive strain offering, which we have meticulously tested and curated for you. WeÃ¢ÂÂre always looking to offer you the best strains on the market while maintaining the high-quality standards that characterize us. This marvel is born from a combination between ChemÃ¢ÂÂs Sister, Sour Dubb, and Chocolate Diesel and hails from the US.",Moderate,,relaxed,earthy,6-10 weeks,,,,,,,75.0,,html/265352a4e5fbfbba.html,25.0,2026-01-14,Indica,https://amsterdammarijuanaseeds.com/gorilla-glue-feminized-seeds/,,,,25.0,,,,,,
856d4882-4de5-4f50-a9e4-44e7db0f999d,amsterdam,White Widow Xtrm Feminized,,,,,,,,"Continental, Mediterranean, Temperate, Tropical, Warm Dry","If you are looking for an incredibly potent and powerful feminized strain, look no further than White Widow XTRM. Born and raised in Amsterdam, the marijuana capital of the world. This strain has won more awards than any other variety. Perhaps this explains why the greatest Dutch coffee shops have it at the top of their menus. White Widow XTRM has an intense aroma that is impossible to cover.  In addition, White Widow is the mother of many other great essential varieties. Without a doubt a great one in your garden of delights.","Easy, Moderate",,relaxed,earthy,8-9 weeks,,,,,,,60.0,,html/2780178fedbe896a.html,40.0,2026-01-14,Hybrid,https://amsterdammarijuanaseeds.com/white-widow-xtrm-feminized/,,,,23.0,,,,,,
ecdf3570-4687-421a-bc12-d925f2fdae09,amsterdam,Amnesia Trance Autoflower Seeds,,,,,,,,"Mediterranean, Temperate","Amnesia Trance, the winner of the prestigious Sativa Cup in 2012 has become a classic. At AMS we have worked our magic and created what we call the F3 version! The standard Amnesia strain with the addition of bigger buds, higher yields, and a more powerful effect.",Moderate,,relaxed,citrus,6-10 weeks,,,between Cambodian and Super Silver Haze,,,,35.0,,html/2e325e2231452594.html,65.0,2026-01-14,Sativa,https://amsterdammarijuanaseeds.com/amnesia-trance-autoflower-seeds/,,,,21.0,,,,,,
0a9812b2-fe4b-46f8-a1f1-924398a83fc1,amsterdam,Super Skunk Seeds,,,,,,,,"Cold, Continental, Mediterranean, Temperate","Super Skunk is a classic cannabis strain that is renowned for its pungent, skunky aroma and powerful effects. This wonderful strain is formed by crossing two other greats, Skunk 1 and Afghani. She produces large, resinous buds that are perfect for growers looking to maximize their yield. Super Skunk is also a great choice for beginner growers, as it is relatively easy to grow and produces high-quality results. The high from Super Skunk is described as being very powerful and relaxing.",Easy,,relaxed,pine,8-9 weeks,,,"ing two other greats, Skunk 1 and Afghani",,,,65.0,,html/3008df26468cd4eb.html,35.0,2026-01-14,Indica,https://amsterdammarijuanaseeds.com/super-skunk-seeds/,,,,20.0,20.0,15.0,,,,
0676b8dc-13a7-4c66-8440-460e0da7a656,amsterdam,Caramelicious Marijuana Seeds,,,,,,,,,"Introducing Caramelicious Marijuana Seeds: A Sweet and Happy JourneyAs a passionate marijuana grower, IÃ¢ÂÂm thrilled to share my firsthand experience with the remarkable Caramelicious strain. These cannabis seeds have allowed me to cultivate a truly exceptional plant that delivers a delightful combination of sweetness and happiness. If youÃ¢ÂÂre searching for a strain that offers a unique and rewarding journey, look no further than Caramelicious.",Easy,,energetic,pine,6-10 weeks,,,ensure that even novice growers can achieve success and witness the beauty of this strain,,,,65.0,,html/302c1c12f20e200b.html,35.0,2026-01-14,Indica,https://amsterdammarijuanaseeds.com/caramelicious-marijuana-seeds/,,,,21.0,,,,,,
0e03adb8-60ac-4f9a-976a-bd5f8b95dd4e,amsterdam,Purple Punch Feminized Seeds,,,,,,,,"Mediterranean, Warm Dry","Purple Punch has been an overwhelming success and for good reason. ItÃ¢ÂÂs a powerful Indica that is easy to grow and incredibly beautiful. This sweet and relaxing strain is born from the mix of Larry OG and Granddaddy Purple. Its beautiful purple hues and sweet flavor are inherited from Grandaddy Purple and it gets its performance and power from Larry OG, a mix you wonÃ¢ÂÂt want to miss. At AMS we always have the highest quality seeds, which is why we are known worldwide. We have been in this exciting business for 25 years and believe us when we say, thereÃ¢ÂÂs nothing we like more than filling your gardens with these true marvels of mother nature.",Easy,,energetic,berries,6-10 weeks,,,,,,,75.0,,html/3124f98918c3c1da.html,25.0,2026-01-14,Indica,https://amsterdammarijuanaseeds.com/purple-punch-feminized-seeds/,,,,20.0,,,,,,
83448770-4bd5-4974-815b-d77914d5ee54,amsterdam,White Widow Xtrm Autoflower,,,,,,,,"Continental, Mediterranean, Temperate, Tropical, Warm Dry","White Widow is the most popular white strain, the buds can be completely white and covered in nice sticky resin crystals. The high is extreme and the taste divine.",Easy,,energetic,pine,6-10 weeks,,,,,,,60.0,,html/33132c803cdc531c.html,40.0,2026-01-14,Hybrid,https://amsterdammarijuanaseeds.com/white-widow-xtrm-autoflower/,,,,30.0,30.0,20.0,,,,
2ed40b3a-1206-47dc-8bcf-0b8035adcb5e,amsterdam,Blueberry 420 Regular,,,,,,,,,Blueberry 420 kush: a strain with a strong floral scent. Nothing smokeable gets as close to the taste of blueberries as Blueberry weed. Its fruity flavor is a gift to a strain that is already so beautiful. The high is just as great: relaxed like a true Indica but euphoric at the same time. This is a combination that makes Blueberry kush perfect for daytime use Ã¢ÂÂ unusual for an Indica dominant hybrid.,Moderate,,energetic,berries,7-9 weeks,,,,,,,65.0,,html/34610ec6184c75a0.html,35.0,2026-01-14,Indica,https://amsterdammarijuanaseeds.com/blueberry-420-regular/,,,,30.0,30.0,20.0,,,,
6ad5fe66-4805-492a-ae0b-6b38c89557d1,amsterdam,Limoncello Haze Autoflower,,,38.0,,,,,Mediterranean,"Our Limoncello Haze is a blend of Lemon Ice and Super Silver Haze. Hence the nickname for this strain: Super Lemon Haze. Two-time winner of the High Times Cannabis Cup in 2008 and 2009, becoming a much sought-after strain. If you are looking for Feminized seeds with a high yield, high THC, pleasant effects, and flavors, look no further.",Moderate,,energetic,herbs,6-10 weeks,,,,,,,30.0,,html/35b285ecbb17b0ce.html,70.0,2026-01-14,Sativa,https://amsterdammarijuanaseeds.com/limoncello-haze-autoflower/,,,,38.0,,,,,,
f636ef62-0390-4d4a-a99b-d7b2b5934805,amsterdam,Grease Monkey Feminized Seeds,,,,,,,,"Continental, Temperate","Grease Monkey strain is ideal for smokers who love calming effects. With high levels of THC and CBG, it is a good companion to relax and smile with. A hybrid with extraordinary genetics, it has the most resinous traits of Gorilla Glue combined with all the power and flavor of Cookies and Cream.",Moderate,,relaxed,sweet,8-9 weeks,,,", it has the most resinous traits of Gorilla Glue combined with all the power and flavor of Cookies",,,,75.0,,html/3813b8db617ada71.html,25.0,2026-01-14,"Hybrid, Indica",https://amsterdammarijuanaseeds.com/grease-monkey-feminized-seeds/,,,,22.0,,,,,,
2169b4e3-ad24-4d7e-8bec-828b7107f8c2,amsterdam,Krank Feminized,,,,,,,,,"Krank will give you a potent jolt of energetic and uplifting effects, perfect for sparking creativity or tackling your to-do list. This Sativa-dominant hybrid (55% Sativa / 45% Indica) boasts a high THC level of up to 26%. YouÃ¢ÂÂll enjoy a unique flavor profile of sweet, musky, and skunky notes. With an average flowering time and a moderate grow difficulty, you can expect impressive indoor yields of up to 600 grams per square meter from these tall plants.",Moderate,,energetic,sweet,6-10 weeks,,,,,,,45.0,,html/38b416dbd6312223.html,55.0,2026-01-14,Hybrid,https://amsterdammarijuanaseeds.com/krank-feminized/,,,,26.0,,,,,,
a51eb399-2e16-45b4-83f2-779252d0f459,amsterdam,Skunk Supreme Feminized Seeds,,,,,,,,"Continental, Mediterranean, Temperate","Skunk Supreme feminized seeds are a marijuana growerÃ¢ÂÂs dream, as they offer all the benefits of Skunk genetics in an easy-to-grow package. The result is a high-yielding, potent plant that is perfect for those looking to get the most out of their crop. Thanks to the meticulous work of our beloved master cultivators we have created this little wonder.",Easy,,energetic,herbs,8-9 weeks,,,in an easy-to-grow package,,,,60.0,,html/3bb05a127a8322ab.html,40.0,2026-01-14,Hybrid,https://amsterdammarijuanaseeds.com/skunk-supreme-feminized-seeds/,,,,20.0,,,,,,
78fa3a43-6851-4eff-a567-58573383b321,amsterdam,Mimosa Feminized Seeds,,,,,,,,"Cold, Mediterranean, Temperate, Tropical","Experience the Delightful Journey of a Remarkable Cannabis StrainWelcome to the world of Mimosa, an extraordinary cannabis strain that promises a truly delightful experience. As a passionate marijuana grower, I am thrilled to share my firsthand knowledge and expertise with you. Join me as we explore the captivating qualities of Mimosa Feminized Seeds and discover why it has become a favorite among cannabis enthusiasts.",Moderate,,relaxed,pine,9-10 weeks,,,"ing Clementine and Purple Punch, two renowned strains that contribute to its exceptional genetic mak",,,,75.0,,html/3bc601a29e85f655.html,25.0,2026-01-14,Indica,https://amsterdammarijuanaseeds.com/mimosa-feminized-seeds/,,,,20.0,50.0,40.0,,,,
176b303a-cb36-4b1d-b833-0b875a00a047,amsterdam,Super Silver Haze,,,,,,,,"Temperate, Tropical","Super Silver Haze is a popular Sativa-dominant hybrid that is known for its high THC content. It has been awarded three times in a row, with the prestigious High Times Cannabis Cup. At Amsterdam Marijuana Seeds (AMS) we have given it a spin, making the old-style strain compatible with this new era. The strain is a cross between Skunk, Northern Lights, and Haze, it has a sweet, pungent, and earthy aroma. The high is cerebral and uplifting, perfect for daytime use. Super Silver Haze is also a great strain for creativity and socializing. Whether youÃ¢ÂÂre looking to jump-start your day or get your creative juices flowing, this strain is a great choice.",Moderate,,energetic,pine,6-10 weeks,,,"between Skunk, Northern Lights, and Haze, it has a sweet, pungent, and earthy aroma",,,,35.0,,html/3c32b68c58642c49.html,65.0,2026-01-14,Sativa,https://amsterdammarijuanaseeds.com/super-silver-haze/,,,,24.0,,,,,,
34b7f2e0-2e31-4072-a7ec-12930f68f2f1,amsterdam,Lava Cake Feminized Seeds,,,,,,,,"Mediterranean, Warm Dry","Lava Cake is one of the most demanded strains in recent times, among other reasons for its excellent flavor and relaxing effects. As always at Amsterdam Marijuana Seeds we are always on the move to keep up with the latest strains and trends. This beauty is very popular in the US and has an exceptional lineage; Thin Mint GSC and Grape Pie. Grow this delicious strain and enjoy its relaxing effects in just over 8 weeks. This strain has a lot to brag about.",Moderate,,energetic,berries,8-9 weeks,,,; Thin Mint GSC and Grape Pie,,,,75.0,,html/3e9eb3aaf8e8d1d5.html,25.0,2026-01-14,Indica,https://amsterdammarijuanaseeds.com/lava-cake-feminized-seeds/,,,,18.0,,,,,,
aa95d765-3dbe-4a2e-a2b9-172ccdd9e2cf,amsterdam,White Widow Marijuana Seeds,,,,,,,,,"White Widow is without a doubt one of the strongest and most successful commercialized cannabis strains on the market today. This highly popular weed can be found at the top of every Dutch coffee shop menu. Actually, that is not quite a surprise, since the White Widow strain finds itÃ¢ÂÂs origin in the marijuana capital of Amsterdam.",Moderate,,energetic,pine,8-12 weeks,,,,,,,60.0,,html/4221140305dd374b.html,40.0,2026-01-14,Hybrid,https://amsterdammarijuanaseeds.com/white-widow-marijuana-seeds/,,,,24.0,30.0,20.0,,,,
15817540-7a3c-40f6-8fec-cbfba7db568a,amsterdam,Skunk Red Hair Seeds,,,,,,,,,Skunk Red Hair is weed that is easily to recognize by the red hairs. This strain is fast growing and early flowering. You can expect an excellent yield. Skunk Red Hair is one of a kind. Buy these seeds now at Amsterdam Marijuana Seeds and enjoy the typical skunk taste and smell. The tight bud formation makes Skunk Red Hair your own hidden gem.,Easy,,energetic,sweet,6-10 weeks,,,,,,,75.0,,html/4270288f4b045188.html,25.0,2026-01-14,Indica,https://amsterdammarijuanaseeds.com/skunk-red-hair-seeds/,,,,15.0,,,,,,
e3337ab2-e0b1-434f-ae8f-141c82850a40,amsterdam,Happy Haze Feminized,,,,,,,,"Mediterranean, Temperate, Tropical","Happy Haze is a strain with strong euphoric effects. Happy Haze has a clear-headed high, but after some time, you will notice the Indica effects begin to emerge.",Moderate,,energetic,herbs,10-16 weeks,,,,,,,25.0,,html/45fc08a4cceecfb1.html,75.0,2026-01-14,Sativa,https://amsterdammarijuanaseeds.com/happy-haze-feminized/,,,,30.0,,,,,,
3a2b62f3-3337-427f-b8c1-769d899b0ebc,amsterdam,Boogie Nights Feminized,,,,,,,,,"Boogie Nights Ã¢ÂÂ Set up your disco ball, light up a joint, and let the fun and good vibes flow. It is Sativa dominant (60%) and reaches quite powerful THC levels, between 20 and 30%. YouÃ¢ÂÂll feel the party vibe after consuming this weed.","Expert, Moderate",,relaxed,sweet,6-10 weeks,,,,,,,40.0,,html/47f552c1c67a2d2e.html,60.0,2026-01-14,Hybrid,https://amsterdammarijuanaseeds.com/boogie-nights-feminized/,,,,30.0,,,,,,
cb538fec-f787-42f7-bdc4-0cd92c94be08,amsterdam,Rainbow Kush Feminized,,,,,,,,"Cold, Warm Dry","The origin of the Rainbow Kush strain is a bit of a mystery, itÃ¢ÂÂs the most colorful marijuana strain in appearance and history. The only thing we know for sure is that itÃ¢ÂÂs a mix between Master Kush, Hindu Kush, and MontelÃ¢ÂÂs Pride. But thatÃ¢ÂÂs it! Some say the Rainbow Kush Plant was created by accident, while others believe they were bred specifically for their vibrant colors and relaxing effects.","Easy, Moderate",,relaxed,pine,6-10 weeks,,,and an average flowering period of 8 to 9 weeks,,,,85.0,,html/496cffd485fbe815.html,15.0,2026-01-14,Indica,https://amsterdammarijuanaseeds.com/rainbow-kush-feminized/,,,,15.0,,,,,,
9d38402e-e6de-4f30-9534-c2cb7780abb6,amsterdam,Girl Scout Cookies Autoflower Seeds,,,,,,,,"Mediterranean, Temperate","Girl Scout Cookies XTRM Auto-flower is the perfect Indica dominant hybrid. This classic has its origin on the west coast of the United States where it quickly became very popular. Today Girl Scout Cookies is undoubtedly one of the most popular cannabis strains worldwide. Born by crossing the popular OG Kush with the aromatic Durban Poison, this strain has an impressive heritage. This robust strain is sure to deliver thanks to its power and pleasant effects; relaxed, creative, and sociable. As one of our AMS XTRM strains, weÃ¢ÂÂve worked hard to improve on this classic by increasing yield, resistance, and potency.","Easy, Moderate",,energetic,citrus,6-10 weeks,,,"ing the popular OG Kush with the aromatic Durban Poison, this strain has an impressive heritage",,,,80.0,,html/4ad9648f73661588.html,20.0,2026-01-14,Indica,https://amsterdammarijuanaseeds.com/girl-scout-cookies-autoflower-seeds/,,,,22.0,,,,,,
d1d22417-3d7a-44a5-abe9-438bbdb9c8ed,amsterdam,Dreamcatcher,,,,,,,,,"Dreamcatcher weed is one colorful and tasty fusion of Black Domina/Blueberry X Blue Chronic. This strain is one of the newest on the market, which is already one reason to grow it. Another reason is that in this strain youÃ¢ÂÂll find a great combination of an indica and sativa strain, together they make the ultimate hybrid.",Moderate,,energetic,citrus,8-12 weeks,,,,,,,,,html/4d29652da2e1bbf7.html,,2026-01-14,Hybrid,https://amsterdammarijuanaseeds.com/dreamcatcher/,,,,20.0,,,,,,
67970273-ba52-4fbb-bfde-6ce8e7a29800,amsterdam,Misty Marijuana Seeds,,,,,,,,"Mediterranean, Warm Dry","We have mixed the Majestic White Widow and Snow White to obtain this wonder of nature. Her name is Misty. YouÃ¢ÂÂll fall in love at first sight with this strain. ItÃ¢ÂÂs an easy-to-handle, High-THC plant.",Easy,,energetic,herbs,6-10 weeks,,,,,,,70.0,,html/4d7acc259f304963.html,30.0,2026-01-14,Indica,https://amsterdammarijuanaseeds.com/misty-marijuana-seeds/,,,,20.0,,,,,,
821f4358-7620-4f1a-abc3-4d010731ba96,amsterdam,Paranoia Xtrm Feminized Seeds,,,,,,,,"Continental, Mediterranean, Temperate, Warm","Prepare to unleash the beast with Paranoia XTRM, a powerhouse strain born from the elite genetics of GG Papaya, Diesel, and Kush. This tantalizing hybrid delivers a remarkable combination of potency, flavor, and massive yields, making it a top choice for cannabis enthusiasts and cultivators alike. With a balanced composition of 60% Sativa and 40% Indica, Paranoia XTRM offers dynamic effects that ignite creativity and relaxation in equal measure.",Moderate,,energetic,citrus,,,,"of GG Papaya, Diesel, and Kush",,,,,,html/4ee40b5106cfc6b2.html,,2026-01-14,Hybrid,https://amsterdammarijuanaseeds.com/paranoia-xtrm-feminized-seeds/,,,,31.0,,,,,,
427db77f-4936-4cf5-98e6-fa5ee37ef476,amsterdam,Harley,,,7.0,,,,,"Continental, Mediterranean, Temperate","Capa Harley is a cross between Harlequin and our Green Crack. These very different strains blend beautifully together to bring you the balanced hybrid strain that leans a bit more towards Indica dominance. It is a great medicinal strain thanks to its high CBD, being around 5-7%. You can also say goodbye to stress just after a few tokes as your body will feel happy and relaxed while its earthy and woody tones fill the room. Users report cerebral euphoria upon using this strain. Harley produces a high yield of beautiful buds covered in trichomes. It can be grown indoors or outdoors and also does well when grown hydroponically.",Easy,,energetic,citrus,6-10 weeks,,,between Harlequin and our Green Crack,,,,60.0,,html/4effb9ea7fb53400.html,40.0,2026-01-14,Hybrid,https://amsterdammarijuanaseeds.com/harley/,,,,15.0,7.0,5.0,,,,
79e5ab28-b844-40de-9ae0-bc4ed129929b,amsterdam,Kryptonite Marijuana Seeds,,,,,,,,"Continental, Mediterranean, Temperate","The Kryptonite strain is one of the stronger strains available at the moment. This top-notch strain has all the great qualities you are looking for. We crossed our all-time favorite Medijuana with the immensely potent Amnesia Trance, resulting in our stunning Kryptonite seeds. With a THC level of 23% and up!","Easy, Moderate",,energetic,pine,8-12 weeks,,,"ed our all-time favorite Medijuana with the immensely potent Amnesia Trance, resulting in our stunni",,,,50.0,,html/521eedfac65b43ee.html,50.0,2026-01-14,Hybrid,https://amsterdammarijuanaseeds.com/kryptonite-marijuana-seeds/,,,,23.0,,,,,,
966121dd-8d53-4c96-9731-72fdda4c4b5f,amsterdam,Bonfire Feminized,,,,,,,,,"Bonfire feminized weed seeds. Imagine you, alone or with your friends, around the bonfire. Chilling, making fun, and enjoying life every day. If this sounds good to you, you have to grow our brand new bonfire seed. The THC and CBD levels of bonfire weed are in perfect balance and therefore the bonfire strain is perfect for daily use.",Moderate,,energetic,citrus,8-12 weeks,,,"between the worldÃ¢ÂÂs finest Indica hybrid, the crystal-coated Black Domina, and New York Turbo Diesel",,,,50.0,,html/528a8aef345f2396.html,50.0,2026-01-14,Hybrid,https://amsterdammarijuanaseeds.com/bonfire-feminized/,,,,30.0,,,,,,
d0d1fbfa-7d03-4684-b790-4bf306167f8a,amsterdam,Gushers Feminized Seeds,,,,,,,,"Mediterranean, Temperate, Warm Dry","Gushers is a very cutting-edge variety. Perfect for the most innovative smokers who like to stay up-to-date in the exciting world of marijuana. This strain was born in the USA from a cross between Triangle Kush and Gelato #41 and is one of the most demanded varieties in California today. At AMS we are very happy to be able to offer you this strain with an unbeatable pedigree, its effects will make you float wherever you are due to its high levels of THC and its yield will delight even the most demanding growers. What are you waiting for? Get on the Gushers train!","Expert, Moderate",,relaxed,berries,6-10 weeks,,,between Triangle Kush and Gelato #41 and is one of the most demanded varieties in California today,,,,75.0,,html/53a091f7a99a2cba.html,25.0,2026-01-14,Indica,https://amsterdammarijuanaseeds.com/gushers-feminized-seeds/,,,,20.0,,,,,,
80ff9334-f06c-4a7d-8395-2399fc686dbe,amsterdam,New York Turbo Diesel Autoflower,,,,,,,,"Mediterranean, Temperate, Tropical","The New York Turbo Diesel strain has its roots in The Big Apple and has been voted the best Sativa in the High Times Cannabis Cup. After all the great stories about New York Diesel, we decided to get the seeds from a friend breeder and improve the quality to adapt it to the AMS standards. This is version 2.0 and the result is a strain with a higher yield, without losing its powerful exotic qualities.","Easy, Moderate",,energetic,diesel,6-10 weeks,,,,,,,25.0,,html/56112ca00cd2a863.html,75.0,2026-01-14,Sativa,https://amsterdammarijuanaseeds.com/new-york-turbo-diesel-autoflower/,,,,20.0,,,,,,
d8165295-b258-48bd-a34b-5229a7cd3218,amsterdam,Bob Marley Sativa Seeds,,,,,,,,,The original Bob Marley weed is a must-have in your breeding collection. ItÃ¢ÂÂs the icon of cannabis reincarnated. The Bob Marley strain is very true to our legendary artist in both aroma and flavor. ItÃ¢ÂÂs sweet and exotic with a smooth and chilly high that is energetic and uplifting. Take a trip to Jamaica with this weed! Order Bob Marley seed at Amsterdam Marijuana Seeds (AMS) and get your own icon of cannabis.,,,energetic,sweet,10-12 weeks,,,,,,,25.0,,html/579f6aa24f7ccdac.html,75.0,2026-01-14,Sativa,https://amsterdammarijuanaseeds.com/bob-marley-sativa-seeds/,,,,30.0,30.0,20.0,,,,
a7173ae9-a777-4135-8685-44cbc6646d47,amsterdam,Strawberry Ice Feminized Seeds,,,,,,,,"Mediterranean, Tropical, Warm Dry","Imagine the scent of fresh, ripe strawberries wafting through the air, a sweet perfume that captivates your senses. Now, picture this scent intricately woven with an expanding sensation potent enough to make even seasoned marijuana enthusiasts pause. This is Strawberry Ice, a powerful Sativa-dominant strain shrouded in mystery, its genetic lineage the subject of much intrigue. However, piecing together the clues left by its scent, flavor, and effect, the most likely lineage of Strawberry Ice is the offspring of Haze and Strawberry Fields.",Moderate,,energetic,berries,8-12 weeks,,,the subject of much intrigue,,,,20.0,,html/57a4f89ac7eb804f.html,80.0,2026-01-14,"Hybrid, Sativa",https://amsterdammarijuanaseeds.com/strawberry-ice-feminized-seeds/,,,,23.0,,,,,,
8f80f911-72e2-4fa2-8fd2-098cadbf098c,amsterdam,Light Of Jah Autoflower,,,,,,,,"Mediterranean, Tropical, Warm Dry","This multiple Cannabis Cup Winner is undoubtedly one of the best types of marijuana in the cannabis world today. Named in honor of world famous global hemp activist and author of the most informative book on hemp and cannabis The Emperor Wears No Clothes, Jack Herer.",Easy,,energetic,herbs,6-10 weeks,,,Our Light of Jah strain is a strain that has won numerous awards at the famous High Times Cannabis C,,,,25.0,,html/57e84c04425b9585.html,75.0,2026-01-14,Sativa,https://amsterdammarijuanaseeds.com/light-of-jah-autoflower/,,,,26.0,,,,,,
741608c9-8a62-45c9-97d3-d1a22170ecad,amsterdam,Ams Supreme Feminized,,,,,,,,"Continental, Mediterranean, Temperate, Warm Dry","AMS Supreme is the ultimate relaxation strain. We crossed our famous White Widow XTRM and Critical, so it has high THC and low CBD levels. It can give you that perfect couch-locking experience. Whether youÃ¢ÂÂre looking to wind down with a movie or just want to relax and take a nap, AMS Supreme Feminized Seeds will help you get there. So sit back, relax, and enjoy the ride.",Moderate,,energetic,herbs,8-9 weeks,,,"ed our famous White Widow XTRM and Critical, so it has high THC and low CBD levels",,,,60.0,,html/5d7f79313729a400.html,40.0,2026-01-14,Hybrid,https://amsterdammarijuanaseeds.com/ams-supreme-feminized/,,,,23.0,,,,,,
0daa9e10-632e-499c-a55d-701d42a021d1,amsterdam,Ice Cream Cake Feminized Seeds,,,,,,,,"Mediterranean, Warm Dry","WhatÃ¢ÂÂs better than Ice Cream and Cake? Ice Cream Cake! This tasty strain is born from a blend of the beloved Wedding Cake and the delicious Gelato. A mix that is sure to impress, as it combines two of the most beloved strains of our times. At AMS we always stay up to date on the latest genetics, thatÃ¢ÂÂs why we never stop innovating, always offering you the best quality seeds. Do you want to know more about this strain? Keep reading.",Easy,,energetic,citrus,6-10 weeks,,,", thatÃ¢ÂÂs why we never stop innovating, always offering you the best quality seeds",,,,75.0,,html/5f54d1e77a24536f.html,25.0,2026-01-14,Indica,https://amsterdammarijuanaseeds.com/ice-cream-cake-feminized-seeds/,,,,23.0,,,,,,
81d63198-3468-45f5-a5ab-48b8f85f3e55,amsterdam,Mega Jackpot Seeds,,,,,,,,Mediterranean,"You just won the Mega Jackpot. Buying these genetics means you just purchased winning tickets. Why? Because every seed will grow out to be a Muhammad Ali amongst all marijuana strains: strong, fierce, and unbeatable. Are you a commercial grower looking to score? Then start betting on the Ã¢ÂÂgreatest of all timeÃ¢ÂÂ. Choose the winner with the biggest buds: Mega Jackpot.",Moderate,,relaxed,berries,8-12 weeks,,,means you just purchased winning tickets,,,,35.0,,html/5fda03bc1fd4350f.html,65.0,2026-01-14,Sativa,https://amsterdammarijuanaseeds.com/mega-jackpot-seeds/,,,,25.0,,,,,,
21b94e28-431f-49cc-b09c-cf980237ead7,amsterdam,Master Kush Feminized Seeds,,,,,,,,"Cold, Mediterranean, Warm Dry","Master Kush is a hybrid of two different landraces. Pakistan is where they got their start. And right here in Amsterdam, Master Kush was further grown and developed. Master Kush has an F4 classification, meaning it is an extremely stable strain. It is known for its relaxing and couch-locking effect. The buds have a sweet and earthy flavor with hints of citrus.",Moderate,,relaxed,citrus,6-10 weeks,,,,,,,85.0,,html/6046eb714f5b94b8.html,15.0,2026-01-14,Indica,https://amsterdammarijuanaseeds.com/master-kush-feminized-seeds/,,,,30.0,,,,,,
2d5f7e19-0796-4665-bdf1-c062bbc6ab15,amsterdam,Blue Cookies Feminized Seeds,,,2.0,,,,,"Mediterranean, Temperate, Warm Dry","Girl Scout Cookies and Blueberry came together to create this tasty strain, Blue Cookies. Two powerhouse-Indica dominant strains mixed together can only bear fantastic results. Delicious fruity notes and a relaxing and euphoric effect, make this a popular strain sure to please even the most discerning tokers.","Easy, Moderate",,relaxed,berries,6-10 weeks,,,,,,,90.0,,html/6094ecbe948c8858.html,10.0,2026-01-14,Indica,https://amsterdammarijuanaseeds.com/blue-cookies-feminized-seeds/,,,,23.0,,,,,,
152512d5-9346-4650-b294-4de7cd9cc67a,amsterdam,Green Crack Feminized Seeds,,,,,,,,"Mediterranean, Temperate","The origin of Green Crack is in dispute. It seems that it was originally developed in Athens, Georgia, in the Ã¢ÂÂ70s. It is also debatable as to whether it is descended from the popular Skunk or from some Afghan Indica. Whatever the origins, it is an amazing strain.","Easy, Moderate",,energetic,herbs,7-9 weeks,,,,,,,20.0,,html/60ceba70ac7aa365.html,80.0,2026-01-14,Sativa,https://amsterdammarijuanaseeds.com/green-crack-feminized-seeds/,,,,30.0,,,,,,
f257da7f-8689-482b-ae8e-8cf350f3a1f6,amsterdam,Northern Lights Xtrm Autoflower,,,,,,,,"Cold, Mediterranean, Warm Dry","The Northern Lights Autoflowering strain is a beautiful balance of 11 different genetics from various strains that find their origins on the west coast of the United States. This particular plant is predominated by a sweet, tropical Indica and has a THC level of 15 Ã¢ÂÂ 20%. This makes for a delightful aroma and a very relaxing high.",Easy,,energetic,herbs,7-8 weeks,,,from various strains that find their origins on the west coast of the United States,,,,70.0,,html/60d065eb0ab053e2.html,30.0,2026-01-14,Indica,https://amsterdammarijuanaseeds.com/northern-lights-xtrm-autoflower/,,,,20.0,50.0,40.0,,,,
836d05eb-d08d-4657-a882-fd31b6f14820,amsterdam,Haze Feminized Seeds,,,,,,,,,The original sativa from California with a light Skunk crossing. Bushy tall plant with leggy stems and log gold tinged buds with narrow leaves. The THC ratio of sativas is always high so the buds might be small but they are very potent.,,,energetic,,8-12 weeks,,,,,,,25.0,,html/619cda6c7afaa59b.html,75.0,2026-01-14,Sativa,https://amsterdammarijuanaseeds.com/haze-feminized-seeds/,,,,21.0,,,,,,
8fcad249-850b-47a3-b507-0a85647a79a4,amsterdam,Pixie Dust Feminized Marijuana Seeds,,,,,,,,Mediterranean,"Pixie Dust Feminized is a cross between the famous White Widow and Lavender. The combination between these two strains results in a super tasty weed which will be hard to forget about once youÃ¢ÂÂve tried it. She is easy to grow and with her rock hard buds, harvesting will be a piece of cake. The high you get from Pixie Dust weed is insanely strong and long lasting.",Easy,,energetic,sweet,8-12 weeks,,,between the famous White Widow and Lavender,,,,70.0,,html/6413bff6fb4692ad.html,30.0,2026-01-14,Indica,https://amsterdammarijuanaseeds.com/pixie-dust-feminized-marijuana-seeds/,,,,25.0,,,,,,
376b9cd6-8705-45c7-b451-41d4a4d0b20c,amsterdam,Skunk Special Seeds,,,,,,,,"Mediterranean, Temperate","Skunk Special is a classic. She is the mother of many well-known strains and became popular in the 60s and 70s in the USA, and later on conquered The Netherlands in the 80s. And boy, what are we glad we got introduced to this beauty.","Easy, Moderate",,energetic,citrus,6-10 weeks,,,,,,,70.0,,html/6758e438ba7eaa26.html,30.0,2026-01-14,Indica,https://amsterdammarijuanaseeds.com/skunk-special-seeds/,,,,15.0,,,,,,
3e127278-a316-45e4-908c-a0c31c1b8b46,amsterdam,Jack O Lantern Feminized,,,,,,,,,Jack OÃ¢ÂÂLantern is predominantly an Indica strain. This makes it perfect for sitting back with a good cup of coffee in one hand and a good joint in the other while you let your mind get rid of any worries.,Moderate,,relaxed,citrus,6-10 weeks,,,,,,,60.0,,html/685261fffd98b558.html,40.0,2026-01-14,Hybrid,https://amsterdammarijuanaseeds.com/jack-o-lantern-feminized/,,,,20.0,,,,,,
5f92f954-80ad-4669-bd01-dca7f3027860,amsterdam,La Blanca Feminized Seeds,,,,,,,,,"Our beloved White Widow was sent to our beloved friends and colleagues in Spain. We challenged them to make it even better, challenge excepted they replied. La Blanca is a White Widow with a Spanish twist. La Blanca boosts appetite and is great for a siesta.",,,energetic,,8-12 weeks,,,,,,,,,html/69e8fd76c3604225.html,,2026-01-14,,https://amsterdammarijuanaseeds.com/la-blanca-feminized-seeds/,,,,30.0,30.0,20.0,,,,
8213d7a3-eccd-449e-ba43-d2d5614a426d,amsterdam,Master Kush Seeds,,,,,,,,,"If youÃ¢ÂÂre looking for a delicious skunk strain with an exotic twist, then youÃ¢ÂÂll want to try Hawaii Skunk. The original Hawaiian strain crossed with Skunk#1 gives a plant that is short and sturdy. Ideal for outdoor growers. Hawaii skunk is also very easy to grow. This sweet and pungent strain has strong effects that will leave you feeling relaxed and euphoric. A must for novelty lovers, smoke it close your eyes, and hear the waves break on Honolulu beach!",Moderate,,energetic,citrus,7-9 weeks,,,ed with Skunk#1 gives a plant that is short and sturdy,,,,80.0,,html/6a12d0727f574e46.html,20.0,2026-01-14,Indica,https://amsterdammarijuanaseeds.com/master-kush-seeds/,,,,25.0,,,,,,
7dd0af5f-fa02-4223-96ee-b4b4e81d8a42,amsterdam,Durban Poison Feminized Marijuana Seeds,,,,,,,,,,,,energetic,lemon,,,,"of pure cannabis breeds, and those bred from female and male parental figures usually give 50% male",,,,,,html/6a3099ff4b7fa91d.html,,2026-01-14,,https://amsterdammarijuanaseeds.com/durban-poison-feminized-marijuana-seeds/,,,,,,,,,,
48d8fbe0-e732-40ef-92d2-79cb0a9221a4,amsterdam,Blueberry 420 Autoflower Seeds,,,,,,,,"Cold, Mediterranean, Temperate","Looking for a cannabis strain that is easy to grow and wonÃ¢ÂÂt require a lot of maintenance? Check out Blueberry 420 autoflower seeds! These babies are perfect for impatient growers who want to see results fast. Plus, the delightful berry flavor is sure to please everyoneÃ¢ÂÂs palate.",Moderate,,energetic,berries,6-10 weeks,,,"The genealogy of this feminized strain can be traced all the way back to Goa, India",,,,60.0,,html/6b8d7294be8cd9be.html,40.0,2026-01-14,Hybrid,https://amsterdammarijuanaseeds.com/blueberry-420-autoflower-seeds/,,,,30.0,,,,,,
e1fc8657-a3bc-417a-8579-afeac32c0e20,amsterdam,Moab Autoflower,,,,,,,,"Mediterranean, Temperate, Tropical, Warm Dry","This exceptional strain has no equal, created especially for all the growers who are looking to smoke a strain that offers everything you have been looking for all your life. Made with a Blueberry 420 x Chem dawg crossed with a Blue Dream XTRM x Hindu kush. This powerful strain is phenomenal when it comes to taste and flavor. She tastes both earthy and sweet, with a rich blueberry flavor with slight diesel undertones.","Expert, Moderate",,energetic,berries,6-10 weeks,,,ed with a Blue Dream XTRM x Hindu kush,,,,20.0,,html/6c9cfbe0c02de0e1.html,80.0,2026-01-14,Sativa,https://amsterdammarijuanaseeds.com/moab-autoflower/,,,,30.0,,,,,,
27370dc6-f0c3-4c48-81bd-54f10597de37,amsterdam,Lemon Ice Marijuana Seeds,,,,,,,,"Mediterranean, Temperate","Lemon Ice is a hybrid cannabis strain that combines the best of both Indica and Sativa effects. The high is cerebral and uplifting, while also providing full-body relaxation. This makes it a great choice for daytime use. The taste is sweet and lemony, with hints of diesel. Lemon Ice is perfect for growers who want to produce a high-quality product with an amazing taste. Give her enough space, because Lemon Ice marijuana loves the sun. With the right care, she will give you lots of her precious buds.",Moderate,,energetic,pine,6-10 weeks,,,,,,,30.0,,html/6d343e385dab6c36.html,70.0,2026-01-14,Sativa,https://amsterdammarijuanaseeds.com/lemon-ice-marijuana-seeds/,,,,20.0,,,,,,
62cd1ba9-f09b-46d4-9920-823ea2a39e7b,amsterdam,Big Bud Seeds,,,,,,,,,"Big Bud is a marijuana strain that is designed for commercial use. You will get a great harvest that is easy to grow. It takes a while before this extraordinary plant flowers, but the payout is worth the wait. Big Bud seeds of Amsterdam Marijuana Seeds (AMS) are considered the best seeds in the world. Try it and let its size surprise you.",Easy,,relaxed,sweet,6-10 weeks,,,"Of Skunk And Afghan Weed
Big Bud is actually a cross between Skunk and Afghan, which makes it simple",,,,70.0,,html/6ee8b67950bcc918.html,30.0,2026-01-14,Indica,https://amsterdammarijuanaseeds.com/big-bud-seeds/,,,,15.0,,,,,,
4d00daab-0dfa-46a0-9be9-a5f9b06e6628,amsterdam,Chronic Feminized,,,,,,,,"Mediterranean, Temperate, Warm Dry","If you are a big cannabis fan, you definitely must have heard a thing about the chronic feminized cannabis strain. For many, their reasons for picking chronic feminized cannabis strain ahead of others is its combination of delicious sweet fragrance and its amazingly beautiful appearance. For others, chronic is simply their run-to for cannabis-derived medicinal properties. No matter how you choose to use this strain, it gives you a thousand reasons to keep coming back for more. It is considered the most demanded seed in the world, and not many seed banks can offer you a sustainable supply. But we have just enough to satisfy your hunger for a lifetime of premium cannabis experience.","Easy, Moderate",,relaxed,sweet,6-10 weeks,,,"-breeding of Northern Lights, Skunk, and AK 47",,,,70.0,,html/70e3fb172a645e71.html,30.0,2026-01-14,Indica,https://amsterdammarijuanaseeds.com/chronic-feminized/,,,,20.0,,,,,,
fbc1411f-5a2e-4c6d-a7cd-ea4df8410484,amsterdam,Chocolope Feminized,,,,,,,,,"Chocolope excels at uplifting moods, keeping spirits high, and radiating positive vibes. Unlock your creative potential and embrace a mental voyage filled with boundless energy and inspiration.",Easy,,energetic,fruity,6-10 weeks,,,,,,,10.0,,html/73a7a1fb74c56c08.html,90.0,2026-01-14,Sativa,https://amsterdammarijuanaseeds.com/chocolope-feminized/,,,,22.0,,,,,,
98e8efac-5ea2-484b-b5d4-17e674de23fd,amsterdam,Big Black Indica Feminized,,,,,,,,,"Big Black Indica: She looks like a dark and classy White Widow covered in crystals and THC resins. Our Big Black Indica offers you the best of the best strains available, Afghan, White Widow, and Big Bud. But do not be fooled by this beauty, her characteristics are killing: Enormous produduce, loads of THC crystals and a powerful smoke.",Easy,,relaxed,sweet,6-10 weeks,,,"between Afghan, White Widow, and Big Bud, our Big Black pot offers you the best of the best characte",,,,85.0,,html/746b813792401984.html,15.0,2026-01-14,Indica,https://amsterdammarijuanaseeds.com/big-black-indica-feminized/,,,,20.0,,,,,,
e9f1cc44-8a09-4902-b6ca-16d2257d712c,amsterdam,Medijuana Feminized,,,,,,,,,"The Medijuana feminized strain was born out of painstaking effort and skillful craftsmanship by the master breeders of AMS. Around 2003, after several years of diligent selective crossbreeding, the creation of Medijuana was realized. It boasts an enriched lineage closely connected to esteemed strains such as the White Widow and Skunk. This remarkable strain shares many distinctive traits with the White Widow, which only adds to its allure in the cannabis community.",Moderate,,energetic,citrus,8-9 weeks,,,"breeding, the creation of Medijuana was realized",,,,60.0,,html/791d2711696be220.html,40.0,2026-01-14,Hybrid,https://amsterdammarijuanaseeds.com/medijuana-feminized/,,,,5.0,,,,,,
3bbb680c-3738-40cd-8e03-a6ae3db7eb18,amsterdam,New York Turbo Diesel Seeds,,,,,,,,,"New York Turbo Diesel is the 2.0 version of the original, selected by our master breeder Relaximo himself. It is a very popular weed. This hybrid leans towards Sativa dominance. ItÃ¢ÂÂs a cross between Mexican and Afghani races. How popular is New York Turbo Diesel really? Well, it won the High Times Cannabis Cup.",Moderate,,energetic,diesel,8-12 weeks,,,between Mexican and Afghani races,,,,25.0,,html/7adf4da5163e3e1c.html,75.0,2026-01-14,Sativa,https://amsterdammarijuanaseeds.com/new-york-turbo-diesel-seeds/,,,,20.0,,,,,,
b3b20b4b-d98d-4dad-b99f-28e9ce9ba41a,amsterdam,Ams Xtrm Feminized,,,,,,,,"Temperate, Tropical","When you think of AMS XTRM, you think of stability, amazing yields, and excellent quality. The buds are covered with nice sticky resin. After rolling your AMS weed into a perfect joint, just light it up and experience the sensation of all the amazing flavors. Sounds pretty amazing, doesnÃ¢ÂÂt it!?",Moderate,,relaxed,citrus,9-11 weeks,,,,,,,20.0,,html/7b5dddce2d85b2ac.html,80.0,2026-01-14,Sativa,https://amsterdammarijuanaseeds.com/ams-xtrm-feminized/,,,,23.0,,,,,,
06928362-7545-41d4-83ea-5b6f3857d14c,amsterdam,Northern Light Seeds,,,,,,,,"Cold, Mediterranean, Warm Dry","The Northern Lights strain will take you on a mind-blowing trip. First off, the smell of Northern Lights weed is super sweet due to the Northern Lights strain being predominantly a tropical Indica. The buds are dense and loaded with crystals. Northern Lights cannabis can give you a great yield and is a perfect choice for beginner growers.",Moderate,,relaxed,herbs,8-9 weeks,,,owes a lot to the Northern Lights strain,,,,70.0,,html/7ce68f9990db7e40.html,30.0,2026-01-14,Indica,https://amsterdammarijuanaseeds.com/northern-light-seeds/,,,,30.0,,,,,,
f3880f2e-0b80-4f22-a4ba-4e4029bfbaf0,amsterdam,Cheese Autoflower,,,,,,,,"Continental, Mediterranean, Temperate, Warm Dry",Our Cheese autoflower cannabis seeds are the definition of what our master breeders at Amsterdam marijuana seed can do. It is undoubtedly one of the best-known strains in the world and has once been a winner of the prestigious High Times Cannabis Cup.,Easy,,energetic,sweet,6-8 weeks,,,Cheese has its origins in the United Kingdom,,,,75.0,,html/7ea40e87063a50ed.html,25.0,2026-01-14,Indica,https://amsterdammarijuanaseeds.com/cheese-autoflower/,,,,23.0,,,,,,
30576088-2a6b-44ab-90aa-9fdcaa876bc3,amsterdam,Cherry Pie Feminized Seeds,,,,,,,,"Mediterranean, Warm Dry","Cherry Pie is a strain that will leave you love-struck. It is tasty, powerful, fun, and productive. Trust us, the more you discover about Cherry Pie, the more you will fall in love.",Moderate,,relaxed,berries,8-9 weeks,,,"hail from the legendary Grandaddy Purple and Durban Poison, so itÃ¢ÂÂs no wonder this strain is so good",,,,75.0,,html/7eed5f64a1b50d6d.html,25.0,2026-01-14,Indica,https://amsterdammarijuanaseeds.com/cherry-pie-feminized-seeds/,,,,20.0,,,,,,
436208dd-9101-4da5-bc7b-f4cffb46add2,amsterdam,White Widow Supreme Feminized,,,,,,,,"Cold, Continental, Mediterranean, Temperate","This Indica dominant strain is perfect for when you need a little help relaxing. It will make your body feel heavy and relaxed, and will result in one big happy smile!",Moderate,,energetic,pine,8-9 weeks,,,,,,,65.0,,html/7efe731c7cd49e76.html,35.0,2026-01-14,Indica,https://amsterdammarijuanaseeds.com/white-widow-supreme-feminized/,,,,20.0,30.0,20.0,,,,
d1b6610d-b25c-479a-a15d-ea6b2061f3b9,amsterdam,Og Mass,,,,,,,,"Cold, Mediterranean, Warm Dry","If youÃ¢ÂÂre looking to relax after a long day, look no further than O.G. Mass. A few puffs of this Indica-dominant hybrid will help you unwind while still remaining focused. O.G. Mass is the perfect blend of O.G. Kush and Mass, providing extremely high THC levels that make it worth the extra attention required for indoor growth.",Moderate,,energetic,sweet,6-10 weeks,,,"breeding of the renowned OG Kush hybrid with the potent Indica strain Mass, they have created a trul",,,,70.0,,html/8237858224e2c701.html,30.0,2026-01-14,Indica,https://amsterdammarijuanaseeds.com/og-mass/,,,,20.0,,,,,,
1c7cc090-08ec-4fcf-8f7f-3a069f2660a1,amsterdam,Kali Jack Feminized,,,,,,,,"Mediterranean, Temperate, Tropical","Kali Jack is a Sativa-dominant strain that is better for wake-and-bake than a nightcap. Kali Jack has an earthy scent with notes of citrus. It may not be the easiest strain to grow, but its great buds will make it worth your while. With its strong Sativa lineage of Kali Mist and Jack Herer, you can expect this to be a tall plant. Kali Jack Feminized is perfect for indoor and outdoor cultivation, and its high THC content makes it a popular choice among experienced smokers.",Moderate,,energetic,citrus,8-12 weeks,,,"of Kali Mist and Jack Herer, you can expect this to be a tall plant",,,,10.0,,html/86682e29068c41f0.html,90.0,2026-01-14,Sativa,https://amsterdammarijuanaseeds.com/kali-jack-feminized/,,,,23.0,,,,,,
3c162560-19ff-47d7-a077-de43c5fbec68,amsterdam,Psycho Feminized,,,,,,,,,"Psycho, our newest strain is a cross between Mangolicious x Citral.",Moderate,,energetic,earthy,8-12 weeks,,,between Mangolicious x Citral,,,,60.0,,html/8ab160468896280e.html,40.0,2026-01-14,Indica,https://amsterdammarijuanaseeds.com/psycho-feminized/,,,,21.0,,,,,,
d74b0aca-4746-4737-9e50-b1484754da78,amsterdam,Thai Skunk,,,,,,,,,"Dream away with Thai Skunk. Imagine you are on a white sandy beach in Koh Phi Phi, lighting up some Thai marijuana. This must be a true Thai experience. AMS crossed the world-famous Thai strain with the Dutch champ Skunk1. The smoke from this plant is exceptional in taste and high. Grow your own Thai herb garden and start enjoying the flavor of Thailand.","Easy, Moderate",,energetic,citrus,6-10 weeks,,,ed the world-famous Thai strain with the Dutch champ Skunk1,,,,60.0,,html/8c7b112405e0542b.html,40.0,2026-01-14,Hybrid,https://amsterdammarijuanaseeds.com/thai-skunk/,,,,20.0,,,,,,
69cd5ea0-d416-464a-b4fe-4abfb7617493,amsterdam,Blueberry Muffin Feminized,,,,,,,,,"Blueberry Muffin weed, will replace your stress by happiness. This is a very powerful mix that will give you a THC of between 20 and 30%. This strain has a much-desired balance, the dreamy side of the Indica and the Sativa side to get you going.",Moderate,,energetic,berries,6-10 weeks,,,ing of two legendary strains,,,,60.0,,html/8ee44cf329a98e0f.html,40.0,2026-01-14,Hybrid,https://amsterdammarijuanaseeds.com/blueberry-muffin-feminized/,,,,30.0,,,,,,
c6a1c022-7bfb-47a0-9137-ee58dbd0af47,amsterdam,Crystal Rain Regular,,,5.0,,,,,"Continental, Mediterranean, Temperate","Crystal rain is a cross between our beloved White Widow and Northern Lights. These fabulous genetics leave us with a fantastic, winning strain, which is why in 2005 she won the prestigious High Life Cup.","Easy, Moderate",,relaxed,herbs,6-10 weeks,,,between our beloved White Widow and Northern Lights,,,,60.0,,html/913cbe0b743687a0.html,40.0,2026-01-14,Hybrid,https://amsterdammarijuanaseeds.com/crystal-rain-regular/,,,,30.0,5.0,1.0,,,,
a8568222-ccc7-45f7-b078-697110b47839,amsterdam,Amnesia Trance Feminized,,,,,,,,"Mediterranean, Temperate","The uplifting, energetic buzz provided by Amnesia Trance makes it the perfect strain for daytime smokers. This weed has earthy, peppery tastes with a refreshing twist of lemon and citrus for a wonderful way to begin your day with a grin. The euphoric, energizing buzz is one you want to experience again and again.",Moderate,,energetic,citrus,9-10 weeks,,,es Cambodian and Super Silver Haze,,,,35.0,,html/925edd11d3fc4b2d.html,65.0,2026-01-14,Sativa,https://amsterdammarijuanaseeds.com/amnesia-trance-feminized/,,,,26.0,,,,,,
26ba2b66-c421-4087-b84e-44a0378936dc,amsterdam,Runtz Feminized Seeds,,,,,,,,"Mediterranean, Temperate","Voted LeaflyÃ¢ÂÂs strain of the year in 2020, Runtz is a fan favorite. ItÃ¢ÂÂs sure not to disappoint!ÃÂ  When buying seeds itÃ¢ÂÂs important to get them from a reliable seed bank. We have been in the market for more than 25 years, always offering the best quality and service. This world is our passion and that is why we are always pushing ourselves to innovate and experiment with new trends and tastes in order to satisfy our most demanding customers. With Runtz we offer you the perfect hybrid! This tasty strain has excellent parents, Zkittlez and Gelato. Without a doubt, itÃ¢ÂÂs the gift that keeps on giving, youÃ¢ÂÂll enjoy every toke!",Moderate,,energetic,citrus,6-10 weeks,,,,,,,75.0,,html/94892cf2ba4ca869.html,25.0,2026-01-14,Indica,https://amsterdammarijuanaseeds.com/runtz-feminized-seeds/,,,,20.0,,,,,,
69f4e0b1-513e-446c-9425-8b6523005051,amsterdam,White Queen Feminized,,,,,,,,"Continental, Mediterranean, Temperate","Prepare to be mesmerized by the exquisite allure of White Queen Feminized seeds. This cannabis strain is truly in a class of its own, exuding elegance and charm with every bud. Join me on a captivating journey as we delve into the enchanting qualities that make White Queen a true queen of the cannabis realm.",Moderate,,relaxed,pine,6-10 weeks,,,,,,,65.0,,html/95f6e9a2f08b3678.html,35.0,2026-01-14,Indica,https://amsterdammarijuanaseeds.com/white-queen-feminized/,,,,25.0,,,,,,
47e6f0a1-a82e-46fc-a1db-76baca3b44ce,amsterdam,Cbdoc Marijuana Seeds,,,35.0,,,,,"Mediterranean, Warm Dry","CBDoc seeds will give you the best of both worlds of cannabis. It is a hybrid, 35% Indica and 65% Sativa. You will get quite high, with THC levels falling between 20 and 30%.",Moderate,,relaxed,sweet,6-10 weeks,,,"of Super Silver Haze and Old School Super Skunk, Cbdoc ÃÂ® regular seeds have earned a well-deserved r",,,,35.0,,html/96013d0dee2d587e.html,65.0,2026-01-14,Sativa,https://amsterdammarijuanaseeds.com/cbdoc-marijuana-seeds/,,,,30.0,,,,,,
4e4d1b23-c539-4ca9-afa3-2747260c5b08,amsterdam,Super Skunk Feminized Marijuana Seeds,,,,,,,,"Cold, Continental, Mediterranean, Temperate","Super Skunk Feminized is a cross between two of the most famous marijuana strains in existence: first, we have Skunk #1 which has an earthy flavor and high-level THC; next up on our list would be Northern Light. This combination results in one powerful smoke with sweet smells that will leave you feeling stoned after minutes Ã¢ÂÂ expect strong feelings of happiness!",Easy,,uplifting,pine,6-10 weeks,,,"between two of the most famous marijuana strains in existence: first, we have Skunk #1 which has an",,,,65.0,,html/982e92859f7a8fc3.html,35.0,2026-01-14,Indica,https://amsterdammarijuanaseeds.com/super-skunk-feminized-marijuana-seeds/,,,,20.0,20.0,16.0,,,,
