strain_id,seed_bank,strain_name_raw,awards_raw,breeder_name_raw,cbd_content_raw,cbd_max_raw,cbd_min_raw,cbd_range_raw,cbn_content_raw,climate_raw,description_raw,difficulty_raw,dominant_type_raw,effects_all_raw,flavors_all_raw,flowering_time_raw,flowering_type_raw,generation_raw,genetics_lineage_raw,height_indoor_raw,height_outdoor_raw,height_raw,indica_percentage_raw,is_hybrid_raw,s3_html_key_raw,sativa_percentage_raw,scraped_at_raw,seed_type_raw,source_url_raw,suitable_environments_raw,terpenes_raw,thc_average_raw,thc_content_raw,thc_max_raw,thc_min_raw,thc_range_raw,total_grow_time_raw,yield_indoor_raw,yield_outdoor_raw,ruderalis_percentage_clean,filial_type_clean,breeding_status_clean,strain_name_normalized,aka_names_clean,similar_spelling_clean,is_autoflower_clean,autoflower_seed_to_harvest_days_min_clean,autoflower_seed_to_harvest_days_max_clean,flowering_time_min_days_clean,flowering_time_max_days_clean,height_indoor_min_cm_clean,height_indoor_max_cm_clean,height_outdoor_min_cm_clean,height_outdoor_max_cm_clean,yield_indoor_min_g_m2_clean,yield_indoor_max_g_m2_clean,yield_outdoor_min_g_plant_clean,yield_outdoor_max_g_plant_clean,dominant_type_clean,seed_type_clean,flowering_type_clean,difficulty_clean
8d631dc2-cd74-4bba-8766-bd0be23e598d,amsterdam,Green Crack Autoflower Seeds,,,,,,,,"Mediterranean, Temperate",Green Crack is a marijuana strain that will turn the laziest person into a powerful battery with its energetic effect and fabulous aroma.,Easy,,energetic,herbs,,,,,,,,20.0,,html/00160a0bef553823.html,80.0,2026-01-14,Sativa,https://amsterdammarijuanaseeds.com/green-crack-autoflower-seeds/,,,,22.0,,,,,,,,,,green crack,,greencrackautoflowerseeds,True,70.0,70.0,,,,,,,,,,,,,,Easy
198f29fa-2d88-4045-9e48-f43c01a6380c,amsterdam,Gipsy King Feminized Seeds,,,,,,,,"Continental, Mediterranean, Temperate, Warm Dry","Prepare to be amazed by Gipsy King, a regal hybrid that combines the legendary genetics ofMOAB (Mother of all Buds)and our most powerful Kush. This carefully bred strain strikes the perfect balance between 60% Indica and 40% Sativa, delivering a versatile experience that caters to both mind and body. Whether youÃ¢ÂÂre seeking creativity, focus, or relaxation, Gipsy King offers a well-rounded high that satisfies seasoned users and novices alike.",Moderate,,energetic,pine,,,,of  MOAB (Mother of all Buds)  and our most powerful Kush,,,,,,html/03e2205750e9e2d5.html,,2026-01-14,Hybrid,https://amsterdammarijuanaseeds.com/gipsy-king-feminized-seeds/,,,,29.0,,,,,,,,,,gipsy king,,gipsykingfeminizedseeds,False,,,,,,,,,,,,,,,,Moderate
15ebe342-0c62-48b7-96ee-df8d2118c1b2,amsterdam,Medijuana Seeds,,,,,,,,"Mediterranean, Temperate, Tropical","Medijuana cannabis seeds are a versatile and easy-to-grow plant that provides high-quality results. Medijuana is a hybrid of Indica and Sativa, making it the perfect choice for those who want the best of both worlds. Its effects are uplifting and euphoric, and can also be used for medicinal purposes. These characteristics make this strain very popular among medical marijuana users.","Easy, Moderate",,energetic,herbs,,,,"and potent effects, itÃ¢ÂÂs sure to give you an enjoyable experience",,,,60.0,,html/049f25a5dcfdc3f2.html,40.0,2026-01-14,Hybrid,https://amsterdammarijuanaseeds.com/medijuana-seeds/,,,,23.0,,,,,,,,,Hybrid,medijuana,,medijuanaseeds,False,,,,,,,,,,,,,,,,
9311b1bf-2fb3-4334-a9a0-f1d7bd11372d,amsterdam,Light Of Jah Feminized Seeds,,,,,,,,"Mediterranean, Tropical, Warm Dry","Our Light of Jah strain a.k.a. Jack herer is a hybrid between Indica and Sativa. Sativa is dominant with 75% against 25% Indica. Do you want to enjoy a fruity high? Light of Jah will be perfect for you. It will give you a cerebral buzz, with your senses enjoying every part.","Expert, Moderate",,relaxed,herbs,,,,"of this strain is a bit mystical, although some people credit it as a cross between Jack Herer and a",,,,25.0,,html/0662ef9cd092f246.html,75.0,2026-01-14,Sativa,https://amsterdammarijuanaseeds.com/light-of-jah-feminized-seeds/,,,,22.0,,,,,,,,,,light of jah,,lightofjahfeminizedseeds,False,,,,,,,,,,,,,,,,
b9dabf79-68f5-430e-b7df-9fc6464f96ae,amsterdam,Cappuccino 420 Feminized,,,,,,,,"Cold, Mediterranean, Warm Dry","The Perfect Blend of Flavor and RelaxationIndulge in the exquisite flavor of Cappuccino 420 weed, packed with the rich taste of freshly roasted coffee beans and a hint of cream. These feminized seeds are not only easy to grow but also produce buds that will leave you craving for more. Discover the perfect strain to unwind with after a long day Ã¢ÂÂ Cappuccino 420.",Easy,,energetic,,,,,between the renowned Black Domina and the potent White Widow XTRM,,,,85.0,,html/06c7e95d39049d0d.html,15.0,2026-01-14,Indica,https://amsterdammarijuanaseeds.com/cappuccino-420-feminized/,,,,20.0,,,,,,,,,Hybrid,cappuccino 420,,cappuccino420feminized,False,,,,,,,,,,,,,,,,Easy
be98d0c4-deb4-4bab-8937-d3ee3c0f66f8,attitude,Archive,,,,,,,,,"Experience the ultimate Zkittlez hybrid from Zwoosh Archive Seedbank Ã¢ÂÂ short-statured, high-yielding, and ready in as little as 7 weeks for up to seven harvests a year.",,,,,,,,Cannabiogen Seeds,,,,,False,html/054f79ec7a5035e4.html,,2026-01-14T10:39:46.904754,,https://www.cannabis-seeds-bank.co.uk/archive-seeds-zwoosh/prod_9996,,,,,,,,,,,,,,,,archive,False,,,,,,,,,,,,,,,,
3d19aede-56bb-47b2-9d6e-00a0c613e7d7,attitude,Grounded Genetics Zwisher,,,,,,,,,High-grade cannabis seeds for sale at the Attitude Seedbank UK. Shop for Zwisher Cannabis Seeds By Grounded Genetics. Secure shopping & fast checkout.,,,,,,,,Zwisher | Attitude Seedbank UK,,,,,False,html/6a252a6eda3d9595.html,,2026-01-14T10:39:47.155404,,https://www.cannabis-seeds-bank.co.uk/grounded-genetics-zwisher/prod_9439,,,,,,,,,,,,,,grounded genetics zwisher,,groundedgeneticszwisher,False,,,,,,,,,,,,,,,,
6a7be7fe-8baa-4d1a-b6f6-a883c096d8e0,attitude,Zurple Punch BX Cannabis Seeds,,In House Genetics,,,,,,,Zurple Punch BX new release for 2018 from In House Genetics - View our latest collection online at the Attitude Seedbank UK website. We're constantly getting new cannabis seeds from the biggest seedbanks.,,,,,,,,The World's Largest Cannabis Seed Superstore,,,,,False,html/f67e846d468808a9.html,,2026-01-14T10:39:47.360065,,https://www.cannabis-seeds-bank.co.uk/in-house-genetics-zurple-punch-BX/prod_5492,,,,,,,,,,,,,,zurple punch bx,,zurplepunchbxcannabisseeds,False,,,,,,,,,,,,,,,,
b21e5265-c9b0-46d7-bd1d-c32030b1f232,attitude,In House Genetics Zurkle,,,,,,,,,Zurkle from In House Genetics is now available to buy! Shop over the phone or online at Attitude Seedbank UK. We offer the best promotion and fast delivery.,,,,,,,,Zurkle | Attitude Seedbank UK,,,,,False,html/8abb04171e975dc9.html,,2026-01-14T10:39:47.555528,,https://www.cannabis-seeds-bank.co.uk/in-house-genetics-zurkle/prod_8850,,,,,,,,,,,,,,in house genetics zurkle,,inhousegeneticszurkle,False,,,,,,,,,,,,,,,,
36edd2c5-a327-4eb8-9aa7-8617ce981de1,attitude,Genehtik,,,0.3,,,,,,Genehtik Seeds Zuri Widow is available at the Attitude Seedbank. Visit our website to check out the whole range of cannabis seeds. We ship worldwide.,,,,,,,,Cannabiogen Seeds,,,,,False,html/83919ea72466b74c.html,,2026-01-14T10:39:47.774417,,https://www.cannabis-seeds-bank.co.uk/genehtik-seeds-zuri-widow/prod_554,,,,,,,,,,,,,,genehtik,,genehtik,False,,,,,,,,,,,,,,,,
63381aba-bcdc-4db9-a301-52de237499d2,barneys_farm,Mimosa EVO,,Barney's Farm,,,,,,,"Buy Mimosa EVO Strain Feminized Cannabis Seeds, BARNEY'S FARM USA. Pioneering Marijuana Seeds Genetics Since 1986.",,Indica,,Fruit Punch & Citrus Tangerine Aroma,,,,,100-120cm,180-220cm,,60.0,False,html/b96dd42e675ec9c9.html,40.0,2026-01-13T14:44:13.442459,,https://www.barneysfarm.com/us/mimosa-evo-weed-strain-510,,,,30.0,30.0,30.0,,,700-800 gr/Ã£ÂÂ¡,2000 gr/plant,,,,mimosa evo,,mimosaevo,False,,,,,100.0,120.0,180.0,220.0,700.0,800.0,2000.0,2000.0,Indica,,,
5e0092aa-0669-4240-be4e-e507d69217bb,barneys_farm,Gorilla Z,,Barney's Farm,,,,,,,"Buy Gorilla Z Strain Feminized Cannabis Seeds, BARNEY'S FARM USA. Pioneering Marijuana Seeds Genetics Since 1986.",,Indica,,Fruity,,,,,100-140cm,140-180cm,,60.0,False,html/1bae67bac41eb32e.html,40.0,2026-01-13T14:44:13.610929,,https://www.barneysfarm.com/us/gorilla-zkittlez-weed-strain-459,,,,32.0,32.0,32.0,,,700-800 gr/Ã£ÂÂ¡,2000-2500 gr/plant,,,,gorilla z,,gorillaz,False,,,,,100.0,140.0,140.0,180.0,700.0,800.0,2000.0,2500.0,Indica,,,
fbedb138-bfd3-4381-9126-2a3a0b8ac5b0,barneys_farm,Zillions,,Barney's Farm,,,,,,,"Buy Zillions Strain Feminized Cannabis Seeds, Barney's Farm USA. Pioneering Marijuana Seeds Genetics Since 1986.",,Indica,,"Citrus Peel, Berries",,,,,100-120cm,150-180cm,,55.0,True,html/40f65f85dfec61b0.html,45.0,2026-01-13T14:44:13.816390,,https://www.barneysfarm.com/us/zillions-weed-strain-789,,,,32.0,32.0,32.0,,,650 gr/Ã£ÂÂ¡,2500 gr/plant,,,,zillions,,zillions,False,,,,,100.0,120.0,150.0,180.0,650.0,650.0,2500.0,2500.0,Indica,,,
19031a34-1a43-4dec-80ad-63fa5f3e0d7a,barneys_farm,LSD,,Barney's Farm,,,,,,,"Buy LSD Strain Feminized Cannabis Seeds, BARNEY'S FARM USA. Pioneering Marijuana Seeds Genetics Since 1986.",,Indica,,"Musky, Earthy Flower, Herbal, Skunky, Pungent",,,,,90-110cm,120-150cm,,70.0,True,html/d67d764dc940e940.html,30.0,2026-01-13T14:44:13.985453,,https://www.barneysfarm.com/us/lsd-weed-strain-10,,,,30.0,30.0,30.0,,,550-650 gr/Ã£ÂÂ¡,800 gr/plant,,,,lsd,,lsd,False,,,,,90.0,110.0,120.0,150.0,550.0,650.0,800.0,800.0,Indica,,,
05eab13b-10a0-4e60-b717-f537308fff3d,barneys_farm,Laughing Buddha,,Barney's Farm,,,,,,,"Buy Laughing Buddha Strain Feminized Cannabis Seeds, BARNEY'S FARM USA. Pioneering Marijuana Seeds Genetics Since 1986.",,Sativa,,"Fresh, Sweet, Exotic Fruits",,,,,100-110cm,120-150cm,,20.0,False,html/f4314671e30c4804.html,80.0,2026-01-13T14:44:14.187656,,https://www.barneysfarm.com/us/laughing-buddha-weed-strain-8,,,,24.0,24.0,24.0,,,500-600 gr/Ã£ÂÂ¡,800 gr/plant,,,,laughing buddha,,laughingbuddha,False,,,,,100.0,110.0,120.0,150.0,500.0,600.0,800.0,800.0,Sativa,,,
b27772dd-dcc5-4737-9670-e48fa5d8ea4f,compound,Compound Genetics X Method Seven,,,,,,,,,"We are very excited to announce that we've teamed up with Method Seven to bring you a limited edition Compound version of their beloved evolution glasses. The Evolution is a flat frame style colored in a sea glass blue with a matte finish. The iconic Tiger Moon Compound logo is painted on the temples. Equipped with the exclusive FX2 lens engineered for LEDs, the Compound Evolution is also incredible outside. Whether youÃ¢ÂÂre a grower or simply looking for a pair of unique sunglasses to elevate your style, the Compound Genetics Evolution FX2 is genuinely one of a kind.Limited edition of only 300!",,,,,,,,Potency: Flower Time: Vegetative Time: Aroma:,,,,,,html/bdf08980eaafba02.html,,2026-01-14,,https://seeds.compound-genetics.com/products/compound-genetics-x-method-seven,,,,,,,,,,,,,,compound genetics x method seven,,compoundgeneticsxmethodseven,False,,,,,,,,,,,,,,,,
db3e8210-bd5b-4124-a3f4-5fada3aad004,crop_king,White Wedding Strain,,Crop King Seeds,,0.2,0.1,0.1-0.2%,,,"White Wedding is a balanced hybrid with 25% THC, offering growers an easy-to-grow strain that delivers a potent, smooth, and well-rounded high.",,,,,,,,to elevate your cultivation experience,Medium (5 to 8 FT),Medium (5 to 8 FT),,,True,html/265a33cd96ed9f5c.html,,2026-01-13T11:14:53.378374,,https://www.cropkingseeds.com/feminized-seeds/white-wedding-strain-feminized-marijuana-seeds/,,,24.0,25.0,28.0,20.0,20-28%,,14 oz/m2,18 Ã¢ÂÂ 21 oz/plant,,,Hybrid,white wedding,,whiteweddingstrain,False,,,,,5.0,8.0,5.0,8.0,14.0,14.0,18.0,18.0,,,,
c1d3b9cc-bcf7-4839-8a15-c6e7c8af9dc4,crop_king,Ice Cream Sundae Strain,,Crop King Seeds,1.0,0.2,0.1,0.1-0.2%,,,"Ice Cream Sundae is a deliciously unique strain that offers a rewarding cannabis experience, perfect for elevating your growth and enjoyment.",,,,,,,,Sundae Driver and Gelato 33,Medium (5 to 8 FT),Medium (5 to 8 FT),,,False,html/22849d10d0d1d429.html,,2026-01-13T11:14:53.692892,,https://www.cropkingseeds.com/feminized-seeds/ice-cream-sundae-strain-feminized-marijuana-seeds/,,,22.5,,25.0,20.0,20-25%,,425g/m2,550g/plant,,,,ice cream sundae,,icecreamsundaestrain,False,,,,,5.0,8.0,5.0,8.0,425.0,425.0,550.0,550.0,,,,
96f5ec5c-4030-4cbd-9edb-70bd824276bd,crop_king,Watermelon Sorbet Strain,,Crop King Seeds,,1.2,0.48,0.48-1.2%,,,"Watermelon Sorbet is a balanced hybrid with 18% THC, offering a refreshing, euphoric high thatÃ¢ÂÂs smooth and energizing without heavy sedation.",,,,,,,,Watermelon Zkittlez and Sherbert,Small (0-4 FT),Medium (5 to 8 FT),,,False,html/b6f7a5d4ff50075f.html,,2026-01-13T11:14:53.970014,,https://www.cropkingseeds.com/feminized-seeds/watermelon-sorbet-strain-feminized-marijuana-seeds/,,,18.0,18.0,19.0,17.0,17-19%,,400-500 g/m2,16 oz/plant,,,,watermelon sorbet,,watermelonsorbetstrain,False,,,,,0.0,4.0,5.0,8.0,400.0,500.0,16.0,16.0,,,,
e6c01a36-ab62-4b71-8871-e2a7f0352e7a,crop_king,Grape Stomper Strain,,Crop King Seeds,,0.6,0.43,0.43-0.6%,,,"Grape Stomper is a slightly Sativa-dominant hybrid with 16-22% THC and up to 1% CBD, offering growers a rewarding and balanced cultivation experience.",,,,,,,,"make it a breeze to grow, especially for those with a bit of experience under their belt, and its flowering period of 9-",Medium (5 to 8 FT),Medium (5 to 8 FT),,,True,html/dda8bcbc975a1896.html,,2026-01-13T11:14:54.297802,,https://www.cropkingseeds.com/feminized-seeds/grape-stomper-strain-feminized-marijuana-seeds/,,,23.0,,29.0,17.0,17-29%,,400-600g/mÃÂ²,550-900g/plant,,,Hybrid,grape stomper,,grapestomperstrain,False,,,,,5.0,8.0,5.0,8.0,400.0,600.0,550.0,900.0,,,,
d17251af-a858-486f-9d42-cff5a8e799b1,crop_king,Blockhead,,Crop King Seeds,,0.2,0.1,0.1-0.2%,,,"Blockhead Feminized is an indica-dominant strain with 17-23% THC, blending Sweet Tooth and a mystery variety for a smooth, balanced experience.",,,,"Blueberry, Lemon, Pine, Sweet",,,,Sweet Tooth x Unknown Strain,Small (0-4 FT),Medium (5 to 8 FT),,,True,html/cea8cba560aa2754.html,,2026-01-13T11:14:54.711186,,https://www.cropkingseeds.com/feminized-seeds/blockhead-feminized-seeds/,,,24.0,,28.0,20.0,20-28%,,Heavy yield (approximately 500 grams/mÃ¢ÂÂ´),High yield (approximately 600 grams/plant),,,Hybrid,blockhead,,blockhead,False,,,,,0.0,4.0,5.0,8.0,500.0,500.0,600.0,600.0,,,,
dbf76673-0cf9-4829-954f-f51e3576a690,dutch_passion,Auto Xtreme Haze,,,,,,,,,,,,,,,,,,,,,,True,html/0b722e5d36a35ac4.html,,2026-01-12T12:55:37.308276,,https://dutch-passion.us/cannabis-seeds/auto-xtreme-haze,,,,0.3,0.3,0.3,,,,,,,,xtreme haze,,autoxtremehaze,True,,,,,,,,,,,,,,,,
34153c4b-4a90-44e5-afe7-62137cee0c36,dutch_passion,White Widow,,Bundles,,,,,,,,,,,,,,,treme Auto,,,,,True,html/1dea0dc25f465f1b.html,,2026-01-12T12:55:38.251947,,https://multiversebeans.com/product/dutch-passion-white-widow-auto-fem/,,,,,,,,,,,,,,white widow,,whitewidow,True,,,,,,,,,,,,,,,,
9083db49-7b73-4ca1-9189-de51e9b2eb95,dutch_passion,White Widow,,crossing Brazilian and Indian strains,,,,,,,,,,,earthy,,,F1,,,,,,True,html/c74e770d2585468a.html,,2026-01-12T12:55:38.809599,,https://dutch-passion.us/cannabis-seeds/white-widow,,,,0.3,0.3,0.3,,,,,,F1,,white widow,,whitewidow,False,,,,,,,,,,,,,,,,
cb521a6b-ed7f-4617-9eba-c018a8f5e57f,dutch_passion,Auto Ultimate,,carefully selecting and crossing The Ultimate with,,,,,,,,,,,earthy,,,,,,,,,True,html/9e2f2f7abe4371e6.html,,2026-01-12T12:55:39.451184,,https://dutch-passion.us/cannabis-seeds/auto-ultimate,,5.0,,0.3,0.3,0.3,,,,,,,,ultimate,,autoultimate,True,,,,,,,,,,,,,,,,
bd766f55-04ee-4ac2-95e4-a5512fb97a39,dutch_passion,Auto Think Different,,,,,,,,,,,,,"earthy, pine",,,,,,,,,True,html/788c790e8e73aff2.html,,2026-01-12T12:55:40.296439,,https://dutch-passion.us/cannabis-seeds/auto-think-different,,,,0.3,0.3,0.3,,,,,,,,think different,,autothinkdifferent,True,,,,,,,,,,,,,,,,
5f2d59fc-1f7e-4229-b30e-b3383e1cbe0e,exotic,Alpha One,,,,,,,,,,,,,,,,,The One x Grape Jubilee,,,,,,html/00f5219dad8ce7ad.html,,2026-01-14,,https://exoticgenetix.com/product/alpha-one-3231313/,,,,,,,,,,,,,Hybrid,alpha one,,alphaone,False,,,,,,,,,,,,,,,,
c4f5b8ad-f7ac-4f36-bf5d-5b14e5e93c25,exotic,Big Ripper,,,,,,,,,,,,,,,,,Grease Monkey x Scotty 2 Hotty,,,,,,html/02568041ecf63ce9.html,,2026-01-14,,https://exoticgenetix.com/product/big-ripper-2/,,,,,,,,,,,,,Hybrid,big ripper,,bigripper,False,,,,,,,,,,,,,,,,
7f022a02-fb52-4f4a-bfd6-f19287c7835d,exotic,Sweat Helmet,,,,,,,,,,,,,,,,,,,,,,,html/03f3cf20fc6b51d4.html,,2026-01-14,,https://exoticgenetix.com/product/sweat-helmet/,,,,,,,,,,,,,,sweat helmet,,sweathelmet,False,,,,,,,,,,,,,,,,
f4439ae3-1740-4f7f-aed4-9a7b145a858f,exotic,Big League Sherb,,,,,,,,,,,,,,,,,,,,,,,html/03ff5237075c94f6.html,,2026-01-14,,https://exoticgenetix.com/product/big-league-sherb-regs/,,,,,,,,,,,,,,big league sherb,,bigleaguesherb,False,,,,,,,,,,,,,,,,
52211850-ce3d-4715-a596-7d0109427bd1,exotic,Breakfast of Champions,,,,,,,,,,,,,,,,,Strawberry Gary x Cereal Milk,,,,,,html/042fb9ec8a880e06.html,,2026-01-14,,https://exoticgenetix.com/product/breakfast-of-champions/,,,,,,,,,,,,,Hybrid,breakfast of champions,,breakfastofchampions,False,,,,,,,,,,,,,,,,
8520bd5c-8615-40fa-9bf2-9b6c78debaea,gorilla,Delicious Seeds Black Russian Feminized,,Delicious Seeds,,,,,,,"About Delicious Seeds Black Russian FeminizedDeliciousSeedsBlack RussianFeminizedTakesMMJto the Highest Level Ã¢ÂÂ¦And then leaps even higher! A premium mix of frost-coveredWhite Russianand the eliteBlack Domina,Black RussianFeminizedSeedsput the M in MMJ. These high-performancecannabisseedsare a full 80%Indicawith an astronomical 20%THCfor deep physical relaxation that'll leave you feeling as loose & limp as an old banana peal - in a good way, of course!Black RussianFeminizedis an Extremely Physical 80%IndicaGreat for Both MMJ or Recreation20%THC, Moisture Resistant, Strong & StableConnoisseur Quality with Amazing Flavour & FragranceSweetSeedsBlack RussianFeminizedsmells great & tastes even better! Depending on the phenotype, the flavours & aromas range from lush tropical fruit to sweet, sugar-coated candy. Yum! And, you won't have to wait forever to find out exactly what's what; On average,Black Russianonly needs 50 to 55 days after the flip to get the job done. These ladies do not f*ck around!This description ofBlack RussianFeminizedis based on the features displayed by the mother plant as described by the original breeder,DeliciousSeeds.GorillaSeedssellscannabisseedsfor legal collection purposes only & prohibits any illegal usage including germination & cultivation.Buy Your Black RussianFeminizedSeedsfrom GorillaSeedsNow - No One Beats Our Prices!",,,,,,,,Black Domina / White Russian,,,,,,html/0008d7ab2b3149bb.html,,2026-01-14,,https://www.gorilla-cannabis-seeds.co.uk/deliciousseeds/feminized/black-russian-feminized.html,,,,20.0,,,,,,,,,,delicious black russian,,deliciousseedsblackrussianfeminized,False,,,,,,,,,,,,,,,,
8080ff8f-2f4f-4b76-9e18-1f25a2231902,gorilla,Purple Punch x Lemon Drizzle Feminized Seeds,,Barneys Farm Seeds,,,,,,,"About Purple Punch x Lemon Drizzle Feminized SeedsPurple Punch x Lemon Drizzle Feminized Seedsare a testament to creative cannabis breeding, blending two flavorful and potent strains into one incredible hybrid. This balanced strain offers the best of both worlds, starting with an uplifting burst of euphoria that melts into a deeply relaxing body high.The flavor profile is just as impressive as its effects. Sweet, juicy berry notes fromPurple Punchmeet the tangy citrus zest ofLemon Drizzle, creating a smooth, flavorful smoke thatÃ¢ÂÂs as satisfying as a fruity dessert.Whether youÃ¢ÂÂre looking to spark creativity or unwind after a long day, Purple Punch x Lemon Drizzle has you covered. Its balanced effects make it a versatile choice for both daytime and evening use.Why Choose Purple Punch x Lemon Drizzle Feminized Seeds?Vibrant Flavors:A blend of sweet berry and zesty citrus with earthy undertones.Balanced Effects:Uplifting and mood-boosting, followed by deep relaxation.High Potency:Withup to 24% THC, it delivers a powerful, long-lasting experience.",,,relaxing,"Blueberry Pie, Sweet, Sour, Citrus, Earthy, Grapes",,,,Purple Punch Strain x Lemon Drizzle Strain,,,,,,html/001912066400ff46.html,,2026-01-14,,https://www.gorilla-cannabis-seeds.co.uk/barneysfarm/feminized/purple-punch-x-lemon-drizzle.html,,,,24.0,26.0,24.0,,,,,,,Hybrid,purple punch x lemon drizzle,,purplepunchxlemondrizzlefeminizedseeds,False,,,,,,,,,,,,,,,,
4d3ca22a-2b04-44bb-aa89-458d41463f4e,gorilla,BCN Critical XXL Auto,,Seed Stockers,,,,,,,"About BCN Critical XXL AutoWith 22%THCor More, The Happy, Calm Highs Have Staying Power!With large top colas and twin sets of XLbudsat every lower node, BCN Critical XXL Auto is the highest yieldingCritical Plus Autowe've ever seen, bar none! This is most definitely a fluff-free and no-disappointment zone. To get there in just 75 days from seed, Seed Stockers didn't sacrifice anything but the wait. We expected nothing but the highest quality from these award-winning Kritical Bilbo X Critical Mass cross and they over delivered!BCN Critical XXL Auto Flowering Time = 75 Days fromSeed!Strong Highs - Hours of Happy, Chill EnjoymentFresh Citrus Aroma Paired with a Candied-Lemon TastePriced to Move with Fast, International Shipping!Vigorous and rapidly developing from the start, the only thing BCN Critical XXL Autoseedscould only to be faster is to start throwing pistils inside their pack! Theybudup quickly with an abundance of frost-laden flowers that are heavy for their size. Give this citrus-scented beauty the support she needs to prevent breakage from the weight. Order thisSeedStocker's best seller today in packs of 3 to 25cannabisseeds!EvenSeedStockers Was Shocked By BCN Critical XXL Auto'sYields!NB:BCN Critical XXL Auto is extremely fast, but her big sister, photoperiodBCN Critical XXL, is a bit stronger. Why not pick up a pack of each? These collectible souvenirs are for holding not germinating.",,,happy,Citrus,,,,Kritical Bilbo X Critical Mass X Auto,,,,,,html/0067ba6fbf47c977.html,,2026-01-14,,https://www.gorilla-cannabis-seeds.co.uk/seedstockers/autoflowering/bcn-critical-xxl-auto.html,,,,,,,,,,,,,Hybrid,bcn critical xxl,,bcncriticalxxlauto,True,,,,,,,,,,,,,,,,
c09783b8-8d64-40fc-b2cc-2f21b8fbf04a,gorilla,Haze Automatic,,DinaFem Seeds,100.0,,,,,,"About Haze AutomaticHaze AutomaticFeminizedis not a cure for butt stink or a runny nose, but her highCBDlevels are sure to keep you comfortable with your hurt feelings and such.Speaking of stink,Haze Autosmells great and offers crisp, fresh flavour the family will enjoy. HereÃ¢ÂÂs some other things The Gorilla forgot to tell you about:Great during or while skipping college classesLowryder #1,JYD Haze,DinaFem #1hybridSuper high-yieldautoflowering seedsSheÃ¢ÂÂs thecannabisseedwith the speed you need, and youÃ¢ÂÂd better heed this breed. Her secret to success is her heritage. This tough hybrid honey is super hard working outdoors and in, with a compact size that makes her perfect for any tight space, including pants pockets.The Gorilla is too hazed out to remind you about his high standards, fast shipping, secure purchasing, and discreet packaging, so be sure to check back tomorrow and heÃ¢ÂÂll remind you then. Until then, drink plenty of fluids and continue browsing his awesome selection ofmarijuanaseeds.Buy DinaFemSeedsHaze Automatic and Get Hazy Now!NB:The Gorilla is never too hazed out to know the law. Our products, while 100% genuine, are for amusement only. Do not, under any circumstances, attempt your ownHaze Automaticgrow.And, if you like thisHaze AutomaticStrain, check outBig Buddha Super AutomaticSativa- you'll love it!",,,happy,Strong,,,,Roadrunner (Lowryder #1 X DinaFem #1) X JYD Haze,,,,,,html/008d04208503f080.html,,2026-01-14,,https://www.gorilla-cannabis-seeds.co.uk/dinafem/autoflowering/haze-automatic.html,,,,,,,,,,,,,Hybrid,haze,,hazeautomatic,True,,,,,,,,,,,,,,,,
bff89fc7-39dc-47d1-bab3-b1463ddeef8a,gorilla,AMNESIA ZKITTLEZ AUTO,,Fast Buds Seeds,,,,,,,"About AMNESIA ZKITTLEZ AUTOAmnesia Zkittlez Auto by Fast Buds: A Flavorful Autoflowering DelightAmnesia Zkittlez Auto from Fast Buds is an exceptional strain that blends tropical fruit flavors with uplifting effects. Designed for both beginners and seasoned enthusiasts, this autoflowering marvel delivers fast results, vibrant aromas, and a powerful high. Here's why it's a must-try:Tropical Flavors:Enjoy a burst of mango, citrus, and candy-like sweetness with every hit.Uplifting Effects:Experience a euphoric and creative high thatÃ¢ÂÂs perfect for daytime use.Rapid Growth:Harvest quality buds in just 9Ã¢ÂÂ10 weeks from seed.High THC Content:Boasting THC levels of up to 24%, it's a potent choice for any enthusiast.Pairing flavorful strains like this with the right smoking setup makes all the difference Ã¢ÂÂ check outBongs.co.ukfor premium glassware and accessories that elevate your session.Whether you're looking to elevate your mood or savor the fruity aroma, Amnesia Zkittlez Auto is a top-tier choice. Explore this strain and more from Fast Buds, available now at Gorilla Seeds.New Fruity Autoflowers from Fast BudsMeet the latest flavour-forward autoflowers from Fast Buds. These fresh drops are packed with exotic terpene profiles, intense effects, and next-gen geneticsÃ¢ÂÂperfect for growers who crave powerful taste and reliable performance in one sweet autoflowering package.Papayton AutoÃÂ£11.99Lemon Cherry Runtz AutoÃÂ£11.99",,,euphoric,,,,,Amnesia Zkittlez Auto,,,,,,html/00d400be4c8e839a.html,,2026-01-14,,https://www.gorilla-cannabis-seeds.co.uk/fastbuds/autoflowering/amnesia-zkittlez-auto.html,,,,24.0,,,,,,,,,,amnesia zkittlez,,amnesiazkittlezauto,True,,,,,,,,,,,,,,,,
7be1628f-21a4-4eea-9bf4-f9e50b4d9cb0,great_lakes_genetics,Green Wolfe,False,Great Lakes Genetics,,,,,,,Green Wolfe Seed Co. - Urkleberry Kush (12 reg seeds) Genetics: Purple Urkle x a worked (2012) F3 of DynastyÃ¢ÂÂs Huckleberry Kush.,,,,earthy,,,,3rd Coast Family Farms3Thirteen SeedsADK GrassAntenna SeedsAnthos SeedsAV3 GeneticsBackyard BoogieBig Cloud PresentsBlac,,,,,,html/b3934b387ac775ee.html,,2026-01-12T17:31:00.323813,,https://www.greatlakesgenetics.com/product/green-wolfe-seed-co-urkleberry-kush-12-reg-seeds/,,,,,,,,,,,,,,green wolfe,,greenwolfe,False,,,,,,,,,,,,,,,,
b38dd350-d129-40c5-b8a4-917ee46498e9,great_lakes_genetics,Night Owl,False,Great Lakes Genetics,,,,,,,Night Owl Seeds - Space Station Gold (3 auto fem seeds) Genetics: Cosmic Queen F4S1 x Vanilla Fizz F1,,,,diesel,,,,3rd Coast Family Farms3Thirteen SeedsADK GrassAntenna SeedsAnthos SeedsAV3 GeneticsBackyard BoogieBig Cloud PresentsBlac,,,,,,html/fbfa2e45b00271af.html,,2026-01-12T17:31:00.542920,,https://www.greatlakesgenetics.com/product/night-owl-seeds-space-station-gold-3-auto-fem-seeds/,,,,,,,,,,,,,,night owl,,nightowl,True,,,,,,,,,,,,,,,,
06dd7f2c-60f1-49d7-93b0-e19f62e1f39e,great_lakes_genetics,Satori,False,Great Lakes Genetics,,,,,,,Satori Seeds - LalitÃÂ Auto (12 reg auto seeds) - Genetics: Mexican x Siberian Ruderalis x OG Kush,,,"creative, focused, happy","sweet, citrus",,,,3rd Coast Family Farms3Thirteen SeedsADK GrassAntenna SeedsAnthos SeedsAV3 GeneticsBackyard BoogieBig Cloud PresentsBlac,,,,,,html/dd9b16d299ec5125.html,,2026-01-12T17:31:00.748203,,https://www.greatlakesgenetics.com/product/satori-seeds-lalita-auto-12-reg-auto-seeds/,,,,,,,,,,,,,,satori,,satori,True,,,,,,,,,,,,,,,,
3b4573ea-36c0-41e2-85c1-1409dda8ad2d,great_lakes_genetics,Off-Grid,False,Great Lakes Genetics,,,,,,,Off-Grid Seeds - Aruba (16 reg seeds) Genetics: Aruba line originally collected via Bodhi,,,,spicy,,,,3rd Coast Family Farms3Thirteen SeedsADK GrassAntenna SeedsAnthos SeedsAV3 GeneticsBackyard BoogieBig Cloud PresentsBlac,,,,,,html/a449efb4d5587031.html,,2026-01-12T17:31:00.923959,,https://www.greatlakesgenetics.com/product/off-grid-seeds-aruba-16-reg-seeds/,,,,,,,,,,,,,,off-grid,,offgrid,False,,,,,,,,,,,,,,,,
995b6914-9d13-4af1-a9c1-4aee822c621b,great_lakes_genetics,Northern Leaf,False,Great Lakes Genetics,,,,,,,Northern Leaf Seeds - Hoochie Seeds F1 (12 reg seeds) Lineage: (GG#4 x Cheese) x MILF,,,,,,,,3rd Coast Family Farms3Thirteen SeedsADK GrassAntenna SeedsAnthos SeedsAV3 GeneticsBackyard BoogieBig Cloud PresentsBlac,,,,,,html/6c440bc7fa6fce53.html,,2026-01-12T17:31:01.164684,,https://www.greatlakesgenetics.com/product/northern-leaf-seeds-hoochie-seeds-f1-12-reg-seeds/,,,,,,,,,,,,,,northern leaf,,northernleaf,False,,,,,,,,,,,,,,,,
102af824-9225-4389-9c78-bdb779afe5ab,herbies,Mimosa Shot Herbies Seeds,,,98.29,,,,,,,,,happy,sweet,,,,Purple Punch x Clementine   Show all Show less     Mimosa Shot Strain Reviews    5.0   42 reviews,78.7,78.7,,30.0,,html/003baad9d5646147.html,70.0,2026-01-14,,https://herbiesheadshop.com/cannabis-seeds/mimosa-shot-herbies-seeds,"Outdoor, Indoor",,,98.29,,,,,2.3,28.2,,,Hybrid,mimosa shot herbies,,mimosashotherbiesseeds,False,,,,,78.7,78.7,78.7,78.7,2.3,2.3,28.2,28.2,,,,
bf6f7ab7-7553-442f-bf4f-a168560eab32,herbies,Holy Snow Ghs,,,96.74,,,,,,,,,happy,sweet,,,,Hawaiian Snow x Holy Punch   Show all Show less     Holy Snow Strain Reviews     No reviews yet. Be,,,,30.0,,html/00af474d995cd192.html,70.0,2026-01-14,,https://herbiesheadshop.com/cannabis-seeds/holy-snow-ghs,"Outdoor, Indoor",,,96.74,,,,,1.6,24.7,,,Hybrid,holy snow ghs,,holysnowghs,False,,,,,,,,,1.6,1.6,24.7,24.7,,,,
5e0b52cc-4bbe-4cc6-a4ee-43009c2350a0,herbies,Dozy Whale,,,99.34,,,,,,,,,happy,pine,,,,Dozy Doz x (White Widow IBL x Haze IBL)   Show all Show less     Dozy Whale Strain Reviews    4.9,78.7,78.7,,,,html/00d6de21c82701d2.html,,2026-01-14,,https://herbiesheadshop.com/cannabis-seeds/dozy-whale,"Outdoor, Indoor",,,99.34,,,,,1.6,21.2,,,IBL,dozy whale,,dozywhale,False,,,,,78.7,78.7,78.7,78.7,1.6,1.6,21.2,21.2,,,,
b408738e-a16e-4861-aece-6cf24f7f0c0e,herbies,Auto Lemon Z,,,99.01,,,,,,,,,happy,citrus,,,,Z x Las Vegas Lemon Skunk   Show all Show less     Auto Lemon Kix (Auto Lemon Z) Strain Reviews    4,,,,,,html/01593969fc4cf3be.html,,2026-01-14,,https://herbiesheadshop.com/cannabis-seeds/auto-lemon-z,"Outdoor, Indoor, Greenhouse",,,99.01,,,,84 days,1.6,,,,Hybrid,lemon z,,autolemonz,True,,,,,,,,,1.6,1.6,,,,,,
0c5e0af5-8e1c-430e-9eba-e8b6193db56a,herbies,Larry Og Herbies Seeds Usa,,,98.29,,,,,,,,,happy,earthy,,,,Larry OG (Indica) x OG   Show all Show less     Larry OG Strain Reviews     No reviews yet. Be the f,47.2,47.2,,,,html/01944f3623991761.html,,2026-01-14,,https://herbiesheadshop.com/cannabis-seeds/larry-og-herbies-seeds-usa,"Outdoor, Indoor",,,98.29,,,,,1.6,10.6,,,Hybrid,larry og herbies usa,,larryogherbiesseedsusa,False,,,,,47.2,47.2,47.2,47.2,1.6,1.6,10.6,10.6,,,,
e36bc822-55a3-4426-9df7-9acf8431a2ef,ilgm,Critical Mass Feminized,,,,,,,,,"Critical Mass Feminized is an 18Ã¢ÂÂ22% THC indica-dominant strain with skunky-citrus flavor, calm clarity, and heavy body relaxation for evening use.",,,,,,,,,,,,,,html/0017fbd840f2539f.html,,2026-01-13T08:30:43.034964,,https://ilgm.com/products/critical-mass-feminized-seeds,,,20.0,,22.0,18.0,,,,,,,,critical mass,,criticalmassfeminized,False,,,,,,,,,,,,,,,,
9ab82227-263a-45f4-ac60-fe9879bc5aba,ilgm,Chronic Widow Feminized,,,,,,,,,Chronic Widow is a high-potency marijuana strain that delivers energetic to relaxed effects. | Free Discreet Shipping,,,,,,,,,,,,,,html/04bda71b105a561c.html,,2026-01-13T08:36:07.216638,,https://ilgm.com/products/chronic-widow-feminized-seeds,,,,,,,,,,,,,,chronic widow,,chronicwidowfeminized,False,,,,,,,,,,,,,,,,
7d350fdc-0584-46eb-867a-50c31bf43335,ilgm,Gelonade Autoflower,,,,,,,,,"Gelonade Autoflower is a High Times Cup-winning marijuana strain that delivers energetic, giggly highs. | Free Discreet Shipping",,,,,,,,,,,,,,html/051576cf88d9b6d3.html,,2026-01-13T08:34:23.403349,,https://ilgm.com/products/gelonade-autoflower-seeds,,,,,,,,,,,,,,gelonade,,gelonadeautoflower,True,,,,,,,,,,,,,,,,
c649fc75-07ab-408c-8669-ab5a6f0434a5,ilgm,Carma Cbd Feminized,,,,,,,,,Carma is a high CBD industrial hemp strain with some of the richest levels of cannabinoids! Grow pesticide & GMO-free Carma seeds from ILGM.,,,,,,,,,,,,,,html/09d797aff08f7703.html,,2026-01-13T08:22:47.214593,,https://ilgm.com/products/carma-cbd-feminized-seeds,,,,,,,,,,,,,,carma cbd,,carmacbdfeminized,False,,,,,,,,,,,,,,,,
7bfc671f-cfe0-48c5-9391-85500434afbc,ilgm,Green Crack Feminized,,,,,,,,,Green Crack is a Snoop Dogg renamed classic with a citrus-mango Skunk flavor. | Free Discreet Shipping,,,,,,,,,,,,,,html/0a773c1f8fe81602.html,,2026-01-13T08:36:46.082779,,https://ilgm.com/products/green-crack-feminized-seeds,,,,,,,,,,,,,,green crack,,greencrackfeminized,False,,,,,,,,,,,,,,,,
936f13a3-d4d5-4f6c-a096-e31066116495,ilgm_js,LA Kush Cake,,,,,,,,Outdoor,"LA Kush Cake is a high potency cannabis that delivers happy, relaxed effects. | Free Discreet Shipping",,,relaxing,sweet,,,,Wedding Cake x Kush Mints,,,,,,html_js/ff97eb9bd80fc8a0_js.html,,2026-01-15T18:07:03.281665,,,,,,20.0,,,,,,,,,Hybrid,la kush cake,,lakushcake,False,,,,,,,,,,,,,,,,
99f3bd32-f577-4cd7-b268-c5e12f7f0e4c,mephisto_genetics,Zo Raven,,,,,,,,,"Lemon, strawberries, cream, candy and chemicals. A taste sensation in the waiting. Expect a squatter plant with beautiful fades and colours across the spectrum as she comes to the end of flower.",,,,,,,F1,Skip to content,,,,,False,html/36d978990916a846.html,,2026-01-12T17:19:09.653446,,https://mephistogenetics.com/products/zo-raven,,,,,,,,,,,,F1,,zo raven,,zoraven,False,,,,,,,,,,,,,,,,
a3df6a17-75b6-4256-9cd6-34cbae4d0652,mephisto_genetics,Zinfandel,,,,,,,,,Introducing our third drop of our new format Limited Editions! Walter White Bx1 isnÃ¢ÂÂt our first backcross; with our Artisanals line we put in the work and take things to a level that not many others do. As with our Livers BX1 project which took 12 generations of breeding to get to the point of release; our Walter White,,,,,,,BX1,Skip to content,,,,,False,html/a633ec7212e946d1.html,,2026-01-12T17:19:10.051510,,https://mephistogenetics.com/products/zinfandel,,,,,,,,,,,,BX1,,zinfandel,,zinfandel,False,,,,,,,,,,,,,,,,
b1f0a593-0edd-4b6a-8adb-af93bcd35b96,mephisto_genetics,Willy's Gum,,,,,,,,,"Willy's Gum Old School Mango Haze x HubbaBubbaHaze15/85 Bubblegum, mango and that classic haze goodness. Sweet on the nose and the inhale, sheÃ¢ÂÂs more complex than the name might give her credit for. Expect a bigger girl that might take some taming, but the work will be more than worth it in the end.",,,,,,,F1,Skip to content,,,,,False,html/3c6e5f064ddc8f37.html,,2026-01-12T17:19:10.444126,,https://mephistogenetics.com/products/willys-gum,,,,,,,,,,,,F1,,willy's gum,,willysgum,False,,,,,,,,,,,,,,,,
9f035198-4bf9-4435-b3c7-0c9919bbbb0b,mephisto_genetics,White Wedding,,,,,,,,,"Originally only available as a special freebie strain as part of our third new format Limited Editions, White Wedding is, for the first time, available for purchase! Walter White Bx1 isnÃ¢ÂÂt our first backcross; with our Artisanals line we put in the work and take things to a level that not many others do. As with our Li",,,,gas,,,BX1,Skip to content,,,,,False,html/099d70304a99577c.html,,2026-01-12T17:19:10.756034,,https://mephistogenetics.com/products/white-wedding,,,,,,,,,,,,BX1,,white wedding,,whitewedding,False,,,,,,,,,,,,,,,,
7862fd2f-7247-40e4-b087-767341ee6fb7,mephisto_genetics,White Raven,,,,,,,,,Introducing our third drop of our new format Limited Editions! Walter White Bx1 isnÃ¢ÂÂt our first backcross; with our Artisanals line we put in the work and take things to a level that not many others do. As with our Livers BX1 project which took 12 generations of breeding to get to the point of release; our Walter White,,,,diesel,,,BX1,Skip to content,,,,,False,html/f54f9eadaaeb9d4b.html,,2026-01-12T17:19:11.099988,,https://mephistogenetics.com/products/white-raven,,,,,,,,,,,,BX1,,white raven,,whiteraven,False,,,,,,,,,,,,,,,,
62a5f775-3f86-4512-942a-1fc12b7004ab,multiverse_beans,aeque genetics zwiesel strain auto fem 3 pack,,,,,,,,,,,,,,,,,,,,,,False,html/f50ebb9a32049844.html,,2026-01-12T17:01:17.027864,,https://multiversebeans.com/product/aeque-genetics-zwiesel-strain-auto-fem-3-pack/,,,,,,,,,,,,,,zwiesel,,aequegeneticszwieselstrainautofem3pack,True,,,,,,,,,,,,,,,,
e5d4d250-b1ae-4096-9db8-f56c7bfcde8d,multiverse_beans,ztrawberriez fast buds,,,,,,,,,"Genetics: Indica-dominant hybrid (Autoflowering) Flavor: Sweet, fruity (strawberry, grape, blueberry), with creamy and citrus notes Effect: Uplifting cerebral high followed by full-body relaxation Grow Info: 9Ã¢ÂÂ10 weeks seed to harvest, yields up to 600 g/mÃÂ², height ~120 cm Best For: Beginners, terpene enthusiasts, extractors, and daytime focus ÃÂ  Ztrawberriez Auto is an Indica-dominant hybrid that delivers up to 600 g/mÃÂ² of dense, resin-covered buds in just 9Ã¢ÂÂ10 weeks. Featuring a medley of fruity flavors like strawberry, lemon, grape, and blueberry, this strain offers a balanced high that uplifts the mind while relaxing the body, making it ideal for productive, stress-free days.",,,,,,,,,,,,,False,html/e1c931a4eac7f1a1.html,,2026-01-12T17:01:17.263846,,https://multiversebeans.com/product/ztrawberriez-fast-buds/,,,,,,,,,,,,,,ztrawberriez fast buds,,ztrawberriezfastbuds,False,,,,,,,,,,,,,,,,
9a241634-ba23-4730-a7ad-618dc4c3b7fe,multiverse_beans,ethos genetics zoap duet strains fem photo,,,,,,,,,CHERRY ZOAP R1 -*AND*- SUN DART R1,,,,,,,,,,,,,False,html/69a92036451a9eba.html,,2026-01-12T17:01:17.512309,,https://multiversebeans.com/product/ethos-genetics-zoap-duet-strains-fem-photo/,,,,,,,,,,,,,,ethos genetics zoap duet strains photo,,ethosgeneticszoapduetstrainsfemphoto,False,,,,,,,,,,,,,,,,
fd9b4d40-d83e-4bc0-8b63-ce8472d58e76,multiverse_beans,canuk seeds zkittlez glue elite strain fem photo,,,,,,,,,,,,,,,,,,,,,,,html/947ac2493b1436e5.html,,2026-01-12T17:01:17.678479,,https://multiversebeans.com/product/canuk-seeds-zkittlez-glue-elite-strain-fem-photo/,,,,,,,,,,,,,,canuk zkittlez glue elite photo,,canukseedszkittlezglueelitestrainfemphoto,False,,,,,,,,,,,,,,,,
b7b32e89-af90-44bc-b714-cc9c87b59f6b,multiverse_beans,canuk seeds zkittlez elite strain fem photo,,,,,,,,,,,,,,,,,,,,,,False,html/d40d9d05e2b3e9dc.html,,2026-01-12T17:01:17.870413,,https://multiversebeans.com/product/canuk-seeds-zkittlez-elite-strain-fem-photo/,,,,,,,,,,,,,,canuk zkittlez elite photo,,canukseedszkittlezelitestrainfemphoto,False,,,,,,,,,,,,,,,,
162cc771-0299-4ef6-b11c-07aaea40e239,neptune,Nasha Genetics Ã¢ÂÂ ZZ Bang,,Nasha Genetics,,,,,,,Nasha Genetics - ZZ Bang. 10 (F) Lineage: Jokerz #31 x Zoap,,,,,,,,,,,,,False,html/88d3b8ba6c043576.html,,2026-01-12T15:17:28.459070,,https://neptuneseedbank.com/product/nasha-genetics-zz-bang/,,,,,,,,,,,,,,nasha genetics ã¢ââ zz bang,,nashageneticsãââzzbang,False,,,,,,,,,,,,,,,,
54faecdc-da5a-4cae-b80c-f4339ebe693b,neptune,Secret Society,,Secret Society Seed Co,,,,,,,Secret Society Seed Co. - ZuZu Fruit. 12 Regular Seeds Lineage: Wedding Cake x Sprinklez,,,,,,,,,,,,,True,html/89d6b9f7c922042d.html,,2026-01-12T15:17:28.734876,,https://neptuneseedbank.com/product/secret-society-seed-co-zuzu-fruit/,,,,,,,,,,,,,,secret society,,secretsociety,False,,,,,,,,,,,,,,,,
3c374347-4ba4-4d2b-97a9-2df45cdf2496,neptune,Nasha Genetics Ã¢ÂÂ Zushlato,,Nasha Genetics,,,,,,,Nasha Genetics - Zushlato. 10 (F) Lineage: Gushlato #41 x Zoap,,,,,,,,,,,,,False,html/74e3cb1f376182f2.html,,2026-01-12T15:17:28.946970,,https://neptuneseedbank.com/product/nasha-genetics-zushlato/,,,,,,,,,,,,,,nasha genetics ã¢ââ zushlato,,nashageneticsãââzushlato,False,,,,,,,,,,,,,,,,
8cb5437e-7ead-412c-aef3-321dac7c61b5,neptune,In House Genetics Ã¢ÂÂ Zushi Kuro,,In House Genetics,,,,,,,"Zushi Kuro strain feminized seeds by In House combine Black Cherry Pie and Blue Zushi for cherry dessert terps, blueberry gas, and resin-heavy buds.",Easy,,,,,,,,,,,,False,html/5a371b38341a1e49.html,,2026-01-12T15:17:29.157981,,https://neptuneseedbank.com/product/zushi-kuro-strain/,,,,,,,,,,,,,,in house genetics ã¢ââ zushi kuro,,inhousegeneticsãââzushikuro,False,,,,,,,,,,,,,,,,Easy
6ee0fcf3-7d08-4b72-82b9-cd26700d5be7,neptune,In House Genetics Ã¢ÂÂ Zurkle (Feminized) 1/2pack,,In House Genetics,,,,,,,In House Genetics - Zurkle (F) 1/2pack. 6 (F) Lineage: Zoap x Urkle,,,,,,,,,,,,,False,html/e2eb876ca605d2d7.html,,2026-01-12T15:17:29.325234,,https://neptuneseedbank.com/product/in-house-genetics-zurkle-f-1-2pack/,,,,,,,,,,,,,,in house genetics ã¢ââ zurkle () 1/,,inhousegeneticsãââzurklefeminized12pack,False,,,,,,,,,,,,,,,,
685341b1-2d62-48eb-a10e-658dedca3fe9,north_atlantic,Zweet OG R2 (F),,,100.0,,,,,,Buy Zweet OG R2 (F) online from North Atlantic Seed Co. Voted #1 by the ICA Cannabis Awards. Fast shipping & premium genetics.,,,,,,,,,,,,,False,html/bb8ee74cacb6b315.html,,2026-01-12T14:54:51.653544,,https://www.northatlanticseed.com/product/new-zweet-og-r2-f/,,,,,,,,,,,,,,zweet og r2,,zweetogr2f,False,,,,,,,,,,,,,,,,
10a8dbf2-9f98-4484-8b95-27b9c7271cff,north_atlantic,Zweet Inzanity Rbx (F),,,100.0,,,,,,Buy Zweet Inzanity Rbx (F) online from North Atlantic Seed Co. Voted #1 by the ICA Cannabis Awards. Fast shipping & premium genetics.,,,,,,,,,,,,,False,html/d61eca4a8f976b5a.html,,2026-01-12T14:54:51.827663,,https://www.northatlanticseed.com/product/zweet-inzanity-rBX-f/,,1.0,,,,,,,,,,,,zweet inzanity rbx,,zweetinzanityrbxf,False,,,,,,,,,,,,,,,,
25ca3190-06bb-428c-83c5-b734560a6c79,north_atlantic,Zweet,,,100.0,,,,,,Buy Zweet Auto RBx2 online from North Atlantic Seed Co. Voted #1 by the ICA Cannabis Awards. Fast shipping & premium genetics.,,,,,,,,,,,,,False,html/322ad899eed45887.html,,2026-01-12T14:54:52.037487,,https://www.northatlanticseed.com/product/zweet-auto/,,,,,,,,,,,,,,zweet,,zweet,True,,,,,,,,,,,,,,,,
2e84519f-1dd2-4f3b-9709-d6a9ccc91266,north_atlantic,Zuzu Fruit (R),,,100.0,,,,,,Buy Zuzu Fruit (R) online from North Atlantic Seed Co. Voted #1 by the ICA Cannabis Awards. Fast shipping & premium genetics.,,,,,,,,,,,,,False,html/0d23b75f79617a58.html,,2026-01-12T14:54:52.270080,,https://www.northatlanticseed.com/product/zuzu-fruit/,,,,,,,,,,,,,,zuzu fruit,,zuzufruitr,False,,,,,,,,,,,,,,,,
648da2e7-6646-4a32-8aa6-8eb0bef30313,north_atlantic,Zushi Verde (F),,,100.0,,,,,,Buy Zushi Verde (F) online from North Atlantic Seed Co. Voted #1 by the ICA Cannabis Awards. Fast shipping & premium genetics.,,,,,,,,,,,,,False,html/acac2b6bda18518c.html,,2026-01-12T14:54:52.473883,,https://www.northatlanticseed.com/product/zushi-verde-f-ships-late-september/,,,,,,,,,,,,,,zushi verde,,zushiverdef,False,,,,,,,,,,,,,,,,
f9652719-7a3a-4279-b464-89fc92760649,royal_queen_seeds,"White
																								Widow",,,,,,,,,"With sativa, indica, and ruderalis, White Widow Auto produces a slightly spicy smoke and a hard-hitting,  relaxing high hardly found in other strains.",,Balanced Hybrid,,,,,F1,,,,,40.0,False,html/3af0fa41e94a4d05.html,40.0,2026-01-12T17:24:50.363836,,https://www.royalqueenseeds.com/us/autoflowering-cannabis-seeds/178-white-widow-automatic.html,,,,14.0,14.0,14.0,,,,,20.0,F1,,white widow,,whitewidow,True,,,,,,,,,,,,,Balanced,,,
6306bd0f-dae9-4bbb-ad77-9f87da69d731,royal_queen_seeds,"White
																								Widow",,s created our own version of this classic using Wh,,,,,,,"Created with award-winning genetics, the sativa-dominant crystalline buds of White Widow exert energetic effects and treat users to fruity tastes.",,Balanced Hybrid,,,,,F1,,,,,50.0,True,html/6deaed0247a4591b.html,50.0,2026-01-12T17:24:50.673785,,https://www.royalqueenseeds.com/us/feminized-cannabis-seeds/122-white-widow.html,,3.0,,19.0,19.0,19.0,,,,,,F1,,white widow,,whitewidow,False,,,,,,,,,,,,,Balanced,,,
049852c6-821f-4f87-8d88-363e8a536015,royal_queen_seeds,"Tropicana
																								Cookies
																								Purple",,s created this sativa-dominant hybrid by crossing,,,,,,,Get Tropicana Cookies Purple Auto seeds and enjoy unbelievably fruity flavours paired with high levels of THC and a motivating and uplifting high.,,Sativa,,,,,F1,,,,,35.0,False,html/6ed840e60945cf1e.html,60.0,2026-01-12T17:24:50.988030,,https://www.royalqueenseeds.com/us/autoflowering-cannabis-seeds/679-tropicana-cookies-purple-automatic.html,,,,20.0,20.0,20.0,,,,,5.0,F1,,tropicana cookies purple,,tropicanacookiespurple,True,,,,,,,,,,,,,Sativa,,,
503aa9d1-445a-4b1a-9383-6d23a4b7c451,royal_queen_seeds,"Triple
																								G",,s at Royal Queen Seeds set out to create Triple G,,,,,,,"Triple G Auto has it all. This Premium USA strains boasts high levels of THC, sweet terpenes, a rapid growing cycle, and rewarding yields.",,Sativa,,,,,F1,,,,60-120 cm,15.0,False,html/ce3c02ea704f5fc9.html,80.0,2026-01-12T17:24:51.290248,,https://www.royalqueenseeds.com/us/autoflowering-cannabis-seeds/572-triple-g-automatic.html,,,,20.0,20.0,20.0,,,,,5.0,F1,,triple g,,tripleg,True,,,,,,,,,,,,,Sativa,,,
9c063bf0-b742-4391-b41d-5d6177588e05,royal_queen_seeds,Trainwreck,,,,,,,,,"The autoflowering version of Trainwreck, Trainwreck Auto retains many of its parent strain's celebrated traits, including the multifaceted aroma and happy high.",,Sativa,,,,,F1,,,,80-130 cm,15.0,True,html/4b3d36b38e39716e.html,85.0,2026-01-12T17:24:51.615790,,https://www.royalqueenseeds.com/us/autoflowering-cannabis-seeds/657-trainwreck-automatic.html,,,,19.0,19.0,19.0,,,,,,F1,,trainwreck,,trainwreck,True,,,,,,,,,,,,,Sativa,,,
28a4d48b-ddd8-46b6-82d1-bad945f23232,seed_supreme,Amnesia x AK-47 Feminized,,,,,,,,,"A comparative newcomer to the scene, Amnesia x AK-47 Feminized is a Sativa-dominant hybrid that impresses in all the essential areas. Whether looking to get fired up on a Monday morning or in need of a jitter-free energy boost in the afternoon, look no further than this potent feminized hybrid of industry legends...",,Indica,,,,,,,,,,,False,html/f4ad15c7561c4a03.html,40.0,2026-01-12T17:09:15.005752,Hybrid,https://seedsupreme.com/amnesia-x-ak-47-feminized.html,,,,,,,,,,,,,,amnesia x ak,,amnesiaxak47feminized,False,,,,,,,,,,,,,Indica,,,
472b46da-a94f-40a7-942b-2eed48897974,seed_supreme,Zookies Autoflower Cannabis,,,,,,,,,,,,,,,,,,,,,,False,html/bf63f44d97612ab9.html,,2026-01-12T17:09:15.357073,,https://seedsupreme.com/zookies-autoflower.html,,,,,,,,,,,,,,zookies cannabis,,zookiesautoflowercannabis,True,,,,,,,,,,,,,,,,
3a5ebb6d-f7cc-4d55-8e95-7874f4f99c56,seed_supreme,Zombie Death Fuck Feminized,,,,,,,,,"Strongly Sativa and cerebral, this immense psychedelic pot is a miracle baby between legendary strains, and the happiest accident the cannabis community has ever seen...",,,,,,,,,,,,,False,html/dc99405999195801.html,,2026-01-12T17:09:15.726781,Hybrid,https://seedsupreme.com/zombie-death-fuck-feminized.html,,,,23.0,23.0,23.0,,,,,,,,zombie death fuck,,zombiedeathfuckfeminized,False,,,,,,,,,,,,,,,,
55276e93-c708-4ec6-b052-ab7227e6df66,seed_supreme,Zkittlez Feminized,2016.0,,,,,,,,"Probably named after the kaleidoscopic candy, Skittles, this strain promises a rainbow of fruity and sweet delights worthy of the moniker...",,,,,,,,,,,,,False,html/7c9a2e75fde41220.html,,2026-01-12T17:09:16.098711,Hybrid,https://seedsupreme.com/zkittlez-feminized.html,,,,,,,,,,,,,,zkittlez,,zkittlezfeminized,False,,,,,,,,,,,,,,,,
2f48737a-ae77-4059-b7e8-f50f0d992c36,seed_supreme,Yumbolt Autoflower,,,,,,,,,"Heavy-handed and relaxing despite her refreshing tropical rainforest aroma, this potÃ¢ÂÂs effects begin with a soaring euphoria before she drags you down to bliss and tranquility...",,,,,,,,,,,,,False,html/c41f8ed2d2cb818a.html,,2026-01-12T17:09:16.402965,Hybrid,https://seedsupreme.com/yumbolt-autoflower.html,,,,24.0,24.0,24.0,,,,,,,,yumbolt,,yumboltautoflower,True,,,,,,,,,,,,,,,,
706edf6d-825a-450f-899c-544110daa5e1,seeds_here_now,Omuerta Genetix,,,,,,,,,,,,,,,,,,,,,,,html/7a753ac3a99ed654.html,,2026-01-12T17:27:59.819519,,https://seedsherenow.com/shop/ztarfighter-regular-omuerta-genetix/,,,,,,,,,,,,,,omuerta genetix,,omuertagenetix,False,,,,,,,,,,,,,,,,
c5fc41b6-b329-4cbb-8ce1-20e3df78f406,seeds_here_now,Zkittlez OG (Autoflower) &#8211; Barney&#8217;s Farm,,Barney's Farm,1.0,,,,,,Zkittlez OG Auto seeds by Barney's Farm (Zkittlez x OG Kush) bring high yields and 7-9 week harvests with fruity sweetness. Order today.,Beginner-Friendly,,"Euphoric, relaxing, happy, creative, hungry, uplifting",,,,,Zkittlez x OG Kush,,,,,,html/2f5ae0248966a8ea.html,,2026-01-12T17:28:00.082655,Autoflower,https://seedsherenow.com/shop/zkittlez-og-autoflower-barneys-farm/,,,,,,,,,,,,,Hybrid,zkittlez og () barney&#8217;s farm,,zkittlezogautoflower8211barney8217sfarm,True,,,,,,,,,,,,,,Autoflower,,
8cd5e02f-57f0-4a83-a36d-4960c9b5de62,seeds_here_now,Z &#8211; Up (Autoflower) &#8211; Fast Buds,,,,,,,,,"Z-up Auto Seeds Ã¢ÂÂ Auto Simplicity, Proven Genetics, Great Flavor Z-Up Auto seeds bring flavor, vigor, and straight-up ease to your grow. This Autoflower Hybrid cross is bred from Z-Up Auto x Z-Up Auto, tuned for real-world gardens and consistent runs. It finishes in about 7 to 9 weeks, so you spend less time stressing [&hellip;]",,,,"Rich, appealing scent with layered complexity",,,,,,,,,,html/d8fb2c74d62fc573.html,,2026-01-12T17:28:00.286295,,https://seedsherenow.com/shop/z-up-auto-autoflower-fast-buds/,,,,,,,,,,,,,,z up () fast buds,,z8211upautoflower8211fastbuds,True,,,,,,,,,,,,,,,,
025c25c3-af67-4530-8123-dc9402eb2160,seeds_here_now,Wedding Cake (Autoflower) &#8211; Barney&#8217;s Farm,,Barney's Farm,1.0,,,,,,Wedding Cake Auto seeds by Barney's Farm (Wedding Cake x BF Super Auto #1) deliver 22-25% THC and sweet vanilla flavors. A proven favorite among growersÃ¢ÂÂshop now.,Beginner-Friendly,,"Relaxing, euphoric, happy, creative, stress relief, calming",,,,,Wedding Cake x BF Super Auto # 1,,,,,,html/ac5296ac0ea3de39.html,,2026-01-12T17:28:00.486143,Autoflower,https://seedsherenow.com/shop/wedding-cake-autoflower-barneys-farm/,,,,,,,,,,,,,Hybrid,wedding cake () barney&#8217;s farm,,weddingcakeautoflower8211barney8217sfarm,True,,,,,,,,,,,,,,Autoflower,,
ea82fc1b-0e28-45d7-a103-bf6f77f3eafc,seeds_here_now,Wedding Cake (Feminized) &#8211; Barney&#8217;s Farm,,Barney's Farm,1.0,,,,,,Wedding Cake seeds from Barney's Farm (Cherry Pie x Girl Scout Cookies) pack 22-26% THC and sweet vanilla flavors. Perfect for top-shelf growersÃ¢ÂÂgrab your pack today.,Intermediate,,"Euphoric, relaxing, happy, creative, hungry, uplifting",,,,,Cherry Pie x Girl Scout Cookies,,,,,,html/255730da29390219.html,,2026-01-12T17:28:00.749020,Feminized,https://seedsherenow.com/shop/wedding-cake-feminized-barneys-farm/,,,,,,,,,,,,,Hybrid,wedding cake () barney&#8217;s farm,,weddingcakefeminized8211barney8217sfarm,False,,,,,,,,,,,,,,Feminized,,Moderate
5aa39d7d-bf49-4590-ab89-2e3da7628fb2,seedsman_js,platinum green apple candy feminized seeds atl pgac fem,,,,,,,,,,,,,,,,,,,,,,,html_js/0001e4b9a9c43140_js.html,,2026-01-15T18:13:52.133243,,https://www.seedsman.com/us-en/platinum-green-apple-candy-feminized-seeds-atl-pgac-fem,,,,,,,,,,,,,,platinum green apple candy atl pgac,,platinumgreenapplecandyfeminizedseedsatlpgacfem,False,,,,,,,,,,,,,,,,
aafe0235-5e18-41fd-81a3-efbefe365825,seedsman_js,cbg relief auto feminized seeds sman cbgr auto fem,,,,,,,,,"Experience natural wellness with CBG Relief Auto Feminised Seeds. High-quality, easy-to-grow seeds providing a potent blend for therapeutic benefits.",,,,,,,,,,,,,,html_js/003152eeb067dfdf_js.html,,2026-01-15T18:13:52.949454,,https://www.seedsman.com/us-en/cbg-relief-auto-feminized-seeds-sman-cbgr-auto-fem,,,,,,,,,,,,,,cbg relief cbgr,,cbgreliefautofeminizedseedssmancbgrautofem,True,,,,,,,,,,,,,,,,
d83a4c2a-19b8-465e-8da9-f56cd1d07599,seedsman_js,Deluxe Sugarcane Feminized Seeds,,In House GeneticsParental linesSlurmint IX #7 x Pl,,,,,,,"Discover Deluxe Sugarcane Feminised Seeds, a top-quality product for robust plant growth. Exclusively selected for superior performance, resilience and high yield.",,,,2.0,,,,,,,,,,html_js/005677a4b6fe91d9_js.html,,2026-01-15T18:13:53.644605,Feminized,https://www.seedsman.com/us-en/deluxe-sugarcane-feminized-seeds-ihg-desu-fem,,,,,,,,,,,,,,deluxe sugarcane,,deluxesugarcanefeminizedseeds,False,,,,,,,,,,,,,,Feminized,,
dcddd0da-55bd-4722-ba22-1f2ffe986ad1,seedsman_js,Jellycat Feminised Seeds,,,,,,,,,"Jellycat Feminised Seeds #html-body [data-pb-style=SR81TQP]{justify-content:flex-start;display:flex;flex-direction:column;background-position:left top;background-size:cover;background-repeat:no-repeat;background-attachment:scroll}Jellycat is a bushy, indi",,,,,,,,,,,,,,html_js/0069dced9e352170_js.html,,2026-01-15T18:13:54.231934,,https://www.seedsman.com/us-en/jellycat-feminised-seeds-mosca-jlycat-fem,,,,,,,,,,,,,,jellycat,,jellycatfeminisedseeds,False,,,,,,,,,,,,,,,,
7c300b5c-9acd-4372-a67c-10e62eca2bf1,seedsman_js,Tangielope Kush Regular Seeds,,DNA GeneticsParental lines24K x Chocolope KushVari,,,,,,"indoor, outdoor",Tangielope Kush Regular Seeds grow an atypical indica-dominant strain in terms of both its morphology and effect. Growers will harvest some high yields of uplifting weed with a rich terpene profile. Good for extract-makers.,,,4.0,4.0,,,,,,,,,,html_js/00fe2b433cd7e88d_js.html,,2026-01-15T18:13:54.761741,Regular,https://www.seedsman.com/us-en/tangielope-kush-regular-seeds-dna-taku-reg,,myrcene,,,,,,,High Yield (450-600gr/m2),High Yield (450-750gr/plant),,,,tangielope kush,,tangielopekushregularseeds,False,,,,,,,,,450.0,600.0,450.0,750.0,,Regular,,
f1793263-c435-4405-b9ab-ef4c0a8f58e5,sensi_seeds,Strawberry Kush,,Sensi Seeds,,,,,,,,,Sativa,,,,,,,,,,,False,html/b91f42185c46ddc6.html,,2026-01-13T14:49:10.077542,,https://sensiseeds.us/feminized-seeds/strawberry-kush/,,,,,0.3,0.3,,,,,,,,strawberry kush,,strawberrykush,False,,,,,,,,,,,,,Sativa,,,
8ae00d02-16e0-4494-ba6b-b3fbce88feaf,sensi_seeds,StrawZ,,Sensi Seeds,,,,,,,,,Sativa,,,,,,,,,,,False,html/7ce6866c8c8bbd9a.html,,2026-01-13T14:49:10.265676,,https://sensiseeds.us/autoflowering-seeds/strawz/,,,,,0.3,0.3,,,,,,,,strawz,,strawz,True,,,,,,,,,,,,,Sativa,,,
9d4efcc0-85ec-4caa-a431-aad5ca0a681b,sensi_seeds,Purple Bud,,Sensi Seeds,,,,,,,,,,,,,,,,,,,,False,html/3024627e3ed17d86.html,,2026-01-13T14:49:10.436859,,https://sensiseeds.us/autoflowering-seeds/purple-bud/,,,,,0.3,0.3,,,,,,,,purple bud,,purplebud,True,,,,,,,,,,,,,,,,
a3779685-b71a-4ba4-b9df-7be771c23ed4,sensi_seeds,Sensi Purple Kush,,Sensi Seeds,,,,,,,,,,,,,,,,,,,,True,html/14405cdafe3e2bec.html,,2026-01-13T14:49:10.605388,,https://sensiseeds.us/feminized-seeds/sensi-purple-kush/,,,,,0.3,0.3,,,,,,,,sensi purple kush,,sensipurplekush,False,,,,,,,,,,,,,,,,
b2224fe6-8cc4-4e2a-a22f-26435771bcf4,sensi_seeds,BÃÂ©luga Blanc,,Sensi Seeds,,,,,,,,,,,,,,,,,,,,False,html/89cf1c946459586a.html,,2026-01-13T14:49:10.835205,,https://sensiseeds.us/feminized-seeds/beluga-blanc/,,,,,0.3,0.3,,,,,,,,bãâ©luga blanc,,bãâlugablanc,False,,,,,,,,,,,,,,,,
