bank_name,url,scraped_at,strain_name,genetics,sex,flowering,type,flowering_time,height,area,about_info,breeder_name,height_indoor,thc_content,yield_indoor,height_outdoor,harvest_period
The Attitude Seed Bank,https://www.cannabis-seeds-bank.co.uk/mandala-seeds-kalichakra/prod_731,2026-01-11T00:14:19.139619,Mandala Seeds Kalichakra,South India x S.E. Asia,Regular,Photoperiod,Mostly Sativa,68 days,Medium,"Indoor, Outdoor and Greenhouse","<p><span style=""font-weight: bold; text-decoration: underline;"">Mandala Seeds Kalichakra Cannabis Seeds</span></p>
<p>Mandala Seeds Kalichakra is named after the Indian goddess Kali (a consort of the ganja smoking Lord Shiva) to symbolize the power of this hardy, potent, high-yielding sativa. Unlike typical sativas she develops extremely well indoor with vigorous growth and sturdy stems. This hybrid vigor, and the unique land race traits, make her surprisingly adaptable and easy to grow, and a good choice for novice gardeners. Mother plants provide clones easily and quickly. The cuttings can be placed into flowering early for cultivating shorter plants in trays, grow boxes, etc., or to shorten flowering time. We recommend this strain for SOG as well. In hydroponics rapid growth can be expected.&nbsp;Kalichakra responds well to being tied down and grows an impressively&nbsp;large main cola from the even light distribution. The high calyx-to-leaf ratio and frosty coating of trichomes contribute to the exceptional quality of the ripe flowers. The plants possess on average a good mould and pest resistance thanks to our dedicated breeding goals in minimizing undesirable genetic traits. Up to the 45&deg; latitude Kalichakra delivers bumper yields outdoor and is one of the best strains available for hot and temperate climates. In far northern climates she has also performed well but results depend on plant care, local weather, and phenotype. &nbsp;</p>
Genetics: South India x S.E. Asia<br/>
Type: Mostly Sativa<br/>
Area: Indoor / Outdoor / Greenhouse<br/>
THC: 17 - 19%<br/>
Flowering time: 68 days Indoor / October Outdoor<br/>
Height: medium<br/>
Medical-grade marijuana for a broad spectrum of medical use. Assists against depression and lethargy.<br/>
<div><br/>",,,,,,
The Attitude Seed Bank,https://www.cannabis-seeds-bank.co.uk/dankonomics-genetics-seeds-funkdawg-clusterfunk/prod_4227,2026-01-11T00:14:19.480638,Dankonomics Genetics Seeds Funkdawg Clusterfunk,91 Che x 1988 G13HP x Stardawg,Regular,Photoperiod,Mostly Sativa,56 - 84 days,,"Indoor, Outdoor and Greenhouse",<div><u><strong>Dankonomics Genetics Funkdawg Clusterfunk Regular Marijuana Seeds (Clusterfunk f1 x Star Dawg #5)</strong></u>&nbsp;,,,,,,
The Attitude Seed Bank,https://www.cannabis-seeds-bank.co.uk/snowhigh-seeds-golden-white-grapefruit/prod_2199,2026-01-11T00:14:19.680274,SnowHigh Seeds Golden White Grapefruit,Grapefruit Haze x White Russian x Acapulco Gold x C99,Regular,Photoperiod,Mostly Sativa,Not specified,Medium,,"<p><u><strong>SnowHigh Seeds Golden White Grapefruit <br/>
</strong></u><br/>
(Grapefruit Haze x White Russian x Acapulco Gold x C99 )<br/>
<br/>
Golden White Grapefruit is Grapefruit Haze x White Russian that was pollinated by my Acapulco Gold x C99 male. <br/>
This strain was grown and breed outdoors using only organic soil and water without teas or fertilizers. Expect large plants outdoors with large resin coated flowers.<br/>
<br/>
Sativa Dominant</p>
<p>Area: Indoor / Outdoor<br/>
<br/>
Bloom Length: 10 to 11 weeks of flowering, Finishes October 1st at the 47 Latitude <br/>
# of Phenotypes: 2 main phenotypes so far</p>
<p><br/>
Describe each phenotype expression:<br/>
Sativaboys grow report on the Golden White Grapefruit<br/>
<br/>
Golden White Grapefruit (Snow high seeds)<br/>
grown OD in all organic soil.<br/>
10 to 11 weeks flowering<br/>
ready oct 1 to 10 (47 deg N lat)<br/>
mold resistant,big plants (avg 6 to 7 ft) very branchy.<br/>
very fruity smell early in flower, with a mellower fruitiness when ripe.<br/>
mostly green plants with a slight golden white color on the pistils when finished<br/>
1 to 2 times stretch in flower<br/>
2 phenos with the larger one being more odoriferous, but trichome covering similar in both phenos<br/>
good harvest of slightly airy buds. 11 oz from 2 plants.<br/>
very smooth toking, flavorful buds, the cure brought some of the fruit flavor back, with a little extra dankness added in<br/>
no lung expansion, no coughing. a very active high that's all in the head. great wake and bake weed and not at all overpowering. my fave daytime smoke. this one is another creeper that sneaks up on me. don't get me wrong when i say its not overpowering. this is a seriously potent sativa,its just so smooth that the high comes on slowly and all of a sudden my ears are ringing and i find myself in a very nice place. it has some good legs as well. functional is the best description i can think of.<br/>
<br/>
Stretch: 1 to 2 x</p>
<p>Resin Profile: High resin</p>
<p>Odor Score:3 <br/>
Odor Description: Fruity Grapefruit <br/>
Flavor Score: 7 <br/>
Flavor Description: Smooth Fruity Grapefruit <br/>
Potency Score: 7 <br/>
High Type: Great Day Time Smoke, Stimulating, Euphoric</p>
<p><br/>
</p>
                                <p class=""prodDisc"">
                                    Please Note: This content is for informational and educational use only. The Attitude Seed bank sells all seeds strictly for souvenir purposes or for
                                    storage and preservation of genetics in case the laws may change. We do not condone or encourage the germination of cannabis seeds and we will refuse
                                    a sale to anyone who leads us to believe they intend to use our products in an unlawful way.
                                    <br />
                                    WARNING: IT IS A CRIMINAL OFFENCE TO GERMINATE CANNABIS SEEDS IN THE UK AND MANY OTHER COUNTRIES.
                                </p>",,,,,,
The Attitude Seed Bank,https://www.cannabis-seeds-bank.co.uk/t-h-seeds-orangesicle/prod_7027,2026-01-11T00:14:19.902493,T H Seeds Orangesicle,Purple Tangie x French Cookies,Feminized,Photoperiod,Mostly Sativa,56 - 63 days,,Indoor &amp; Outdoor,"<div><span style=""font-weight: bold; text-decoration-line: underline;"">Orangesicle Cannabis Seeds by T H Seeds</span>",T,,,,,
The Attitude Seed Bank,https://www.cannabis-seeds-bank.co.uk/exotic-genetix-seeds-runtz-limited-lineup-knockout-runtz/prod_7038,2026-01-11T00:14:20.135410,Exotic Genetix Seeds Runtz Limited Lineup Knockout Runtz,Kimbo Kush x Runtz,Feminized,Photoperiod,Mostly Indica,50 - 60 days,Medium,Indoor &amp; Outdoor,"<div><span style=""font-weight: bold; text-decoration-line: underline;"">Knockout Runtz Cannabis Seeds by Exotic Genetix Seeds</span>",Exotic,,,,,
The Attitude Seed Bank,https://www.cannabis-seeds-bank.co.uk/night-owl-seeds-dog-whistle-sos-auto/prod_9481,2026-01-11T00:14:20.303370,Night Owl Seeds Dog Whistle SOS AUTO,Chem 91 Auto F4 x Whistlinâ€™ Diesel F3,Feminized,Autoflowering,Mostly Sativa,75 - 85 days,,Indoor &amp; Outdoor,"<div>
<div>
<div>
<div><span style=""font-weight: 700; text-decoration-line: underline;"">Dog Whistle SOS AUTO Cannabis Seeds by Night Owl Seeds</span>",Night,,,,,
The Attitude Seed Bank,https://www.cannabis-seeds-bank.co.uk/garden-of-green-seeds-northern-lights/prod_3816,2026-01-11T00:14:20.467275,Garden of Green Seeds Northern Lights,Northern Lights,Feminized,Photoperiod,Mostly Indica,55 days,Medium,,<div><u><strong>Northern Lights Female Cannabis Seeds - Garden Of Green Seed Bank</strong></u>,,,,,,
The Attitude Seed Bank,https://www.cannabis-seeds-bank.co.uk/humboldt-seed-organization-trainwreck/prod_1906,2026-01-11T00:14:20.655420,Humboldt Seed Organization Trainwreck,,Feminized,Photoperiod,Mostly Sativa,58 - 63 days,Medium to Tall,Indoor &amp; Outdoor,<div><u><strong>Humbooldt Seed Organization Trainwreck Feminized Cannabis Seeds&nbsp;</strong></u>,,,,,,
The Attitude Seed Bank,https://www.cannabis-seeds-bank.co.uk/mr-nice-seeds-pink-floyd/prod_790,2026-01-11T00:14:20.818165,Mr Nice Seeds Pink Floyd,Critical Mass x Haze,Regular,Photoperiod,Indica/Sativa,70 - 84 days,,"Indoor, Outdoor and Greenhouse","<p><span style=""font-weight: bold; text-decoration: underline;"">Mr. Nice Pink Floyd Cannabis Seeds&nbsp;</span></p>
<p>Mr Nice Seeds Pink Floyd is a fruity, delicious strain. This combination has already brought special grows for many. Fruity Haze with a plethora of aromas available, it is like a smorgasbord of fruits and berries and piney lemons spice...There is a yielder in this combination to boot! So it makes it something special to do and stash away for rainy days.&nbsp;</p>
<div>Genetics:<span class=""Apple-tab-span"" style=""white-space:pre""></span>CM x HzAC",,,,,,
The Attitude Seed Bank,https://www.cannabis-seeds-bank.co.uk/tga-mz-jill-genetics-mendo-jilly/prod_7646,2026-01-11T00:14:20.988346,TGA Mz Jill Genetics Mendo Jilly,Mendo Purps x Jilly Bean,Feminized,Photoperiod,,Not specified,,,"<span style=""font-weight: bold; text-decoration-line: underline;"">Mendo Jilly Cannabis Seeds by </span><span style=""font-size: 12px; font-weight: 700; text-decoration-line: underline;"">TGA&nbsp;</span><span style=""font-weight: bold; text-decoration-line: underline;"">Mz Jill Genetics&nbsp;</span>
<div><span style=""font-weight: bold; text-decoration-line: underline;""><br/>
</span>",</span><span,,,,,
The Attitude Seed Bank,https://www.cannabis-seeds-bank.co.uk/lit-farms-seeds-lemon-zoap/prod_9162,2026-01-11T00:14:21.141002,LIT Farms Seeds Lemon Zoap,(Lemonchello #28 x Jealousy) x Zoap,Feminized,Photoperiod,,56 - 63 days,,Indoor &amp; Outdoor,"<div><span style=""font-size: medium; font-weight: 700; text-decoration-line: underline;"">Lemon Zoap Cannabis Seeds by LIT Farms Seeds</span>",LIT,,,,,
The Attitude Seed Bank,https://www.cannabis-seeds-bank.co.uk/dankonomics-genetics-seeds-al-capone-og/prod_5179,2026-01-11T00:14:21.334738,Dankonomics Genetics Seeds Al Capone OG,Ghost OG aka 92 Florida OG Kush x Stardawg #2,Regular,56 - 70 days,Mostly Indica,56 - 70 days,,Indoor &amp; Outdoor,<div><u><strong>Al Capone OG Marijuana Seeds - Dankonomics Genetics</strong></u>,,,,,,
The Attitude Seed Bank,https://www.cannabis-seeds-bank.co.uk/dr-underground-seeds-king-kong/prod_1696,2026-01-11T00:14:21.484387,Dr. Underground Seeds King Kong,Ed Rosenthal Super Bud x Chronic,Feminized,Photoperiod,Indica/Sativa,49 - 56 days,,Indoor &amp; Outdoor,"<p><span style=""font-weight: bold;""><u>Dr Underground - King Kong Seeds Feminized Cannabis Seeds<br/>
</u></span></p>
<p><!--[if gte mso 9]><xml>
<w:WordDocument>
<w:View>Normal</w:View>
<w:Zoom>0</w:Zoom>
<w:TrackMoves />
<w:TrackFormatting />
<w:PunctuationKerning />
<w:ValidateAgainstSchemas />
<w:SaveIfXMLInvalid>false</w:SaveIfXMLInvalid>
<w:IgnoreMixedContent>false</w:IgnoreMixedContent>
<w:AlwaysShowPlaceholderText>false</w:AlwaysShowPlaceholderText>
<w:DoNotPromoteQF />
<w:LidThemeOther>EN-GB</w:LidThemeOther>
<w:LidThemeAsian>X-NONE</w:LidThemeAsian>
<w:LidThemeComplexScript>X-NONE</w:LidThemeComplexScript>
<w:Compatibility>
<w:BreakWrappedTables />
<w:SnapToGridInCell />
<w:WrapTextWithPunct />
<w:UseAsianBreakRules />
<w:DontGrowAutofit />
<w:SplitPgBreakAndParaMark />
<w:EnableOpenTypeKerning />
<w:DontFlipMirrorIndents />
<w:OverrideTableStyleHps />
</w:Compatibility>
<m:mathPr>
<m:mathFont m:val=""Cambria Math"" />
<m:brkBin m:val=""before"" />
<m:brkBinSub m:val=""&#45;-"" />
<m:smallFrac m:val=""off"" />
<m:dispDef />
<m:lMargin m:val=""0"" />
<m:rMargin m:val=""0"" />
<m:defJc m:val=""centerGroup"" />
<m:wrapIndent m:val=""1440"" />
<m:intLim m:val=""subSup"" />
<m:naryLim m:val=""undOvr"" />
</m:mathPr></w:WordDocument>
</xml><![endif]--><!--[if gte mso 9]><xml>
<w:LatentStyles DefLockedState=""false"" DefUnhideWhenUsed=""false""
DefSemiHidden=""false"" DefQFormat=""false"" DefPriority=""99""
LatentStyleCount=""371"">
<w:LsdException Locked=""false"" Priority=""0"" QFormat=""true"" Name=""Normal"" />
<w:LsdException Locked=""false"" Priority=""9"" QFormat=""true"" Name=""heading 1"" />
<w:LsdException Locked=""false"" Priority=""9"" SemiHidden=""true""
UnhideWhenUsed=""true"" QFormat=""true"" Name=""heading 2"" />
<w:LsdException Locked=""false"" Priority=""9"" SemiHidden=""true""
UnhideWhenUsed=""true"" QFormat=""true"" Name=""heading 3"" />
<w:LsdException Locked=""false"" Priority=""9"" SemiHidden=""true""
UnhideWhenUsed=""true"" QFormat=""true"" Name=""heading 4"" />
<w:LsdException Locked=""false"" Priority=""9"" SemiHidden=""true""
UnhideWhenUsed=""true"" QFormat=""true"" Name=""heading 5"" />
<w:LsdException Locked=""false"" Priority=""9"" SemiHidden=""true""
UnhideWhenUsed=""true"" QFormat=""true"" Name=""heading 6"" />
<w:LsdException Locked=""false"" Priority=""9"" SemiHidden=""true""
UnhideWhenUsed=""true"" QFormat=""true"" Name=""heading 7"" />
<w:LsdException Locked=""false"" Priority=""9"" SemiHidden=""true""
UnhideWhenUsed=""true"" QFormat=""true"" Name=""heading 8"" />
<w:LsdException Locked=""false"" Priority=""9"" SemiHidden=""true""
UnhideWhenUsed=""true"" QFormat=""true"" Name=""heading 9"" />
<w:LsdException Locked=""false"" SemiHidden=""true"" UnhideWhenUsed=""true""
Name=""index 1"" />
<w:LsdException Locked=""false"" SemiHidden=""true"" UnhideWhenUsed=""true""
Name=""index 2"" />
<w:LsdException Locked=""false"" SemiHidden=""true"" UnhideWhenUsed=""true""
Name=""index 3"" />
<w:LsdException Locked=""false"" SemiHidden=""true"" UnhideWhenUsed=""true""
Name=""index 4"" />
<w:LsdException Locked=""false"" SemiHidden=""true"" UnhideWhenUsed=""true""
Name=""index 5"" />
<w:LsdException Locked=""false"" SemiHidden=""true"" UnhideWhenUsed=""true""
Name=""index 6"" />
<w:LsdException Locked=""false"" SemiHidden=""true"" UnhideWhenUsed=""true""
Name=""index 7"" />
<w:LsdException Locked=""false"" SemiHidden=""true"" UnhideWhenUsed=""true""
Name=""index 8"" />
<w:LsdException Locked=""false"" SemiHidden=""true"" UnhideWhenUsed=""true""
Name=""index 9"" />
<w:LsdException Locked=""false"" Priority=""39"" SemiHidden=""true""
UnhideWhenUsed=""true"" Name=""toc 1"" />
<w:LsdException Locked=""false"" Priority=""39"" SemiHidden=""true""
UnhideWhenUsed=""true"" Name=""toc 2"" />
<w:LsdException Locked=""false"" Priority=""39"" SemiHidden=""true""
UnhideWhenUsed=""true"" Name=""toc 3"" />
<w:LsdException Locked=""false"" Priority=""39"" SemiHidden=""true""
UnhideWhenUsed=""true"" Name=""toc 4"" />
<w:LsdException Locked=""false"" Priority=""39"" SemiHidden=""true""
UnhideWhenUsed=""true"" Name=""toc 5"" />
<w:LsdException Locked=""false"" Priority=""39"" SemiHidden=""true""
UnhideWhenUsed=""true"" Name=""toc 6"" />
<w:LsdException Locked=""false"" Priority=""39"" SemiHidden=""true""
UnhideWhenUsed=""true"" Name=""toc 7"" />
<w:LsdException Locked=""false"" Priority=""39"" SemiHidden=""true""
UnhideWhenUsed=""true"" Name=""toc 8"" />
<w:LsdException Locked=""false"" Priority=""39"" SemiHidden=""true""
UnhideWhenUsed=""true"" Name=""toc 9"" />
<w:LsdException Locked=""false"" SemiHidden=""true"" UnhideWhenUsed=""true""
Name=""Normal Indent"" />
<w:LsdException Locked=""false"" SemiHidden=""true"" UnhideWhenUsed=""true""
Name=""footnote text"" />
<w:LsdException Locked=""false"" SemiHidden=""true"" UnhideWhenUsed=""true""
Name=""annotation text"" />
<w:LsdException Locked=""false"" SemiHidden=""true"" UnhideWhenUsed=""true""
Name=""header"" />
<w:LsdException Locked=""false"" SemiHidden=""true"" UnhideWhenUsed=""true""
Name=""footer"" />
<w:LsdException Locked=""false"" SemiHidden=""true"" UnhideWhenUsed=""true""
Name=""index heading"" />
<w:LsdException Locked=""false"" Priority=""35"" SemiHidden=""true""
UnhideWhenUsed=""true"" QFormat=""true"" Name=""caption"" />
<w:LsdException Locked=""false"" SemiHidden=""true"" UnhideWhenUsed=""true""
Name=""table of figures"" />
<w:LsdException Locked=""false"" SemiHidden=""true"" UnhideWhenUsed=""true""
Name=""envelope address"" />
<w:LsdException Locked=""false"" SemiHidden=""true"" UnhideWhenUsed=""true""
Name=""envelope return"" />
<w:LsdException Locked=""false"" SemiHidden=""true"" UnhideWhenUsed=""true""
Name=""footnote reference"" />
<w:LsdException Locked=""false"" SemiHidden=""true"" UnhideWhenUsed=""true""
Name=""annotation reference"" />
<w:LsdException Locked=""false"" SemiHidden=""true"" UnhideWhenUsed=""true""
Name=""line number"" />
<w:LsdException Locked=""false"" SemiHidden=""true"" UnhideWhenUsed=""true""
Name=""page number"" />
<w:LsdException Locked=""false"" SemiHidden=""true"" UnhideWhenUsed=""true""
Name=""endnote reference"" />
<w:LsdException Locked=""false"" SemiHidden=""true"" UnhideWhenUsed=""true""
Name=""endnote text"" />
<w:LsdException Locked=""false"" SemiHidden=""true"" UnhideWhenUsed=""true""
Name=""table of authorities"" />
<w:LsdException Locked=""false"" SemiHidden=""true"" UnhideWhenUsed=""true""
Name=""macro"" />
<w:LsdException Locked=""false"" SemiHidden=""true"" UnhideWhenUsed=""true""
Name=""toa heading"" />
<w:LsdException Locked=""false"" SemiHidden=""true"" UnhideWhenUsed=""true""
Name=""List"" />
<w:LsdException Locked=""false"" SemiHidden=""true"" UnhideWhenUsed=""true""
Name=""List Bullet"" />
<w:LsdException Locked=""false"" SemiHidden=""true"" UnhideWhenUsed=""true""
Name=""List Number"" />
<w:LsdException Locked=""false"" SemiHidden=""true"" UnhideWhenUsed=""true""
Name=""List 2"" />
<w:LsdException Locked=""false"" SemiHidden=""true"" UnhideWhenUsed=""true""
Name=""List 3"" />
<w:LsdException Locked=""false"" SemiHidden=""true"" UnhideWhenUsed=""true""
Name=""List 4"" />
<w:LsdException Locked=""false"" SemiHidden=""true"" UnhideWhenUsed=""true""
Name=""List 5"" />
<w:LsdException Locked=""false"" SemiHidden=""true"" UnhideWhenUsed=""true""
Name=""List Bullet 2"" />
<w:LsdException Locked=""false"" SemiHidden=""true"" UnhideWhenUsed=""true""
Name=""List Bullet 3"" />
<w:LsdException Locked=""false"" SemiHidden=""true"" UnhideWhenUsed=""true""
Name=""List Bullet 4"" />
<w:LsdException Locked=""false"" SemiHidden=""true"" UnhideWhenUsed=""true""
Name=""List Bullet 5"" />
<w:LsdException Locked=""false"" SemiHidden=""true"" UnhideWhenUsed=""true""
Name=""List Number 2"" />
<w:LsdException Locked=""false"" SemiHidden=""true"" UnhideWhenUsed=""true""
Name=""List Number 3"" />
<w:LsdException Locked=""false"" SemiHidden=""true"" UnhideWhenUsed=""true""
Name=""List Number 4"" />
<w:LsdException Locked=""false"" SemiHidden=""true"" UnhideWhenUsed=""true""
Name=""List Number 5"" />
<w:LsdException Locked=""false"" Priority=""10"" QFormat=""true"" Name=""Title"" />
<w:LsdException Locked=""false"" SemiHidden=""true"" UnhideWhenUsed=""true""
Name=""Closing"" />
<w:LsdException Locked=""false"" SemiHidden=""true"" UnhideWhenUsed=""true""
Name=""Signature"" />
<w:LsdException Locked=""false"" Priority=""1"" SemiHidden=""true""
UnhideWhenUsed=""true"" Name=""Default Paragraph Font"" />
<w:LsdException Locked=""false"" SemiHidden=""true"" UnhideWhenUsed=""true""
Name=""Body Text"" />
<w:LsdException Locked=""false"" SemiHidden=""true"" UnhideWhenUsed=""true""
Name=""Body Text Indent"" />
<w:LsdException Locked=""false"" SemiHidden=""true"" UnhideWhenUsed=""true""
Name=""List Continue"" />
<w:LsdException Locked=""false"" SemiHidden=""true"" UnhideWhenUsed=""true""
Name=""List Continue 2"" />
<w:LsdException Locked=""false"" SemiHidden=""true"" UnhideWhenUsed=""true""
Name=""List Continue 3"" />
<w:LsdException Locked=""false"" SemiHidden=""true"" UnhideWhenUsed=""true""
Name=""List Continue 4"" />
<w:LsdException Locked=""false"" SemiHidden=""true"" UnhideWhenUsed=""true""
Name=""List Continue 5"" />
<w:LsdException Locked=""false"" SemiHidden=""true"" UnhideWhenUsed=""true""
Name=""Message Header"" />
<w:LsdException Locked=""false"" Priority=""11"" QFormat=""true"" Name=""Subtitle"" />
<w:LsdException Locked=""false"" SemiHidden=""true"" UnhideWhenUsed=""true""
Name=""Salutation"" />
<w:LsdException Locked=""false"" SemiHidden=""true"" UnhideWhenUsed=""true""
Name=""Date"" />
<w:LsdException Locked=""false"" SemiHidden=""true"" UnhideWhenUsed=""true""
Name=""Body Text First Indent"" />
<w:LsdException Locked=""false"" SemiHidden=""true"" UnhideWhenUsed=""true""
Name=""Body Text First Indent 2"" />
<w:LsdException Locked=""false"" SemiHidden=""true"" UnhideWhenUsed=""true""
Name=""Note Heading"" />
<w:LsdException Locked=""false"" SemiHidden=""true"" UnhideWhenUsed=""true""
Name=""Body Text 2"" />
<w:LsdException Locked=""false"" SemiHidden=""true"" UnhideWhenUsed=""true""
Name=""Body Text 3"" />
<w:LsdException Locked=""false"" SemiHidden=""true"" UnhideWhenUsed=""true""
Name=""Body Text Indent 2"" />
<w:LsdException Locked=""false"" SemiHidden=""true"" UnhideWhenUsed=""true""
Name=""Body Text Indent 3"" />
<w:LsdException Locked=""false"" SemiHidden=""true"" UnhideWhenUsed=""true""
Name=""Block Text"" />
<w:LsdException Locked=""false"" SemiHidden=""true"" UnhideWhenUsed=""true""
Name=""Hyperlink"" />
<w:LsdException Locked=""false"" SemiHidden=""true"" UnhideWhenUsed=""true""
Name=""FollowedHyperlink"" />
<w:LsdException Locked=""false"" Priority=""22"" QFormat=""true"" Name=""Strong"" />
<w:LsdException Locked=""false"" Priority=""20"" QFormat=""true"" Name=""Emphasis"" />
<w:LsdException Locked=""false"" SemiHidden=""true"" UnhideWhenUsed=""true""
Name=""Document Map"" />
<w:LsdException Locked=""false"" SemiHidden=""true"" UnhideWhenUsed=""true""
Name=""Plain Text"" />
<w:LsdException Locked=""false"" SemiHidden=""true"" UnhideWhenUsed=""true""
Name=""E-mail Signature"" />
<w:LsdException Locked=""false"" SemiHidden=""true"" UnhideWhenUsed=""true""
Name=""HTML Top of Form"" />
<w:LsdException Locked=""false"" SemiHidden=""true"" UnhideWhenUsed=""true""
Name=""HTML Bottom of Form"" />
<w:LsdException Locked=""false"" SemiHidden=""true"" UnhideWhenUsed=""true""
Name=""Normal (Web)"" />
<w:LsdException Locked=""false"" SemiHidden=""true"" UnhideWhenUsed=""true""
Name=""HTML Acronym"" />
<w:LsdException Locked=""false"" SemiHidden=""true"" UnhideWhenUsed=""true""
Name=""HTML Address"" />
<w:LsdException Locked=""false"" SemiHidden=""true"" UnhideWhenUsed=""true""
Name=""HTML Cite"" />
<w:LsdException Locked=""false"" SemiHidden=""true"" UnhideWhenUsed=""true""
Name=""HTML Code"" />
<w:LsdException Locked=""false"" SemiHidden=""true"" UnhideWhenUsed=""true""
Name=""HTML Definition"" />
<w:LsdException Locked=""false"" SemiHidden=""true"" UnhideWhenUsed=""true""
Name=""HTML Keyboard"" />
<w:LsdException Locked=""false"" SemiHidden=""true"" UnhideWhenUsed=""true""
Name=""HTML Preformatted"" />
<w:LsdException Locked=""false"" SemiHidden=""true"" UnhideWhenUsed=""true""
Name=""HTML Sample"" />
<w:LsdException Locked=""false"" SemiHidden=""true"" UnhideWhenUsed=""true""
Name=""HTML Typewriter"" />
<w:LsdException Locked=""false"" SemiHidden=""true"" UnhideWhenUsed=""true""
Name=""HTML Variable"" />
<w:LsdException Locked=""false"" SemiHidden=""true"" UnhideWhenUsed=""true""
Name=""Normal Table"" />
<w:LsdException Locked=""false"" SemiHidden=""true"" UnhideWhenUsed=""true""
Name=""annotation subject"" />
<w:LsdException Locked=""false"" SemiHidden=""true"" UnhideWhenUsed=""true""
Name=""No List"" />
<w:LsdException Locked=""false"" SemiHidden=""true"" UnhideWhenUsed=""true""
Name=""Outline List 1"" />
<w:LsdException Locked=""false"" SemiHidden=""true"" UnhideWhenUsed=""true""
Name=""Outline List 2"" />
<w:LsdException Locked=""false"" SemiHidden=""true"" UnhideWhenUsed=""true""
Name=""Outline List 3"" />
<w:LsdException Locked=""false"" SemiHidden=""true"" UnhideWhenUsed=""true""
Name=""Table Simple 1"" />
<w:LsdException Locked=""false"" SemiHidden=""true"" UnhideWhenUsed=""true""
Name=""Table Simple 2"" />
<w:LsdException Locked=""false"" SemiHidden=""true"" UnhideWhenUsed=""true""
Name=""Table Simple 3"" />
<w:LsdException Locked=""false"" SemiHidden=""true"" UnhideWhenUsed=""true""
Name=""Table Classic 1"" />
<w:LsdException Locked=""false"" SemiHidden=""true"" UnhideWhenUsed=""true""
Name=""Table Classic 2"" />
<w:LsdException Locked=""false"" SemiHidden=""true"" UnhideWhenUsed=""true""
Name=""Table Classic 3"" />
<w:LsdException Locked=""false"" SemiHidden=""true"" UnhideWhenUsed=""true""
Name=""Table Classic 4"" />
<w:LsdException Locked=""false"" SemiHidden=""true"" UnhideWhenUsed=""true""
Name=""Table Colorful 1"" />
<w:LsdException Locked=""false"" SemiHidden=""true"" UnhideWhenUsed=""true""
Name=""Table Colorful 2"" />
<w:LsdException Locked=""false"" SemiHidden=""true"" UnhideWhenUsed=""true""
Name=""Table Colorful 3"" />
<w:LsdException Locked=""false"" SemiHidden=""true"" UnhideWhenUsed=""true""
Name=""Table Columns 1"" />
<w:LsdException Locked=""false"" SemiHidden=""true"" UnhideWhenUsed=""true""
Name=""Table Columns 2"" />
<w:LsdException Locked=""false"" SemiHidden=""true"" UnhideWhenUsed=""true""
Name=""Table Columns 3"" />
<w:LsdException Locked=""false"" SemiHidden=""true"" UnhideWhenUsed=""true""
Name=""Table Columns 4"" />
<w:LsdException Locked=""false"" SemiHidden=""true"" UnhideWhenUsed=""true""
Name=""Table Columns 5"" />
<w:LsdException Locked=""false"" SemiHidden=""true"" UnhideWhenUsed=""true""
Name=""Table Grid 1"" />
<w:LsdException Locked=""false"" SemiHidden=""true"" UnhideWhenUsed=""true""
Name=""Table Grid 2"" />
<w:LsdException Locked=""false"" SemiHidden=""true"" UnhideWhenUsed=""true""
Name=""Table Grid 3"" />
<w:LsdException Locked=""false"" SemiHidden=""true"" UnhideWhenUsed=""true""
Name=""Table Grid 4"" />
<w:LsdException Locked=""false"" SemiHidden=""true"" UnhideWhenUsed=""true""
Name=""Table Grid 5"" />
<w:LsdException Locked=""false"" SemiHidden=""true"" UnhideWhenUsed=""true""
Name=""Table Grid 6"" />
<w:LsdException Locked=""false"" SemiHidden=""true"" UnhideWhenUsed=""true""
Name=""Table Grid 7"" />
<w:LsdException Locked=""false"" SemiHidden=""true"" UnhideWhenUsed=""true""
Name=""Table Grid 8"" />
<w:LsdException Locked=""false"" SemiHidden=""true"" UnhideWhenUsed=""true""
Name=""Table List 1"" />
<w:LsdException Locked=""false"" SemiHidden=""true"" UnhideWhenUsed=""true""
Name=""Table List 2"" />
<w:LsdException Locked=""false"" SemiHidden=""true"" UnhideWhenUsed=""true""
Name=""Table List 3"" />
<w:LsdException Locked=""false"" SemiHidden=""true"" UnhideWhenUsed=""true""
Name=""Table List 4"" />
<w:LsdException Locked=""false"" SemiHidden=""true"" UnhideWhenUsed=""true""
Name=""Table List 5"" />
<w:LsdException Locked=""false"" SemiHidden=""true"" UnhideWhenUsed=""true""
Name=""Table List 6"" />
<w:LsdException Locked=""false"" SemiHidden=""true"" UnhideWhenUsed=""true""
Name=""Table List 7"" />
<w:LsdException Locked=""false"" SemiHidden=""true"" UnhideWhenUsed=""true""
Name=""Table List 8"" />
<w:LsdException Locked=""false"" SemiHidden=""true"" UnhideWhenUsed=""true""
Name=""Table 3D effects 1"" />
<w:LsdException Locked=""false"" SemiHidden=""true"" UnhideWhenUsed=""true""
Name=""Table 3D effects 2"" />
<w:LsdException Locked=""false"" SemiHidden=""true"" UnhideWhenUsed=""true""
Name=""Table 3D effects 3"" />
<w:LsdException Locked=""false"" SemiHidden=""true"" UnhideWhenUsed=""true""
Name=""Table Contemporary"" />
<w:LsdException Locked=""false"" SemiHidden=""true"" UnhideWhenUsed=""true""
Name=""Table Elegant"" />
<w:LsdException Locked=""false"" SemiHidden=""true"" UnhideWhenUsed=""true""
Name=""Table Professional"" />
<w:LsdException Locked=""false"" SemiHidden=""true"" UnhideWhenUsed=""true""
Name=""Table Subtle 1"" />
<w:LsdException Locked=""false"" SemiHidden=""true"" UnhideWhenUsed=""true""
Name=""Table Subtle 2"" />
<w:LsdException Locked=""false"" SemiHidden=""true"" UnhideWhenUsed=""true""
Name=""Table Web 1"" />
<w:LsdException Locked=""false"" SemiHidden=""true"" UnhideWhenUsed=""true""
Name=""Table Web 2"" />
<w:LsdException Locked=""false"" SemiHidden=""true"" UnhideWhenUsed=""true""
Name=""Table Web 3"" />
<w:LsdException Locked=""false"" SemiHidden=""true"" UnhideWhenUsed=""true""
Name=""Balloon Text"" />
<w:LsdException Locked=""false"" Priority=""39"" Name=""Table Grid"" />
<w:LsdException Locked=""false"" SemiHidden=""true"" UnhideWhenUsed=""true""
Name=""Table Theme"" />
<w:LsdException Locked=""false"" SemiHidden=""true"" Name=""Placeholder Text"" />
<w:LsdException Locked=""false"" Priority=""1"" QFormat=""true"" Name=""No Spacing"" />
<w:LsdException Locked=""false"" Priority=""60"" Name=""Light Shading"" />
<w:LsdException Locked=""false"" Priority=""61"" Name=""Light List"" />
<w:LsdException Locked=""false"" Priority=""62"" Name=""Light Grid"" />
<w:LsdException Locked=""false"" Priority=""63"" Name=""Medium Shading 1"" />
<w:LsdException Locked=""false"" Priority=""64"" Name=""Medium Shading 2"" />
<w:LsdException Locked=""false"" Priority=""65"" Name=""Medium List 1"" />
<w:LsdException Locked=""false"" Priority=""66"" Name=""Medium List 2"" />
<w:LsdException Locked=""false"" Priority=""67"" Name=""Medium Grid 1"" />
<w:LsdException Locked=""false"" Priority=""68"" Name=""Medium Grid 2"" />
<w:LsdException Locked=""false"" Priority=""69"" Name=""Medium Grid 3"" />
<w:LsdException Locked=""false"" Priority=""70"" Name=""Dark List"" />
<w:LsdException Locked=""false"" Priority=""71"" Name=""Colorful Shading"" />
<w:LsdException Locked=""false"" Priority=""72"" Name=""Colorful List"" />
<w:LsdException Locked=""false"" Priority=""73"" Name=""Colorful Grid"" />
<w:LsdException Locked=""false"" Priority=""60"" Name=""Light Shading Accent 1"" />
<w:LsdException Locked=""false"" Priority=""61"" Name=""Light List Accent 1"" />
<w:LsdException Locked=""false"" Priority=""62"" Name=""Light Grid Accent 1"" />
<w:LsdException Locked=""false"" Priority=""63"" Name=""Medium Shading 1 Accent 1"" />
<w:LsdException Locked=""false"" Priority=""64"" Name=""Medium Shading 2 Accent 1"" />
<w:LsdException Locked=""false"" Priority=""65"" Name=""Medium List 1 Accent 1"" />
<w:LsdException Locked=""false"" SemiHidden=""true"" Name=""Revision"" />
<w:LsdException Locked=""false"" Priority=""34"" QFormat=""true""
Name=""List Paragraph"" />
<w:LsdException Locked=""false"" Priority=""29"" QFormat=""true"" Name=""Quote"" />
<w:LsdException Locked=""false"" Priority=""30"" QFormat=""true""
Name=""Intense Quote"" />
<w:LsdException Locked=""false"" Priority=""66"" Name=""Medium List 2 Accent 1"" />
<w:LsdException Locked=""false"" Priority=""67"" Name=""Medium Grid 1 Accent 1"" />
<w:LsdException Locked=""false"" Priority=""68"" Name=""Medium Grid 2 Accent 1"" />
<w:LsdException Locked=""false"" Priority=""69"" Name=""Medium Grid 3 Accent 1"" />
<w:LsdException Locked=""false"" Priority=""70"" Name=""Dark List Accent 1"" />
<w:LsdException Locked=""false"" Priority=""71"" Name=""Colorful Shading Accent 1"" />
<w:LsdException Locked=""false"" Priority=""72"" Name=""Colorful List Accent 1"" />
<w:LsdException Locked=""false"" Priority=""73"" Name=""Colorful Grid Accent 1"" />
<w:LsdException Locked=""false"" Priority=""60"" Name=""Light Shading Accent 2"" />
<w:LsdException Locked=""false"" Priority=""61"" Name=""Light List Accent 2"" />
<w:LsdException Locked=""false"" Priority=""62"" Name=""Light Grid Accent 2"" />
<w:LsdException Locked=""false"" Priority=""63"" Name=""Medium Shading 1 Accent 2"" />
<w:LsdException Locked=""false"" Priority=""64"" Name=""Medium Shading 2 Accent 2"" />
<w:LsdException Locked=""false"" Priority=""65"" Name=""Medium List 1 Accent 2"" />
<w:LsdException Locked=""false"" Priority=""66"" Name=""Medium List 2 Accent 2"" />
<w:LsdException Locked=""false"" Priority=""67"" Name=""Medium Grid 1 Accent 2"" />
<w:LsdException Locked=""false"" Priority=""68"" Name=""Medium Grid 2 Accent 2"" />
<w:LsdException Locked=""false"" Priority=""69"" Name=""Medium Grid 3 Accent 2"" />
<w:LsdException Locked=""false"" Priority=""70"" Name=""Dark List Accent 2"" />
<w:LsdException Locked=""false"" Priority=""71"" Name=""Colorful Shading Accent 2"" />
<w:LsdException Locked=""false"" Priority=""72"" Name=""Colorful List Accent 2"" />
<w:LsdException Locked=""false"" Priority=""73"" Name=""Colorful Grid Accent 2"" />
<w:LsdException Locked=""false"" Priority=""60"" Name=""Light Shading Accent 3"" />
<w:LsdException Locked=""false"" Priority=""61"" Name=""Light List Accent 3"" />
<w:LsdException Locked=""false"" Priority=""62"" Name=""Light Grid Accent 3"" />
<w:LsdException Locked=""false"" Priority=""63"" Name=""Medium Shading 1 Accent 3"" />
<w:LsdException Locked=""false"" Priority=""64"" Name=""Medium Shading 2 Accent 3"" />
<w:LsdException Locked=""false"" Priority=""65"" Name=""Medium List 1 Accent 3"" />
<w:LsdException Locked=""false"" Priority=""66"" Name=""Medium List 2 Accent 3"" />
<w:LsdException Locked=""false"" Priority=""67"" Name=""Medium Grid 1 Accent 3"" />
<w:LsdException Locked=""false"" Priority=""68"" Name=""Medium Grid 2 Accent 3"" />
<w:LsdException Locked=""false"" Priority=""69"" Name=""Medium Grid 3 Accent 3"" />
<w:LsdException Locked=""false"" Priority=""70"" Name=""Dark List Accent 3"" />
<w:LsdException Locked=""false"" Priority=""71"" Name=""Colorful Shading Accent 3"" />
<w:LsdException Locked=""false"" Priority=""72"" Name=""Colorful List Accent 3"" />
<w:LsdException Locked=""false"" Priority=""73"" Name=""Colorful Grid Accent 3"" />
<w:LsdException Locked=""false"" Priority=""60"" Name=""Light Shading Accent 4"" />
<w:LsdException Locked=""false"" Priority=""61"" Name=""Light List Accent 4"" />
<w:LsdException Locked=""false"" Priority=""62"" Name=""Light Grid Accent 4"" />
<w:LsdException Locked=""false"" Priority=""63"" Name=""Medium Shading 1 Accent 4"" />
<w:LsdException Locked=""false"" Priority=""64"" Name=""Medium Shading 2 Accent 4"" />
<w:LsdException Locked=""false"" Priority=""65"" Name=""Medium List 1 Accent 4"" />
<w:LsdException Locked=""false"" Priority=""66"" Name=""Medium List 2 Accent 4"" />
<w:LsdException Locked=""false"" Priority=""67"" Name=""Medium Grid 1 Accent 4"" />
<w:LsdException Locked=""false"" Priority=""68"" Name=""Medium Grid 2 Accent 4"" />
<w:LsdException Locked=""false"" Priority=""69"" Name=""Medium Grid 3 Accent 4"" />
<w:LsdException Locked=""false"" Priority=""70"" Name=""Dark List Accent 4"" />
<w:LsdException Locked=""false"" Priority=""71"" Name=""Colorful Shading Accent 4"" />
<w:LsdException Locked=""false"" Priority=""72"" Name=""Colorful List Accent 4"" />
<w:LsdException Locked=""false"" Priority=""73"" Name=""Colorful Grid Accent 4"" />
<w:LsdException Locked=""false"" Priority=""60"" Name=""Light Shading Accent 5"" />
<w:LsdException Locked=""false"" Priority=""61"" Name=""Light List Accent 5"" />
<w:LsdException Locked=""false"" Priority=""62"" Name=""Light Grid Accent 5"" />
<w:LsdException Locked=""false"" Priority=""63"" Name=""Medium Shading 1 Accent 5"" />
<w:LsdException Locked=""false"" Priority=""64"" Name=""Medium Shading 2 Accent 5"" />
<w:LsdException Locked=""false"" Priority=""65"" Name=""Medium List 1 Accent 5"" />
<w:LsdException Locked=""false"" Priority=""66"" Name=""Medium List 2 Accent 5"" />
<w:LsdException Locked=""false"" Priority=""67"" Name=""Medium Grid 1 Accent 5"" />
<w:LsdException Locked=""false"" Priority=""68"" Name=""Medium Grid 2 Accent 5"" />
<w:LsdException Locked=""false"" Priority=""69"" Name=""Medium Grid 3 Accent 5"" />
<w:LsdException Locked=""false"" Priority=""70"" Name=""Dark List Accent 5"" />
<w:LsdException Locked=""false"" Priority=""71"" Name=""Colorful Shading Accent 5"" />
<w:LsdException Locked=""false"" Priority=""72"" Name=""Colorful List Accent 5"" />
<w:LsdException Locked=""false"" Priority=""73"" Name=""Colorful Grid Accent 5"" />
<w:LsdException Locked=""false"" Priority=""60"" Name=""Light Shading Accent 6"" />
<w:LsdException Locked=""false"" Priority=""61"" Name=""Light List Accent 6"" />
<w:LsdException Locked=""false"" Priority=""62"" Name=""Light Grid Accent 6"" />
<w:LsdException Locked=""false"" Priority=""63"" Name=""Medium Shading 1 Accent 6"" />
<w:LsdException Locked=""false"" Priority=""64"" Name=""Medium Shading 2 Accent 6"" />
<w:LsdException Locked=""false"" Priority=""65"" Name=""Medium List 1 Accent 6"" />
<w:LsdException Locked=""false"" Priority=""66"" Name=""Medium List 2 Accent 6"" />
<w:LsdException Locked=""false"" Priority=""67"" Name=""Medium Grid 1 Accent 6"" />
<w:LsdException Locked=""false"" Priority=""68"" Name=""Medium Grid 2 Accent 6"" />
<w:LsdException Locked=""false"" Priority=""69"" Name=""Medium Grid 3 Accent 6"" />
<w:LsdException Locked=""false"" Priority=""70"" Name=""Dark List Accent 6"" />
<w:LsdException Locked=""false"" Priority=""71"" Name=""Colorful Shading Accent 6"" />
<w:LsdException Locked=""false"" Priority=""72"" Name=""Colorful List Accent 6"" />
<w:LsdException Locked=""false"" Priority=""73"" Name=""Colorful Grid Accent 6"" />
<w:LsdException Locked=""false"" Priority=""19"" QFormat=""true""
Name=""Subtle Emphasis"" />
<w:LsdException Locked=""false"" Priority=""21"" QFormat=""true""
Name=""Intense Emphasis"" />
<w:LsdException Locked=""false"" Priority=""31"" QFormat=""true""
Name=""Subtle Reference"" />
<w:LsdException Locked=""false"" Priority=""32"" QFormat=""true""
Name=""Intense Reference"" />
<w:LsdException Locked=""false"" Priority=""33"" QFormat=""true"" Name=""Book Title"" />
<w:LsdException Locked=""false"" Priority=""37"" SemiHidden=""true""
UnhideWhenUsed=""true"" Name=""Bibliography"" />
<w:LsdException Locked=""false"" Priority=""39"" SemiHidden=""true""
UnhideWhenUsed=""true"" QFormat=""true"" Name=""TOC Heading"" />
<w:LsdException Locked=""false"" Priority=""41"" Name=""Plain Table 1"" />
<w:LsdException Locked=""false"" Priority=""42"" Name=""Plain Table 2"" />
<w:LsdException Locked=""false"" Priority=""43"" Name=""Plain Table 3"" />
<w:LsdException Locked=""false"" Priority=""44"" Name=""Plain Table 4"" />
<w:LsdException Locked=""false"" Priority=""45"" Name=""Plain Table 5"" />
<w:LsdException Locked=""false"" Priority=""40"" Name=""Grid Table Light"" />
<w:LsdException Locked=""false"" Priority=""46"" Name=""Grid Table 1 Light"" />
<w:LsdException Locked=""false"" Priority=""47"" Name=""Grid Table 2"" />
<w:LsdException Locked=""false"" Priority=""48"" Name=""Grid Table 3"" />
<w:LsdException Locked=""false"" Priority=""49"" Name=""Grid Table 4"" />
<w:LsdException Locked=""false"" Priority=""50"" Name=""Grid Table 5 Dark"" />
<w:LsdException Locked=""false"" Priority=""51"" Name=""Grid Table 6 Colorful"" />
<w:LsdException Locked=""false"" Priority=""52"" Name=""Grid Table 7 Colorful"" />
<w:LsdException Locked=""false"" Priority=""46""
Name=""Grid Table 1 Light Accent 1"" />
<w:LsdException Locked=""false"" Priority=""47"" Name=""Grid Table 2 Accent 1"" />
<w:LsdException Locked=""false"" Priority=""48"" Name=""Grid Table 3 Accent 1"" />
<w:LsdException Locked=""false"" Priority=""49"" Name=""Grid Table 4 Accent 1"" />
<w:LsdException Locked=""false"" Priority=""50"" Name=""Grid Table 5 Dark Accent 1"" />
<w:LsdException Locked=""false"" Priority=""51""
Name=""Grid Table 6 Colorful Accent 1"" />
<w:LsdException Locked=""false"" Priority=""52""
Name=""Grid Table 7 Colorful Accent 1"" />
<w:LsdException Locked=""false"" Priority=""46""
Name=""Grid Table 1 Light Accent 2"" />
<w:LsdException Locked=""false"" Priority=""47"" Name=""Grid Table 2 Accent 2"" />
<w:LsdException Locked=""false"" Priority=""48"" Name=""Grid Table 3 Accent 2"" />
<w:LsdException Locked=""false"" Priority=""49"" Name=""Grid Table 4 Accent 2"" />
<w:LsdException Locked=""false"" Priority=""50"" Name=""Grid Table 5 Dark Accent 2"" />
<w:LsdException Locked=""false"" Priority=""51""
Name=""Grid Table 6 Colorful Accent 2"" />
<w:LsdException Locked=""false"" Priority=""52""
Name=""Grid Table 7 Colorful Accent 2"" />
<w:LsdException Locked=""false"" Priority=""46""
Name=""Grid Table 1 Light Accent 3"" />
<w:LsdException Locked=""false"" Priority=""47"" Name=""Grid Table 2 Accent 3"" />
<w:LsdException Locked=""false"" Priority=""48"" Name=""Grid Table 3 Accent 3"" />
<w:LsdException Locked=""false"" Priority=""49"" Name=""Grid Table 4 Accent 3"" />
<w:LsdException Locked=""false"" Priority=""50"" Name=""Grid Table 5 Dark Accent 3"" />
<w:LsdException Locked=""false"" Priority=""51""
Name=""Grid Table 6 Colorful Accent 3"" />
<w:LsdException Locked=""false"" Priority=""52""
Name=""Grid Table 7 Colorful Accent 3"" />
<w:LsdException Locked=""false"" Priority=""46""
Name=""Grid Table 1 Light Accent 4"" />
<w:LsdException Locked=""false"" Priority=""47"" Name=""Grid Table 2 Accent 4"" />
<w:LsdException Locked=""false"" Priority=""48"" Name=""Grid Table 3 Accent 4"" />
<w:LsdException Locked=""false"" Priority=""49"" Name=""Grid Table 4 Accent 4"" />
<w:LsdException Locked=""false"" Priority=""50"" Name=""Grid Table 5 Dark Accent 4"" />
<w:LsdException Locked=""false"" Priority=""51""
Name=""Grid Table 6 Colorful Accent 4"" />
<w:LsdException Locked=""false"" Priority=""52""
Name=""Grid Table 7 Colorful Accent 4"" />
<w:LsdException Locked=""false"" Priority=""46""
Name=""Grid Table 1 Light Accent 5"" />
<w:LsdException Locked=""false"" Priority=""47"" Name=""Grid Table 2 Accent 5"" />
<w:LsdException Locked=""false"" Priority=""48"" Name=""Grid Table 3 Accent 5"" />
<w:LsdException Locked=""false"" Priority=""49"" Name=""Grid Table 4 Accent 5"" />
<w:LsdException Locked=""false"" Priority=""50"" Name=""Grid Table 5 Dark Accent 5"" />
<w:LsdException Locked=""false"" Priority=""51""
Name=""Grid Table 6 Colorful Accent 5"" />
<w:LsdException Locked=""false"" Priority=""52""
Name=""Grid Table 7 Colorful Accent 5"" />
<w:LsdException Locked=""false"" Priority=""46""
Name=""Grid Table 1 Light Accent 6"" />
<w:LsdException Locked=""false"" Priority=""47"" Name=""Grid Table 2 Accent 6"" />
<w:LsdException Locked=""false"" Priority=""48"" Name=""Grid Table 3 Accent 6"" />
<w:LsdException Locked=""false"" Priority=""49"" Name=""Grid Table 4 Accent 6"" />
<w:LsdException Locked=""false"" Priority=""50"" Name=""Grid Table 5 Dark Accent 6"" />
<w:LsdException Locked=""false"" Priority=""51""
Name=""Grid Table 6 Colorful Accent 6"" />
<w:LsdException Locked=""false"" Priority=""52""
Name=""Grid Table 7 Colorful Accent 6"" />
<w:LsdException Locked=""false"" Priority=""46"" Name=""List Table 1 Light"" />
<w:LsdException Locked=""false"" Priority=""47"" Name=""List Table 2"" />
<w:LsdException Locked=""false"" Priority=""48"" Name=""List Table 3"" />
<w:LsdException Locked=""false"" Priority=""49"" Name=""List Table 4"" />
<w:LsdException Locked=""false"" Priority=""50"" Name=""List Table 5 Dark"" />
<w:LsdException Locked=""false"" Priority=""51"" Name=""List Table 6 Colorful"" />
<w:LsdException Locked=""false"" Priority=""52"" Name=""List Table 7 Colorful"" />
<w:LsdException Locked=""false"" Priority=""46""
Name=""List Table 1 Light Accent 1"" />
<w:LsdException Locked=""false"" Priority=""47"" Name=""List Table 2 Accent 1"" />
<w:LsdException Locked=""false"" Priority=""48"" Name=""List Table 3 Accent 1"" />
<w:LsdException Locked=""false"" Priority=""49"" Name=""List Table 4 Accent 1"" />
<w:LsdException Locked=""false"" Priority=""50"" Name=""List Table 5 Dark Accent 1"" />
<w:LsdException Locked=""false"" Priority=""51""
Name=""List Table 6 Colorful Accent 1"" />
<w:LsdException Locked=""false"" Priority=""52""
Name=""List Table 7 Colorful Accent 1"" />
<w:LsdException Locked=""false"" Priority=""46""
Name=""List Table 1 Light Accent 2"" />
<w:LsdException Locked=""false"" Priority=""47"" Name=""List Table 2 Accent 2"" />
<w:LsdException Locked=""false"" Priority=""48"" Name=""List Table 3 Accent 2"" />
<w:LsdException Locked=""false"" Priority=""49"" Name=""List Table 4 Accent 2"" />
<w:LsdException Locked=""false"" Priority=""50"" Name=""List Table 5 Dark Accent 2"" />
<w:LsdException Locked=""false"" Priority=""51""
Name=""List Table 6 Colorful Accent 2"" />
<w:LsdException Locked=""false"" Priority=""52""
Name=""List Table 7 Colorful Accent 2"" />
<w:LsdException Locked=""false"" Priority=""46""
Name=""List Table 1 Light Accent 3"" />
<w:LsdException Locked=""false"" Priority=""47"" Name=""List Table 2 Accent 3"" />
<w:LsdException Locked=""false"" Priority=""48"" Name=""List Table 3 Accent 3"" />
<w:LsdException Locked=""false"" Priority=""49"" Name=""List Table 4 Accent 3"" />
<w:LsdException Locked=""false"" Priority=""50"" Name=""List Table 5 Dark Accent 3"" />
<w:LsdException Locked=""false"" Priority=""51""
Name=""List Table 6 Colorful Accent 3"" />
<w:LsdException Locked=""false"" Priority=""52""
Name=""List Table 7 Colorful Accent 3"" />
<w:LsdException Locked=""false"" Priority=""46""
Name=""List Table 1 Light Accent 4"" />
<w:LsdException Locked=""false"" Priority=""47"" Name=""List Table 2 Accent 4"" />
<w:LsdException Locked=""false"" Priority=""48"" Name=""List Table 3 Accent 4"" />
<w:LsdException Locked=""false"" Priority=""49"" Name=""List Table 4 Accent 4"" />
<w:LsdException Locked=""false"" Priority=""50"" Name=""List Table 5 Dark Accent 4"" />
<w:LsdException Locked=""false"" Priority=""51""
Name=""List Table 6 Colorful Accent 4"" />
<w:LsdException Locked=""false"" Priority=""52""
Name=""List Table 7 Colorful Accent 4"" />
<w:LsdException Locked=""false"" Priority=""46""
Name=""List Table 1 ",,,,,,
"ight Accent 5"""" />",,,,,,,,,,,,,,,,,
"<w:LsdException Locked=""""false"""" Priority=""""47"""" Name=""""List Table 2 Accent 5"""" />",,,,,,,,,,,,,,,,,
"<w:LsdException Locked=""""false"""" Priority=""""48"""" Name=""""List Table 3 Accent 5"""" />",,,,,,,,,,,,,,,,,
"<w:LsdException Locked=""""false"""" Priority=""""49"""" Name=""""List Table 4 Accent 5"""" />",,,,,,,,,,,,,,,,,
"<w:LsdException Locked=""""false"""" Priority=""""50"""" Name=""""List Table 5 Dark Accent 5"""" />",,,,,,,,,,,,,,,,,
"<w:LsdException Locked=""""false"""" Priority=""""51""""",,,,,,,,,,,,,,,,,
"Name=""""List Table 6 Colorful Accent 5"""" />",,,,,,,,,,,,,,,,,
"<w:LsdException Locked=""""false"""" Priority=""""52""""",,,,,,,,,,,,,,,,,
"Name=""""List Table 7 Colorful Accent 5"""" />",,,,,,,,,,,,,,,,,
"<w:LsdException Locked=""""false"""" Priority=""""46""""",,,,,,,,,,,,,,,,,
"Name=""""List Table 1 Light Accent 6"""" />",,,,,,,,,,,,,,,,,
"<w:LsdException Locked=""""false"""" Priority=""""47"""" Name=""""List Table 2 Accent 6"""" />",,,,,,,,,,,,,,,,,
"<w:LsdException Locked=""""false"""" Priority=""""48"""" Name=""""List Table 3 Accent 6"""" />",,,,,,,,,,,,,,,,,
"<w:LsdException Locked=""""false"""" Priority=""""49"""" Name=""""List Table 4 Accent 6"""" />",,,,,,,,,,,,,,,,,
"<w:LsdException Locked=""""false"""" Priority=""""50"""" Name=""""List Table 5 Dark Accent 6"""" />",,,,,,,,,,,,,,,,,
"<w:LsdException Locked=""""false"""" Priority=""""51""""",,,,,,,,,,,,,,,,,
"Name=""""List Table 6 Colorful Accent 6"""" />",,,,,,,,,,,,,,,,,
"<w:LsdException Locked=""""false"""" Priority=""""52""""",,,,,,,,,,,,,,,,,
"Name=""""List Table 7 Colorful Accent 6"""" />",,,,,,,,,,,,,,,,,
</w:LatentStyles>,,,,,,,,,,,,,,,,,
</xml><![endif]--><!--[if gte mso 10]>,,,,,,,,,,,,,,,,,
<style>,,,,,,,,,,,,,,,,,
/* Style Definitions */,,,,,,,,,,,,,,,,,
table.MsoNormalTable,,,,,,,,,,,,,,,,,
"{mso-style-name:""""Table Normal"""";",,,,,,,,,,,,,,,,,
mso-tstyle-rowband-size:0;,,,,,,,,,,,,,,,,,
mso-tstyle-colband-size:0;,,,,,,,,,,,,,,,,,
mso-style-noshow:yes;,,,,,,,,,,,,,,,,,
mso-style-priority:99;,,,,,,,,,,,,,,,,,
"mso-style-parent:"""""""";",,,,,,,,,,,,,,,,,
mso-padding-alt:0cm 5.4pt 0cm 5.4pt;,,,,,,,,,,,,,,,,,
mso-para-margin-top:0cm;,,,,,,,,,,,,,,,,,
mso-para-margin-right:0cm;,,,,,,,,,,,,,,,,,
mso-para-margin-bottom:10.0pt;,,,,,,,,,,,,,,,,,
mso-para-margin-left:0cm;,,,,,,,,,,,,,,,,,
line-height:115%;,,,,,,,,,,,,,,,,,
mso-pagination:widow-orphan;,,,,,,,,,,,,,,,,,
font-size:11.0pt;,,,,,,,,,,,,,,,,,
"font-family:""""Calibri""""",sans-serif;,,,,,,,,,,,,,,,,
mso-ascii-font-family:Calibri;,,,,,,,,,,,,,,,,,
mso-ascii-theme-font:minor-latin;,,,,,,,,,,,,,,,,,
mso-hansi-font-family:Calibri;,,,,,,,,,,,,,,,,,
mso-hansi-theme-font:minor-latin;,,,,,,,,,,,,,,,,,
mso-fareast-language:EN-US;},,,,,,,,,,,,,,,,,
</style>,,,,,,,,,,,,,,,,,
<![endif]--> </p>,,,,,,,,,,,,,,,,,
<div>Resin and speedy production, in that order, are the main values of this cannabis seed strain. For its development we have a mother from Ed Rosenthal Super Bud, an extreme sativa, pollinated by our mother Chronic reversed. This results in a rapid flowering plant, a lot of resin and large productions. King Kong is well branched, with a vigorous vegetative growth and an extremely short flowering period for such a quantity of dry final, without losing any quality at harvest.&nbsp; The flavours range from lemon, skunk and incense. The effect is quick and powerful," providing a state of happiness that you completely uninhibited.&nbsp; <br/>""",,,,,,,,
The Attitude Seed Bank,https://www.cannabis-seeds-bank.co.uk/sweet-seeds-big-devil-fast-version/prod_3769,2026-01-11T00:14:21.704604,Sweet Seeds Big Devil Fast Version,Big Devil Auto x Non Auto Variety Similar to Big Devil Auto,Feminized,Photoperiod,Mostly Sativa,56 - 63 days,,Indoor &amp; Outdoor,"<div>
<div><u><strong>Sweet Seeds Big Devil Fast Version Feminized Marijuana Seeds&nbsp;</strong></u>",,,,,,
The Attitude Seed Bank,https://www.cannabis-seeds-bank.co.uk/geist-grow-genetics-bubba-geist-auto/prod_7366,2026-01-11T00:14:21.876545,Geist Grow Genetics Bubba Geist AUTO,Geist OG x Bubba Kush Auto,Feminized,Autoflowering,Indica,70 days,Medium,Indoor &amp; Outdoor,"<div><span style=""font-weight: bold; text-decoration-line: underline;"">Bubba&nbsp;</span><span style=""font-weight: 700; text-decoration-line: underline;"">Geist&nbsp;</span><span style=""font-weight: bold; text-decoration-line: underline;"">AUTO Cannabis Seeds by Geist Grow Genetics&nbsp;</span>",Geist,,,,,
The Attitude Seed Bank,https://www.cannabis-seeds-bank.co.uk/in-house-genetics-platinum-z/prod_9924,2026-01-11T00:14:22.035071,In House Genetics Platinum Z,Original Z x Platinum,Feminized,,,,,,"<p class=""prodDisc"">
                                    Please Note: This content is for informational and educational use only. The Attitude Seed bank sells all seeds strictly for souvenir purposes or for
                                    storage and preservation of genetics in case the laws may change. We do not condone or encourage the germination of cannabis seeds and we will refuse
                                    a sale to anyone who leads us to believe they intend to use our products in an unlawful way.
                                    <br />
                                    WARNING: IT IS A CRIMINAL OFFENCE TO GERMINATE CANNABIS SEEDS IN THE UK AND MANY OTHER COUNTRIES.
                                </p>",,,,,,
The Attitude Seed Bank,https://www.cannabis-seeds-bank.co.uk/night-owl-seeds-blue-sprayed-shoes-remix/prod_8174,2026-01-11T00:14:22.275317,Night Owl Seeds Blue Sprayed Shoes Remix,Tyrone Stomper F6 x Blue Microverse F4,Feminized,Autoflowering,Mostly Indica,70 - 80 days,,,"<div><span style=""font-weight: bold; text-decoration-line: underline;"">Blue Sprayed Shoes Remix Cannabis Seeds by Night Owl Seeds</span>",Night,,,,,
The Attitude Seed Bank,https://www.cannabis-seeds-bank.co.uk/garden-of-green-seeds-violet-kush/prod_7391,2026-01-11T00:14:22.440357,Garden of Green Seeds Violet Kush,Hindu Kush x Purple Afghani,Feminized,Photoperiod,Indica/Sativa,56 - 63 days,,Indoor &amp; Outdoor,<div><u><strong>Violet Kush Cannabis Seeds by Garden of Green Seedbank</strong></u>,Garden,,,,,
The Attitude Seed Bank,https://www.cannabis-seeds-bank.co.uk/exotic-genetix-seeds-its-it/prod_5432,2026-01-11T00:14:22.624635,Exotic Genetix Seeds It&#39;s It,Gelato x Mint Chocolate Chip,Regular,Photoperiod,Indica/Sativa,56 - 63 days,,Indoor &amp; Outdoor,<div><u><strong>It's It Cannabis Seeds - Exotic Genetix Seeds</strong></u>,,,,,,
The Attitude Seed Bank,https://www.cannabis-seeds-bank.co.uk/dank-genetics-seeds-out-siderz/prod_9792,2026-01-11T00:14:22.791373,Dank Genetics Seeds Out SiderZ,Sour Dubb x Zowahh,Regular,Photoperiod,Indica/Sativa,56 - 70 days,,Indoor &amp; Outdoor,"<div><span style=""text-decoration-line: underline; font-weight: bold;"">Out SiderZ Cannabis Seeds by Dank Genetics Seeds</span>",Dank,,,,,
The Attitude Seed Bank,https://www.cannabis-seeds-bank.co.uk/black-skull-seeds-speed-haze/prod_121,2026-01-11T00:14:22.952342,Black Skull Seeds Speed Haze,Super Silver Haze x Jack Herer,Feminized,Photoperiod,Mostly Sativa,56 - 63 days,Short to Medium,Indoor &amp; Outdoor,"<p><strong><u>Black Skull Seeds - Speed Haze Cannabis Seeds<br/>
</u></strong></p>
<p><!--[if gte mso 9]><xml>
<w:WordDocument>
<w:View>Normal</w:View>
<w:Zoom>0</w:Zoom>
<w:TrackMoves />
<w:TrackFormatting />
<w:PunctuationKerning />
<w:ValidateAgainstSchemas />
<w:SaveIfXMLInvalid>false</w:SaveIfXMLInvalid>
<w:IgnoreMixedContent>false</w:IgnoreMixedContent>
<w:AlwaysShowPlaceholderText>false</w:AlwaysShowPlaceholderText>
<w:DoNotPromoteQF />
<w:LidThemeOther>EN-GB</w:LidThemeOther>
<w:LidThemeAsian>X-NONE</w:LidThemeAsian>
<w:LidThemeComplexScript>X-NONE</w:LidThemeComplexScript>
<w:Compatibility>
<w:BreakWrappedTables />
<w:SnapToGridInCell />
<w:WrapTextWithPunct />
<w:UseAsianBreakRules />
<w:DontGrowAutofit />
<w:SplitPgBreakAndParaMark />
<w:EnableOpenTypeKerning />
<w:DontFlipMirrorIndents />
<w:OverrideTableStyleHps />
</w:Compatibility>
<m:mathPr>
<m:mathFont m:val=""Cambria Math"" />
<m:brkBin m:val=""before"" />
<m:brkBinSub m:val=""&#45;-"" />
<m:smallFrac m:val=""off"" />
<m:dispDef />
<m:lMargin m:val=""0"" />
<m:rMargin m:val=""0"" />
<m:defJc m:val=""centerGroup"" />
<m:wrapIndent m:val=""1440"" />
<m:intLim m:val=""subSup"" />
<m:naryLim m:val=""undOvr"" />
</m:mathPr></w:WordDocument>
</xml><![endif]--><!--[if gte mso 9]><xml>
<w:LatentStyles DefLockedState=""false"" DefUnhideWhenUsed=""true""
DefSemiHidden=""true"" DefQFormat=""false"" DefPriority=""99""
LatentStyleCount=""267"">
<w:LsdException Locked=""false"" Priority=""0"" SemiHidden=""false""
UnhideWhenUsed=""false"" QFormat=""true"" Name=""Normal"" />
<w:LsdException Locked=""false"" Priority=""9"" SemiHidden=""false""
UnhideWhenUsed=""false"" QFormat=""true"" Name=""heading 1"" />
<w:LsdException Locked=""false"" Priority=""9"" QFormat=""true"" Name=""heading 2"" />
<w:LsdException Locked=""false"" Priority=""9"" QFormat=""true"" Name=""heading 3"" />
<w:LsdException Locked=""false"" Priority=""9"" QFormat=""true"" Name=""heading 4"" />
<w:LsdException Locked=""false"" Priority=""9"" QFormat=""true"" Name=""heading 5"" />
<w:LsdException Locked=""false"" Priority=""9"" QFormat=""true"" Name=""heading 6"" />
<w:LsdException Locked=""false"" Priority=""9"" QFormat=""true"" Name=""heading 7"" />
<w:LsdException Locked=""false"" Priority=""9"" QFormat=""true"" Name=""heading 8"" />
<w:LsdException Locked=""false"" Priority=""9"" QFormat=""true"" Name=""heading 9"" />
<w:LsdException Locked=""false"" Priority=""39"" Name=""toc 1"" />
<w:LsdException Locked=""false"" Priority=""39"" Name=""toc 2"" />
<w:LsdException Locked=""false"" Priority=""39"" Name=""toc 3"" />
<w:LsdException Locked=""false"" Priority=""39"" Name=""toc 4"" />
<w:LsdException Locked=""false"" Priority=""39"" Name=""toc 5"" />
<w:LsdException Locked=""false"" Priority=""39"" Name=""toc 6"" />
<w:LsdException Locked=""false"" Priority=""39"" Name=""toc 7"" />
<w:LsdException Locked=""false"" Priority=""39"" Name=""toc 8"" />
<w:LsdException Locked=""false"" Priority=""39"" Name=""toc 9"" />
<w:LsdException Locked=""false"" Priority=""35"" QFormat=""true"" Name=""caption"" />
<w:LsdException Locked=""false"" Priority=""10"" SemiHidden=""false""
UnhideWhenUsed=""false"" QFormat=""true"" Name=""Title"" />
<w:LsdException Locked=""false"" Priority=""1"" Name=""Default Paragraph Font"" />
<w:LsdException Locked=""false"" Priority=""11"" SemiHidden=""false""
UnhideWhenUsed=""false"" QFormat=""true"" Name=""Subtitle"" />
<w:LsdException Locked=""false"" Priority=""22"" SemiHidden=""false""
UnhideWhenUsed=""false"" QFormat=""true"" Name=""Strong"" />
<w:LsdException Locked=""false"" Priority=""20"" SemiHidden=""false""
UnhideWhenUsed=""false"" QFormat=""true"" Name=""Emphasis"" />
<w:LsdException Locked=""false"" Priority=""59"" SemiHidden=""false""
UnhideWhenUsed=""false"" Name=""Table Grid"" />
<w:LsdException Locked=""false"" UnhideWhenUsed=""false"" Name=""Placeholder Text"" />
<w:LsdException Locked=""false"" Priority=""1"" SemiHidden=""false""
UnhideWhenUsed=""false"" QFormat=""true"" Name=""No Spacing"" />
<w:LsdException Locked=""false"" Priority=""60"" SemiHidden=""false""
UnhideWhenUsed=""false"" Name=""Light Shading"" />
<w:LsdException Locked=""false"" Priority=""61"" SemiHidden=""false""
UnhideWhenUsed=""false"" Name=""Light List"" />
<w:LsdException Locked=""false"" Priority=""62"" SemiHidden=""false""
UnhideWhenUsed=""false"" Name=""Light Grid"" />
<w:LsdException Locked=""false"" Priority=""63"" SemiHidden=""false""
UnhideWhenUsed=""false"" Name=""Medium Shading 1"" />
<w:LsdException Locked=""false"" Priority=""64"" SemiHidden=""false""
UnhideWhenUsed=""false"" Name=""Medium Shading 2"" />
<w:LsdException Locked=""false"" Priority=""65"" SemiHidden=""false""
UnhideWhenUsed=""false"" Name=""Medium List 1"" />
<w:LsdException Locked=""false"" Priority=""66"" SemiHidden=""false""
UnhideWhenUsed=""false"" Name=""Medium List 2"" />
<w:LsdException Locked=""false"" Priority=""67"" SemiHidden=""false""
UnhideWhenUsed=""false"" Name=""Medium Grid 1"" />
<w:LsdException Locked=""false"" Priority=""68"" SemiHidden=""false""
UnhideWhenUsed=""false"" Name=""Medium Grid 2"" />
<w:LsdException Locked=""false"" Priority=""69"" SemiHidden=""false""
UnhideWhenUsed=""false"" Name=""Medium Grid 3"" />
<w:LsdException Locked=""false"" Priority=""70"" SemiHidden=""false""
UnhideWhenUsed=""false"" Name=""Dark List"" />
<w:LsdException Locked=""false"" Priority=""71"" SemiHidden=""false""
UnhideWhenUsed=""false"" Name=""Colorful Shading"" />
<w:LsdException Locked=""false"" Priority=""72"" SemiHidden=""false""
UnhideWhenUsed=""false"" Name=""Colorful List"" />
<w:LsdException Locked=""false"" Priority=""73"" SemiHidden=""false""
UnhideWhenUsed=""false"" Name=""Colorful Grid"" />
<w:LsdException Locked=""false"" Priority=""60"" SemiHidden=""false""
UnhideWhenUsed=""false"" Name=""Light Shading Accent 1"" />
<w:LsdException Locked=""false"" Priority=""61"" SemiHidden=""false""
UnhideWhenUsed=""false"" Name=""Light List Accent 1"" />
<w:LsdException Locked=""false"" Priority=""62"" SemiHidden=""false""
UnhideWhenUsed=""false"" Name=""Light Grid Accent 1"" />
<w:LsdException Locked=""false"" Priority=""63"" SemiHidden=""false""
UnhideWhenUsed=""false"" Name=""Medium Shading 1 Accent 1"" />
<w:LsdException Locked=""false"" Priority=""64"" SemiHidden=""false""
UnhideWhenUsed=""false"" Name=""Medium Shading 2 Accent 1"" />
<w:LsdException Locked=""false"" Priority=""65"" SemiHidden=""false""
UnhideWhenUsed=""false"" Name=""Medium List 1 Accent 1"" />
<w:LsdException Locked=""false"" UnhideWhenUsed=""false"" Name=""Revision"" />
<w:LsdException Locked=""false"" Priority=""34"" SemiHidden=""false""
UnhideWhenUsed=""false"" QFormat=""true"" Name=""List Paragraph"" />
<w:LsdException Locked=""false"" Priority=""29"" SemiHidden=""false""
UnhideWhenUsed=""false"" QFormat=""true"" Name=""Quote"" />
<w:LsdException Locked=""false"" Priority=""30"" SemiHidden=""false""
UnhideWhenUsed=""false"" QFormat=""true"" Name=""Intense Quote"" />
<w:LsdException Locked=""false"" Priority=""66"" SemiHidden=""false""
UnhideWhenUsed=""false"" Name=""Medium List 2 Accent 1"" />
<w:LsdException Locked=""false"" Priority=""67"" SemiHidden=""false""
UnhideWhenUsed=""false"" Name=""Medium Grid 1 Accent 1"" />
<w:LsdException Locked=""false"" Priority=""68"" SemiHidden=""false""
UnhideWhenUsed=""false"" Name=""Medium Grid 2 Accent 1"" />
<w:LsdException Locked=""false"" Priority=""69"" SemiHidden=""false""
UnhideWhenUsed=""false"" Name=""Medium Grid 3 Accent 1"" />
<w:LsdException Locked=""false"" Priority=""70"" SemiHidden=""false""
UnhideWhenUsed=""false"" Name=""Dark List Accent 1"" />
<w:LsdException Locked=""false"" Priority=""71"" SemiHidden=""false""
UnhideWhenUsed=""false"" Name=""Colorful Shading Accent 1"" />
<w:LsdException Locked=""false"" Priority=""72"" SemiHidden=""false""
UnhideWhenUsed=""false"" Name=""Colorful List Accent 1"" />
<w:LsdException Locked=""false"" Priority=""73"" SemiHidden=""false""
UnhideWhenUsed=""false"" Name=""Colorful Grid Accent 1"" />
<w:LsdException Locked=""false"" Priority=""60"" SemiHidden=""false""
UnhideWhenUsed=""false"" Name=""Light Shading Accent 2"" />
<w:LsdException Locked=""false"" Priority=""61"" SemiHidden=""false""
UnhideWhenUsed=""false"" Name=""Light List Accent 2"" />
<w:LsdException Locked=""false"" Priority=""62"" SemiHidden=""false""
UnhideWhenUsed=""false"" Name=""Light Grid Accent 2"" />
<w:LsdException Locked=""false"" Priority=""63"" SemiHidden=""false""
UnhideWhenUsed=""false"" Name=""Medium Shading 1 Accent 2"" />
<w:LsdException Locked=""false"" Priority=""64"" SemiHidden=""false""
UnhideWhenUsed=""false"" Name=""Medium Shading 2 Accent 2"" />
<w:LsdException Locked=""false"" Priority=""65"" SemiHidden=""false""
UnhideWhenUsed=""false"" Name=""Medium List 1 Accent 2"" />
<w:LsdException Locked=""false"" Priority=""66"" SemiHidden=""false""
UnhideWhenUsed=""false"" Name=""Medium List 2 Accent 2"" />
<w:LsdException Locked=""false"" Priority=""67"" SemiHidden=""false""
UnhideWhenUsed=""false"" Name=""Medium Grid 1 Accent 2"" />
<w:LsdException Locked=""false"" Priority=""68"" SemiHidden=""false""
UnhideWhenUsed=""false"" Name=""Medium Grid 2 Accent 2"" />
<w:LsdException Locked=""false"" Priority=""69"" SemiHidden=""false""
UnhideWhenUsed=""false"" Name=""Medium Grid 3 Accent 2"" />
<w:LsdException Locked=""false"" Priority=""70"" SemiHidden=""false""
UnhideWhenUsed=""false"" Name=""Dark List Accent 2"" />
<w:LsdException Locked=""false"" Priority=""71"" SemiHidden=""false""
UnhideWhenUsed=""false"" Name=""Colorful Shading Accent 2"" />
<w:LsdException Locked=""false"" Priority=""72"" SemiHidden=""false""
UnhideWhenUsed=""false"" Name=""Colorful List Accent 2"" />
<w:LsdException Locked=""false"" Priority=""73"" SemiHidden=""false""
UnhideWhenUsed=""false"" Name=""Colorful Grid Accent 2"" />
<w:LsdException Locked=""false"" Priority=""60"" SemiHidden=""false""
UnhideWhenUsed=""false"" Name=""Light Shading Accent 3"" />
<w:LsdException Locked=""false"" Priority=""61"" SemiHidden=""false""
UnhideWhenUsed=""false"" Name=""Light List Accent 3"" />
<w:LsdException Locked=""false"" Priority=""62"" SemiHidden=""false""
UnhideWhenUsed=""false"" Name=""Light Grid Accent 3"" />
<w:LsdException Locked=""false"" Priority=""63"" SemiHidden=""false""
UnhideWhenUsed=""false"" Name=""Medium Shading 1 Accent 3"" />
<w:LsdException Locked=""false"" Priority=""64"" SemiHidden=""false""
UnhideWhenUsed=""false"" Name=""Medium Shading 2 Accent 3"" />
<w:LsdException Locked=""false"" Priority=""65"" SemiHidden=""false""
UnhideWhenUsed=""false"" Name=""Medium List 1 Accent 3"" />
<w:LsdException Locked=""false"" Priority=""66"" SemiHidden=""false""
UnhideWhenUsed=""false"" Name=""Medium List 2 Accent 3"" />
<w:LsdException Locked=""false"" Priority=""67"" SemiHidden=""false""
UnhideWhenUsed=""false"" Name=""Medium Grid 1 Accent 3"" />
<w:LsdException Locked=""false"" Priority=""68"" SemiHidden=""false""
UnhideWhenUsed=""false"" Name=""Medium Grid 2 Accent 3"" />
<w:LsdException Locked=""false"" Priority=""69"" SemiHidden=""false""
UnhideWhenUsed=""false"" Name=""Medium Grid 3 Accent 3"" />
<w:LsdException Locked=""false"" Priority=""70"" SemiHidden=""false""
UnhideWhenUsed=""false"" Name=""Dark List Accent 3"" />
<w:LsdException Locked=""false"" Priority=""71"" SemiHidden=""false""
UnhideWhenUsed=""false"" Name=""Colorful Shading Accent 3"" />
<w:LsdException Locked=""false"" Priority=""72"" SemiHidden=""false""
UnhideWhenUsed=""false"" Name=""Colorful List Accent 3"" />
<w:LsdException Locked=""false"" Priority=""73"" SemiHidden=""false""
UnhideWhenUsed=""false"" Name=""Colorful Grid Accent 3"" />
<w:LsdException Locked=""false"" Priority=""60"" SemiHidden=""false""
UnhideWhenUsed=""false"" Name=""Light Shading Accent 4"" />
<w:LsdException Locked=""false"" Priority=""61"" SemiHidden=""false""
UnhideWhenUsed=""false"" Name=""Light List Accent 4"" />
<w:LsdException Locked=""false"" Priority=""62"" SemiHidden=""false""
UnhideWhenUsed=""false"" Name=""Light Grid Accent 4"" />
<w:LsdException Locked=""false"" Priority=""63"" SemiHidden=""false""
UnhideWhenUsed=""false"" Name=""Medium Shading 1 Accent 4"" />
<w:LsdException Locked=""false"" Priority=""64"" SemiHidden=""false""
UnhideWhenUsed=""false"" Name=""Medium Shading 2 Accent 4"" />
<w:LsdException Locked=""false"" Priority=""65"" SemiHidden=""false""
UnhideWhenUsed=""false"" Name=""Medium List 1 Accent 4"" />
<w:LsdException Locked=""false"" Priority=""66"" SemiHidden=""false""
UnhideWhenUsed=""false"" Name=""Medium List 2 Accent 4"" />
<w:LsdException Locked=""false"" Priority=""67"" SemiHidden=""false""
UnhideWhenUsed=""false"" Name=""Medium Grid 1 Accent 4"" />
<w:LsdException Locked=""false"" Priority=""68"" SemiHidden=""false""
UnhideWhenUsed=""false"" Name=""Medium Grid 2 Accent 4"" />
<w:LsdException Locked=""false"" Priority=""69"" SemiHidden=""false""
UnhideWhenUsed=""false"" Name=""Medium Grid 3 Accent 4"" />
<w:LsdException Locked=""false"" Priority=""70"" SemiHidden=""false""
UnhideWhenUsed=""false"" Name=""Dark List Accent 4"" />
<w:LsdException Locked=""false"" Priority=""71"" SemiHidden=""false""
UnhideWhenUsed=""false"" Name=""Colorful Shading Accent 4"" />
<w:LsdException Locked=""false"" Priority=""72"" SemiHidden=""false""
UnhideWhenUsed=""false"" Name=""Colorful List Accent 4"" />
<w:LsdException Locked=""false"" Priority=""73"" SemiHidden=""false""
UnhideWhenUsed=""false"" Name=""Colorful Grid Accent 4"" />
<w:LsdException Locked=""false"" Priority=""60"" SemiHidden=""false""
UnhideWhenUsed=""false"" Name=""Light Shading Accent 5"" />
<w:LsdException Locked=""false"" Priority=""61"" SemiHidden=""false""
UnhideWhenUsed=""false"" Name=""Light List Accent 5"" />
<w:LsdException Locked=""false"" Priority=""62"" SemiHidden=""false""
UnhideWhenUsed=""false"" Name=""Light Grid Accent 5"" />
<w:LsdException Locked=""false"" Priority=""63"" SemiHidden=""false""
UnhideWhenUsed=""false"" Name=""Medium Shading 1 Accent 5"" />
<w:LsdException Locked=""false"" Priority=""64"" SemiHidden=""false""
UnhideWhenUsed=""false"" Name=""Medium Shading 2 Accent 5"" />
<w:LsdException Locked=""false"" Priority=""65"" SemiHidden=""false""
UnhideWhenUsed=""false"" Name=""Medium List 1 Accent 5"" />
<w:LsdException Locked=""false"" Priority=""66"" SemiHidden=""false""
UnhideWhenUsed=""false"" Name=""Medium List 2 Accent 5"" />
<w:LsdException Locked=""false"" Priority=""67"" SemiHidden=""false""
UnhideWhenUsed=""false"" Name=""Medium Grid 1 Accent 5"" />
<w:LsdException Locked=""false"" Priority=""68"" SemiHidden=""false""
UnhideWhenUsed=""false"" Name=""Medium Grid 2 Accent 5"" />
<w:LsdException Locked=""false"" Priority=""69"" SemiHidden=""false""
UnhideWhenUsed=""false"" Name=""Medium Grid 3 Accent 5"" />
<w:LsdException Locked=""false"" Priority=""70"" SemiHidden=""false""
UnhideWhenUsed=""false"" Name=""Dark List Accent 5"" />
<w:LsdException Locked=""false"" Priority=""71"" SemiHidden=""false""
UnhideWhenUsed=""false"" Name=""Colorful Shading Accent 5"" />
<w:LsdException Locked=""false"" Priority=""72"" SemiHidden=""false""
UnhideWhenUsed=""false"" Name=""Colorful List Accent 5"" />
<w:LsdException Locked=""false"" Priority=""73"" SemiHidden=""false""
UnhideWhenUsed=""false"" Name=""Colorful Grid Accent 5"" />
<w:LsdException Locked=""false"" Priority=""60"" SemiHidden=""false""
UnhideWhenUsed=""false"" Name=""Light Shading Accent 6"" />
<w:LsdException Locked=""false"" Priority=""61"" SemiHidden=""false""
UnhideWhenUsed=""false"" Name=""Light List Accent 6"" />
<w:LsdException Locked=""false"" Priority=""62"" SemiHidden=""false""
UnhideWhenUsed=""false"" Name=""Light Grid Accent 6"" />
<w:LsdException Locked=""false"" Priority=""63"" SemiHidden=""false""
UnhideWhenUsed=""false"" Name=""Medium Shading 1 Accent 6"" />
<w:LsdException Locked=""false"" Priority=""64"" SemiHidden=""false""
UnhideWhenUsed=""false"" Name=""Medium Shading 2 Accent 6"" />
<w:LsdException Locked=""false"" Priority=""65"" SemiHidden=""false""
UnhideWhenUsed=""false"" Name=""Medium List 1 Accent 6"" />
<w:LsdException Locked=""false"" Priority=""66"" SemiHidden=""false""
UnhideWhenUsed=""false"" Name=""Medium List 2 Accent 6"" />
<w:LsdException Locked=""false"" Priority=""67"" SemiHidden=""false""
UnhideWhenUsed=""false"" Name=""Medium Grid 1 Accent 6"" />
<w:LsdException Locked=""false"" Priority=""68"" SemiHidden=""false""
UnhideWhenUsed=""false"" Name=""Medium Grid 2 Accent 6"" />
<w:LsdException Locked=""false"" Priority=""69"" SemiHidden=""false""
UnhideWhenUsed=""false"" Name=""Medium Grid 3 Accent 6"" />
<w:LsdException Locked=""false"" Priority=""70"" SemiHidden=""false""
UnhideWhenUsed=""false"" Name=""Dark List Accent 6"" />
<w:LsdException Locked=""false"" Priority=""71"" SemiHidden=""false""
UnhideWhenUsed=""false"" Name=""Colorful Shading Accent 6"" />
<w:LsdException Locked=""false"" Priority=""72"" SemiHidden=""false""
UnhideWhenUsed=""false"" Name=""Colorful List Accent 6"" />
<w:LsdException Locked=""false"" Priority=""73"" SemiHidden=""false""
UnhideWhenUsed=""false"" Name=""Colorful Grid Accent 6"" />
<w:LsdException Locked=""false"" Priority=""19"" SemiHidden=""false""
UnhideWhenUsed=""false"" QFormat=""true"" Name=""Subtle Emphasis"" />
<w:LsdException Locked=""false"" Priority=""21"" SemiHidden=""false""
UnhideWhenUsed=""false"" QFormat=""true"" Name=""Intense Emphasis"" />
<w:LsdException Locked=""false"" Priority=""31"" SemiHidden=""false""
UnhideWhenUsed=""false"" QFormat=""true"" Name=""Subtle Reference"" />
<w:LsdException Locked=""false"" Priority=""32"" SemiHidden=""false""
UnhideWhenUsed=""false"" QFormat=""true"" Name=""Intense Reference"" />
<w:LsdException Locked=""false"" Priority=""33"" SemiHidden=""false""
UnhideWhenUsed=""false"" QFormat=""true"" Name=""Book Title"" />
<w:LsdException Locked=""false"" Priority=""37"" Name=""Bibliography"" />
<w:LsdException Locked=""false"" Priority=""39"" QFormat=""true"" Name=""TOC Heading"" />
</w:LatentStyles>
</xml><![endif]--><!--[if gte mso 10]>
<style>
/* Style Definitions */
table.MsoNormalTable
{mso-style-name:""Table Normal"";
mso-tstyle-rowband-size:0;
mso-tstyle-colband-size:0;
mso-style-noshow:yes;
mso-style-priority:99;
mso-style-parent:"""";
mso-padding-alt:0cm 5.4pt 0cm 5.4pt;
mso-para-margin-top:0cm;
mso-para-margin-right:0cm;
mso-para-margin-bottom:10.0pt;
mso-para-margin-left:0cm;
line-height:115%;
mso-pagination:widow-orphan;
font-size:11.0pt;
font-family:""Calibri"",""sans-serif"";
mso-ascii-font-family:Calibri;
mso-ascii-theme-font:minor-latin;
mso-hansi-font-family:Calibri;
mso-hansi-theme-font:minor-latin;
mso-fareast-language:EN-US;}
</style>
<![endif]--></p>
<p class=""MsoNormal"">Speed haze does what it says on the tin in more ways than one! Its flowering period is very short for a sativa strain and the effect is speedy. A mix of Super Silver Haze and Jack Herer, these weed seeds have an excellent genetic heritage and will produce tall cannabis plants with long buds. The aroma has pine scents and peppery notes and the flavour is very smooth.<br/>
</p>
<div>Genetics: Super Silver Haze x Jack Herer",,,,,,
The Attitude Seed Bank,https://www.cannabis-seeds-bank.co.uk/anesia-seeds-oracle-octane/prod_8149,2026-01-11T00:14:23.153244,Anesia Seeds Oracle Octane,Blackberry Octane x Black Oracle,Feminized,Photoperiod,Mostly Indica,56 - 63 days,Medium to Tall,Indoor &amp; Outdoor,"<div><span style=""font-weight: bold; text-decoration-line: underline;"">Oracle Octane Cannabis Seeds By Anesia Seeds</span>",,,,,,
The Attitude Seed Bank,https://www.cannabis-seeds-bank.co.uk/narcos-seeds-pablos-gelato-gold-auto/prod_8534,2026-01-11T00:14:23.307746,Narcos Seeds Pablo&#39;s Gelato Gold,Gelato (fem) x Sunset Sherbet x Girl Scout Cookies x Ruderalis,Feminized,Autoflowering,Indica/Sativa,56 - 63 days,,Indoor &amp; Outdoor,"<div>
<div>
<div><span style=""font-weight: 700; text-decoration-line: underline; font-size: medium;"">Pablo's Gelato Gold AUTO Cannabis Seeds By Narcos Seeds&nbsp;</span>",,,,,,
The Attitude Seed Bank,https://www.cannabis-seeds-bank.co.uk/kalashnikov-seeds-ak-kush-express/prod_3275,2026-01-11T00:14:24.095061,Kalashnikov Seeds AK Kush Express,AK Kush x Secret Sativa Hybrid,Feminized,Photoperiod,Mostly Indica,45 - 55 days,Short to Medium,Indoor &amp; Outdoor,"<p><strong><u>Kalashnikov Seeds AK Kush Express</u></strong><br/>
<br/>
The prefix &quot;express&quot; in the name is added for a good reason. These varieties are remarkable because they give a good harvest feminized plant two weeks earlier than its counterparts. Express strains aren't autoflowering strains. Absolutely unique seeds, novelty on the world market, and in order to avoid counterfeits Kalashnikov don't fully specify the genetics in the description of those varieties. This is basically AK Kush fem, only a much more rapidly growing and flowering version of it. The new strain is genetically is composed by breeding the common AK Kush with Kalashnikov's secret Express hybrid. The result is a bit sweeter and aromatic than its feminized variation and it's very much more Indica-like. It can be harvested two weeks prior to AK Kush common harvesting period, yet the amounts of production stay massive. <br/>
<br/>
AK Kush x Secret Sativa Hybrid<br/>
Type: Sativa 15% / Indica 85%<br/>
Height: 80 - 100 Ñm<br/>
Flowering: 45 - 55 days<br/>
Indoors: 450 - 550 gr/m2<br/>
Harvest outdoors: 900 - 1200 gr/plant</p>
<p><br/>
</p>
                                <p class=""prodDisc"">
                                    Please Note: This content is for informational and educational use only. The Attitude Seed bank sells all seeds strictly for souvenir purposes or for
                                    storage and preservation of genetics in case the laws may change. We do not condone or encourage the germination of cannabis seeds and we will refuse
                                    a sale to anyone who leads us to believe they intend to use our products in an unlawful way.
                                    <br />
                                    WARNING: IT IS A CRIMINAL OFFENCE TO GERMINATE CANNABIS SEEDS IN THE UK AND MANY OTHER COUNTRIES.
                                </p>",,,,,,
The Attitude Seed Bank,https://www.cannabis-seeds-bank.co.uk/terp-hogz-genetics-plantinum-seeds-banana-zkittlez/prod_6730,2026-01-11T00:14:24.357459,Terp Hogz Genetics (Plantinum Seeds) Banana Zkittlez,Banana Z3 x ZkittleZ,Regular,Photoperiod,Mostly Indica,42 - 49 days,,Indoor &amp; Outdoor,"<div><span style=""font-weight: bold; text-decoration-line: underline;"">Banana Zkittlez Cannabis Seeds by Terp Hogz Genetics (Plantinum Seeds)</span>",Terp,,,,,
The Attitude Seed Bank,https://www.cannabis-seeds-bank.co.uk/anesia-seeds-auto-wham-boom/prod_8943,2026-01-11T00:14:24.561974,Anesia Seeds Auto WHAM BOOM,,Feminized,Autoflowering,Indica/Sativa,63 - 70 days,Short to Medium,Indoor &amp; Outdoor,"<div><span style=""font-weight: bold; text-decoration-line: underline;"">WHAM BOOM Auto Cannabis Seeds By Anesia Seeds</span>",,,,,,
The Attitude Seed Bank,https://www.cannabis-seeds-bank.co.uk/purple-caper-seeds-birthday-cake/prod_7342,2026-01-11T00:14:24.778081,Purple Caper Seeds Birthday Cake,Cherry Pie x GSC(F2),Regular,Photoperiod,,Not specified,,Indoor &amp; Outdoor,"<div>
<div><span style=""font-weight: 700; text-decoration-line: underline;"">Birthday Cake Cannabis Seeds by Purple Caper Seeds</span>",Purple,,,,,
The Attitude Seed Bank,https://www.cannabis-seeds-bank.co.uk/eleven-thirty-genetics-papaya-krush-auto/prod_9750,2026-01-11T00:14:25.002139,Eleven Thirty Genetics Papaya Krush Auto,Papaya Kush bx1 x Ruderalis,Feminized,Autoflowering,Mostly Indica,63 - 77 days,Medium,,"<div><span style=""font-weight: 700; text-decoration-line: underline;"">Papaya Krush Auto Cannabis Seeds by Eleven Thirty Genetics</span>",Eleven,,,,,
The Attitude Seed Bank,https://www.cannabis-seeds-bank.co.uk/dispensario-seeds-auto-nl-aurora-aka-auto-pain-no-more/prod_5132,2026-01-11T00:14:25.209139,Dispensario Seeds AUTO NL Aurora aka AUTO Pain No More,Northern Light x CBD Tsunami,Feminized,Autoflowering,Mostly Indica,60 - 65 days,,Indoor &amp; Outdoor,"<div><u><span style=""font-weight: bold;"">Dispensario Seeds </span><span style=""font-weight: 700;"">AUTO NL Aurora aka AUTO Pain No More</span><span style=""font-weight: bold;"">&nbsp;Feminized Cannabis Seeds</span></u>&nbsp;",,,,,,
The Attitude Seed Bank,https://www.cannabis-seeds-bank.co.uk/pheno-finder-seeds-auto-watermelon-gas/prod_9800,2026-01-11T00:14:25.362980,Pheno Finder Seeds AUTO Watermelon Gas,Auto Watermelon &#215; Notorious OG,Feminized,Autoflowering,,,,,"<div>
<div>
<div><span style=""font-weight: 700; text-decoration-line: underline;"">Auto Watermelon Gas Cannabis Seeds by Pheno Finder</span>",Pheno,,,,,
The Attitude Seed Bank,https://www.cannabis-seeds-bank.co.uk/dna-genetics-seeds-sour-kosher/prod_2562,2026-01-11T00:14:25.506772,DNA Genetics Seeds Sour Kosher,Sour Diesel x Kosher Kush,Feminized,Photoperiod,Mostly Sativa,63 - 70 days,Tall,Indoor &amp; Outdoor,<div><u><strong>DNA Genetics Seeds Sour Kosher Feminized Marijuana Seeds&nbsp;</strong></u>,,,,,,
The Attitude Seed Bank,https://www.cannabis-seeds-bank.co.uk/the-doggies-nuts-seeds-malkuth/prod_1524,2026-01-11T00:14:25.705660,The Doggies Nuts Seeds Malkuth,25% mix of all original uncrossed genome types,Regular &amp; Feminized,Photoperiod,Indica/Sativa,Not specified,Medium,,"<p><span style=""font-weight: bold; text-decoration-line: underline;"">The Doggies Nuts Seeds Malkuth&nbsp;</span></p>
<p>Created from a 25% mix of all original uncrossed genome types of Cannabis Seeds with a high flower to leaf ratio. Medium tall with good resinous yield and spicy/skunky odour.&nbsp;&nbsp;Malkuth is another great all rounder for the indoor grower.&nbsp; Malkuth&rsquo;s genetic heritage incorporates the differing genomes from the four quarters of this planet, creating one super global stable strain. The high from Malkuth is uplifting and smooth with a spicy taste. One could say you get the best from all worlds from Malkuth and you wouldn't be wrong.</p>
<p><br/>
</p>
                                <p class=""prodDisc"">
                                    Please Note: This content is for informational and educational use only. The Attitude Seed bank sells all seeds strictly for souvenir purposes or for
                                    storage and preservation of genetics in case the laws may change. We do not condone or encourage the germination of cannabis seeds and we will refuse
                                    a sale to anyone who leads us to believe they intend to use our products in an unlawful way.
                                    <br />
                                    WARNING: IT IS A CRIMINAL OFFENCE TO GERMINATE CANNABIS SEEDS IN THE UK AND MANY OTHER COUNTRIES.
                                </p>",,,,,,
The Attitude Seed Bank,https://www.cannabis-seeds-bank.co.uk/t-h-seeds-london-pound-cake-x-kushmints-f2/prod_7767,2026-01-11T00:14:25.867469,T H Seeds London Pound Cake x Kushmints F2,(London Pound Cake x Kushmints F2) x (London Pound Cake x Kushmints),Regular,Photoperiod,,56 - 63 days,Medium,,"<div><span style=""font-weight: bold; text-decoration-line: underline;"">London Pound Cake x Kushmints F2 Cannabis Seeds By T H Seeds</span>",,,,,,
The Attitude Seed Bank,https://www.cannabis-seeds-bank.co.uk/blimburn-seeds-orka/prod_2162,2026-01-11T00:14:26.038617,BlimBurn Seeds Orka,Haze x White Widow,Feminized,Photoperiod,Sativa,60 - 70 days,Tall,Indoor &amp; Outdoor,"<u><b>BlimBurn Seeds Orka</b></u><br/>
<br/>
With one famous genotype, the Orka is one of BlimBurn Seeds most powerful sativa cannabis seeds. It is the result of crossing two excellent varieties, one sativa and one indica. The Orka is the most psychoactive plant that we have available now, with nearly 21% of THC (tetrahydrocannabinol) and low CBD (cannabidiol) concentration, which helps the effect, in addition to cerebral and intense psycho activity, it is very durable, produces physical and mental highs which are long, slightly physical, and remarkable.<br/>
<br/>
Type: 100% Sativa<br/>
Genetics: Haze x White Widow<br/>
Flowering indoors: 60 - 70 days<br/>
Flowering outdoors: Mid October<br/>
Yield indoors: 600 gr/m2<br/>
Yield outdoors: 700 - 900 gr/plant<br/>
Height Indoor: 100 - 150 cm<br/>
Outdoor: 200 - 300 cm<br/>
THC: 20 - 22%<br/>
CBD: 0.6 - 0.8%<br/>
<div><br/>",,,,,,
The Attitude Seed Bank,https://www.cannabis-seeds-bank.co.uk/sincity-seeds-bluepower/prod_2237,2026-01-11T00:14:26.203384,SinCity Seeds BluePower,(Sour Double x Master Kush) x WhiteMoonshine,Regular &amp; Feminized,Photoperiod,Mostly Indica,56 - 63 days,,Indoor &amp; Outdoor,<div><u><strong>SinCity Seeds BluePower Feminized and Regular Cannabis Seeds&nbsp;</strong></u>,,,,,,
The Attitude Seed Bank,https://www.cannabis-seeds-bank.co.uk/bomb-seeds-bubble-bomb/prod_2660,2026-01-11T00:14:26.345275,Bomb Seeds Bubble Bomb,Bubblegum x THC Bomb,Feminized,Photoperiod,Mostly Indica,56 - 63 days,Short,Indoor &amp; Outdoor,<div><u><strong>Bomb Seeds - Bubble Bomb Marijuana Seeds</strong></u>,,,,,,
The Attitude Seed Bank,https://www.cannabis-seeds-bank.co.uk/dinafem-seeds-remo-chemo/prod_4957,2026-01-11T00:14:26.534347,Dinafem Seeds Remo Chemo,Remo Chemo x Remo Chemo,Feminized,Photoperiod,Mostly Indica,65 - 70 days,Medium to Tall,Indoor &amp; Outdoor,<div><u><strong>Remo Chemo Marijuana Seeds - Dinafem Seed Bank</strong></u>,,,,,,
The Attitude Seed Bank,https://www.cannabis-seeds-bank.co.uk/archive-seeds-grimace-og/prod_3448,2026-01-11T00:14:26.695126,Archive Seeds Grimace OG,Purple Urkle x Face Off OG BX1,Regular,Photoperiod,Mostly Indica,58 days,Medium,,"<p><u><strong>Grimace OG Regular Marijuana Seeds from Archive Seedbank</strong></u><br/>
<br/>
Grimace OG is classic hybrid sure to charm the most seasoned OG Kush and &quot;Grape&quot; smokers. Archive Seed Bank sturdy Face Off OG #4 BX1 male hybridized with the Original Purple Urkle clone directly from Humboldt County. Their Grimace OG took 3rd Place in Indica Winner at the 2013 Los Angeles High Times Cannabis Cup. Expect significantly resinous fast flowering plants with a distinct &quot;Purple&quot; look to the plants, thanks to the Urkle Mother. The smell and flavours range from full OG with a hint of purple to full on grapes with an extra lime that will boot you in the chin from the Face Off #4 and you will want savour the taste over and over again.<br/>
<br/>
Yield: Average<br/>
Flowering Time: 58 Days<br/>
</p>
<p><br/>
</p>
                                <p class=""prodDisc"">
                                    Please Note: This content is for informational and educational use only. The Attitude Seed bank sells all seeds strictly for souvenir purposes or for
                                    storage and preservation of genetics in case the laws may change. We do not condone or encourage the germination of cannabis seeds and we will refuse
                                    a sale to anyone who leads us to believe they intend to use our products in an unlawful way.
                                    <br />
                                    WARNING: IT IS A CRIMINAL OFFENCE TO GERMINATE CANNABIS SEEDS IN THE UK AND MANY OTHER COUNTRIES.
                                </p>",,,,,,
The Attitude Seed Bank,https://www.cannabis-seeds-bank.co.uk/exotic-seed-blue-monkey/prod_4773,2026-01-11T00:14:26.849693,Exotic Seed Blue Monkey,Gorilla Glue #4 x (Black Domina x Blueberry),Feminized,Photoperiod,Mostly Indica,63 days,Tall,Indoor &amp; Outdoor,<div><u><strong>Blue Monkey Marijuana Seeds - Exotic Seed Bank</strong></u>,,,,,,
The Attitude Seed Bank,https://www.cannabis-seeds-bank.co.uk/eleven-thirty-genetics-warheadz/prod_9760,2026-01-11T00:14:27.009002,Eleven Thirty Genetics Warheadz,East Coast Sour Diesel &#215; Zkittlez,Feminized,Photoperiod,Mostly Indica,63 - 70 days,Medium,Indoor &amp; Outdoor,"<div><span style=""font-weight: 700; text-decoration-line: underline;"">Warheadz Cannabis Seeds by Eleven Thirty Genetics</span>",Eleven,,,,,
The Attitude Seed Bank,https://www.cannabis-seeds-bank.co.uk/00-seeds-sweet-critical-2-0/prod_7875,2026-01-11T00:14:27.174115,00 Seeds Sweet Critical 2.0,,Feminized,Photoperiod,,45 - 55 days,Short,Indoor &amp; Outdoor,"<div><span style=""font-weight: bold; text-decoration-line: underline;"">Sweet Critical 2.0 Cannabis Seeds by 00 Seeds</span>",0,,,,,
The Attitude Seed Bank,https://www.cannabis-seeds-bank.co.uk/fastbuds-seeds-ztrawberriez-auto/prod_8262,2026-01-11T00:14:27.341356,FastBuds Seeds Ztrawberriez AUTO,Ztrawberriez AUTO,Feminized,Autoflowering,Mostly Sativa,63 - 70 days,Short to Medium,Indoor &amp; Outdoor,"<div><span style=""font-size: 12px; text-decoration-line: underline; font-weight: bold;"">Ztrawberriez AUTO Cannabis Seeds By FastBuds Seeds</span>",,,,,,
The Attitude Seed Bank,https://www.cannabis-seeds-bank.co.uk/archive-seeds-dosiface/prod_6046,2026-01-11T00:14:27.494108,Archive Seeds DosiFace,Dosidos #22 F1 x Face Off OG Bx1,Regular,Photoperiod,Mostly Sativa,60 - 70 days,Tall,Indoor &amp; Outdoor,"<div><span style=""font-weight: bold; text-decoration-line: underline;"">DosiFace Cannabis Seeds by Archive Seedbank</span>",Archive,,,,,
The Attitude Seed Bank,https://www.cannabis-seeds-bank.co.uk/archive-seeds-straight-sauce/prod_4973,2026-01-11T00:14:27.653210,Archive Seeds Straight Sauce,Schrom x Dosidos,Regular,Photoperiod,Indica/Sativa,77 days,Tall,,<div><u><strong>Archive Seeds Straight Sauce Regular Cannabis Seeds&nbsp;</strong></u>,,,,,,
The Attitude Seed Bank,https://www.cannabis-seeds-bank.co.uk/nirvana-sativa-seeds-n-y-p-d/prod_1017,2026-01-11T00:14:27.820904,Nirvana/Sativa Seeds N.Y.P.D,Sativa Mexicana x Aurora Indica,Regular &amp; Feminized,Photoperiod,Mostly Sativa,,Tall,Indoor &amp; Outdoor,<div><u><strong>Nirvana/Sativa Seeds N.Y.P.D Feminized and Regular Marijuana Seeds&nbsp;</strong></u>,,,,,,
The Attitude Seed Bank,https://www.cannabis-seeds-bank.co.uk/bodhi-seeds-ac-dc-x-good-medicine-cbd-rich-blessing/prod_2875,2026-01-11T00:14:28.025612,Bodhi Seeds AC/DC x Good Medicine (CBD Rich Blessing),AC/DC x Good Medicine,Regular,Photoperiod,Indica/Sativa,Not specified,,Indoor &amp; Outdoor,"<p><u><strong>Bodhi Seeds - AC/DC x Good Medicine</strong></u><br/>
<br/>
Bodhi took the notorious Californian Medical Cannabis clone known as ac/dc and crossed her with his lab tested male from the good medicine project (Good Medicine is Harlequin x Appalachia). No rocket science on this hybrid, just looking to offer some potent flowers for people looking for something more on the medical side of things. These cannabis seeds contain a nice array of phenos. Grab yourself this superb hybrid and spread the love!<br/>
</p>
<p><br/>
</p>
                                <p class=""prodDisc"">
                                    Please Note: This content is for informational and educational use only. The Attitude Seed bank sells all seeds strictly for souvenir purposes or for
                                    storage and preservation of genetics in case the laws may change. We do not condone or encourage the germination of cannabis seeds and we will refuse
                                    a sale to anyone who leads us to believe they intend to use our products in an unlawful way.
                                    <br />
                                    WARNING: IT IS A CRIMINAL OFFENCE TO GERMINATE CANNABIS SEEDS IN THE UK AND MANY OTHER COUNTRIES.
                                </p>",,,,,,
The Attitude Seed Bank,https://www.cannabis-seeds-bank.co.uk/seedmakers-seeds-autoblue-autoflowering/prod_1029,2026-01-11T00:14:28.169587,Seedmakers Seeds Autoblue Autoflowering,,Feminized,Autoflowering,,55 days,Short,Indoor &amp; Outdoor,"<p><span style=""font-weight: bold; text-decoration: underline;"">Seedmakers Seeds Autoblue Autoflowering</span>&nbsp; <br/>
</p>
<p>A classic in its autoflowering version. A short plant, compact with dense and resinous buds. Ideal for indoor, outdoor, window or balcony. Sweet and fruity flavours, that remember the cranberry. The fast flowering makes it perfect for impatients, from germination to the harvest in 55 days.&nbsp; <br/>
</p>
<p><br/>
</p>
<p><br/>
</p>
                                <p class=""prodDisc"">
                                    Please Note: This content is for informational and educational use only. The Attitude Seed bank sells all seeds strictly for souvenir purposes or for
                                    storage and preservation of genetics in case the laws may change. We do not condone or encourage the germination of cannabis seeds and we will refuse
                                    a sale to anyone who leads us to believe they intend to use our products in an unlawful way.
                                    <br />
                                    WARNING: IT IS A CRIMINAL OFFENCE TO GERMINATE CANNABIS SEEDS IN THE UK AND MANY OTHER COUNTRIES.
                                </p>",,,,,,
The Attitude Seed Bank,https://www.cannabis-seeds-bank.co.uk/nirvana-seeds-blue-mystic/prod_803,2026-01-11T00:14:28.327895,Nirvana Seeds Blue Mystic,(Flo x Afghani) x Blueberry,Regular &amp; Feminized,Photoperiod,Mostly Indica,56 - 70 days,Short,Indoor,"<p><span style=""font-weight: bold; text-decoration: underline;"">Nirvana Seeds Blue Mystic Cannabis Seeds</span></p>
<p>Nirvana Seeds Blue Mystic is another marijuana&nbsp;cannabis seed we are pleased to offer from Nirvana Seed Collection.      The original strain of Blue Mystic came from sunny California. She absorbed the warmth and head-spinning fragrances of the orange county and slowly released it with a heavy stoned finishing twist.     Mainly indica, Blue Mystic cannabis seeds produce attractive healthy plants as high as 50-70 cm. They look happier when grow in small groups. Though, with a bit of extra attention (like not to let it dry out), she shows good results when grown as an individual cannabis plant. When grown indoors, this marijuana has a neutral smell compared to many other strains.     Blue Mystic marijuana is famous for her velvety blue hues that show up about mid-way into flowering. The flowering period is surprisingly short, from 8 to 10 weeks. As a typical indica, she produces heavy buds which get absolutely covered in crystals when matured. This cannabis is a very good yielder - 450 gr. of dried product per plant is not a bad result for an indica. She has an earthy smooth, somewhat fruity berry flavour with excellent shelf life.          Blue Mystic features many of the cannabis desirable qualities, along with an added colourful appearance, a light berry aftertaste when smoked and a heavy stoned effect.  &nbsp;</p>
<p>Genetics:&nbsp;(Flo x Afghani) x Blueberry</p>
<p>Plant type: Predominantly Indica</p>
<p>Sex Type:&nbsp;Female</p>
<p>Cultivation:&nbsp;Indoor</p>
<p>Average Yield:&nbsp;350 - 450 g/m&sup2; in SOG</p>
<p>Flowering Period:&nbsp;8 - 10 weeks</p>
<p>Height: 50 - 70 cm</p>
<p><br/>
</p>
                                <p class=""prodDisc"">
                                    Please Note: This content is for informational and educational use only. The Attitude Seed bank sells all seeds strictly for souvenir purposes or for
                                    storage and preservation of genetics in case the laws may change. We do not condone or encourage the germination of cannabis seeds and we will refuse
                                    a sale to anyone who leads us to believe they intend to use our products in an unlawful way.
                                    <br />
                                    WARNING: IT IS A CRIMINAL OFFENCE TO GERMINATE CANNABIS SEEDS IN THE UK AND MANY OTHER COUNTRIES.
                                </p>",,50 - 70 cm,,,,
The Attitude Seed Bank,https://www.cannabis-seeds-bank.co.uk/tga-mz-jill-genetics-jilly-bean-f2/prod_5822,2026-01-11T00:14:28.535123,TGA Mz Jill Genetics Jilly Bean F2,Orange Velvet x Space Queen,Regular,Photoperiod,Mostly Sativa,63 days,Medium to Tall,Indoor &amp; Outdoor,"<div><span style=""font-size: 12px; font-weight: 700; text-decoration-line: underline;"">TGA&nbsp;</span><span style=""text-decoration-line: underline; font-weight: bold;"">MzJill Genetics Seeds Jilly Bean Regular Marijuana Seeds&nbsp;</span>",,,,,,
The Attitude Seed Bank,https://www.cannabis-seeds-bank.co.uk/royal-queen-seeds-bubble-kush/prod_2886,2026-01-11T00:14:29.020750,Royal Queen Seeds Bubble Kush,Bubble Gum x O.G. Kush,Feminized,Photoperiod,Mostly Indica,56 - 70 days,Short to Medium,Indoor &amp; Outdoor,"<span style=""text-decoration: underline;""><span style=""font-weight: bold;"">Royal Queen Seeds Bubble Kush Feminized Cannabis Seeds</span></span><br/>
<div><br/>",,,,,,
The Attitude Seed Bank,https://www.cannabis-seeds-bank.co.uk/fastbuds-seeds-forbidden-runtz-auto/prod_7436,2026-01-11T00:14:29.229090,FastBuds Seeds Forbidden Runtz AUTO,Forbidden Runtz Auto,Feminized,Autoflowering,Indica/Sativa,63 days,Short to Medium,Indoor &amp; Outdoor,"<div><span style=""font-weight: bold; text-decoration-line: underline;"">Forbidden Runtz AUTO Cannabis Seeds by FastBuds Seeds</span>",FastBuds,,,,,
The Attitude Seed Bank,https://www.cannabis-seeds-bank.co.uk/grateful-seeds-strawmelon/prod_7828,2026-01-11T00:14:29.398077,Grateful Seeds Strawmelon,Strawberries &amp; Cream #24 x Fresca Melon,Feminized,Photoperiod,,60 - 65 days,Medium,Indoor &amp; Outdoor,"<span style=""font-weight: 700; text-decoration-line: underline;"">Strawmelon&nbsp;Cannabis Seeds by Grateful Seeds</span>
<div><span style=""font-weight: 700; text-decoration-line: underline;""><br/>
</span>",Grateful,,,,,
The Attitude Seed Bank,https://www.cannabis-seeds-bank.co.uk/humboldt-seed-organization-ghost-of-nyc/prod_7658,2026-01-11T00:14:29.589583,Humboldt Seed Organization Ghost Of NYC,Uncirculated NYC Diesel x Geist OG(4-way),Feminized,Photoperiod,Mostly Indica,63 - 65 days,Tall,Indoor &amp; Outdoor,"<span style=""font-weight: bold; text-decoration-line: underline;"">Ghost Of NYC Cannabis Seeds by Humboldt Seed Organization</span>
<div>
<div style=""""><br/>
The iconic East Coast Sour Diesel was one of the most sough after and high-priced strains for over two decades due to its terpene profiles. HSO crossed the uncirculated New York Sour Diesel and their elite uncirculated four-way OG to create this incredibly potent and flavourful strain.<br/>
Ghost of NYC grows with great strength and is highly productive, she can perform in most environments including more humid climates. Perfect for extractions due to its high levels of potency and incredible flavours, a gem for every garden.<br/>
Terpene profile is complex gassy and citrusy overtones, followed by sweet but acidic notes of lemongrass and pine.<br/>
A good choice for daytime use or activities.<br/>
<br/>",Humboldt,,,,,
