seed_bank,source_url,scraped_at,url_domain,extraction_version,outdoor_harvest_time,spec_genetics,spec_sex,spec_flowering,spec_type,spec_flowering_time,spec_area,meta_viewport,meta_keywords,meta_description,meta_robots,meta_revisit_after,page_title,breadcrumb_path,prices_gbp,min_price_gbp,max_price_gbp,avg_price_gbp,price_count_gbp,package_sizes,min_package_size,max_package_size,effects_all,primary_effect,effect_count,effects_mental,flavors_all,primary_flavor,flavors_sweet,flavors_diesel,product_images,product_image_count,logo_images,logo_image_count,total_image_count,has_media_gallery,has_awards,genetics_lineage,is_hybrid,strain_name,extraction_methods_used,method_count,data_completeness_score,market_tier,total_fields_captured,strain_images,strain_image_count,breeder_name,flavors_fruity,spec_height,spec_cbd,cbd_content,flavors_earthy,spec_thc,thc_content,thc_min,thc_max,effects_physical,flavors_citrus,sativa_percentage,indica_percentage,dominant_type,indoor_height_min,indoor_height_max,indoor_height,awards,award_count,award_years,latest_award_year,earliest_award_year,flowering_time_min,flowering_time_max,flowering_time,thc_range,thc_average,flavors_spicy,effects_social,cbd_min,cbd_max,cbd_range,terpenes,dominant_terpene,terpene_count,indoor_yield_min,indoor_yield_max,indoor_yield_range,outdoor_height_min,outdoor_height_max,outdoor_height,effects_appetite
Attitude Seed Bank,https://www.cannabis-seeds-bank.co.uk/archive-seeds-zwoosh/prod_9996,2026-01-14T10:39:46.904754,www.cannabis-seeds-bank.co.uk,2,s a,Zkittlez x Oishii,Regular,Photoperiod,Indica/Sativa,50 days,Indoor & Outdoor,"width=device-width, initial-scale=1.0","Zwoosh Archive Seedbank, Zkittlez powerhouse, fast-flowering Zkittlez, potpourri skunk aroma, tropical candy profile, Oishii genetics, rapid harvest cycles, short-stature plants, multi-tier LED grows, high-yield Zkittlez, 7-week flowering strain, commercial cannabis genetics, terpene-rich hybrid,","Experience the ultimate Zkittlez hybrid from Zwoosh Archive Seedbank â€” short-statured, high-yielding, and ready in as little as 7 weeks for up to seven harvests a year.","index, follow",2 days,Archive Seeds Zwoosh | Attitude Seedbank UK,Archive Seeds>Archive Seeds Zwoosh,"63.64, 66.99, 79.99, 80.74, 83.99, 84.99, 99.99, 113.99, 119.99, 151.99, 159.99, 179.99, 197.59, 207.99",63.64,207.99,115.99,16,12,12,12,happy,happy,1,happy,"sweet, diesel",sweet,sweet,diesel,"https://www.cannabis-seeds-bank.co.uk/Content/siteimages/products/attitude-archiveseeds-zwoosh_600x600.jpg, https://www.cannabis-seeds-bank.co.uk/Content/siteimages/products/attitude-archiveseeds-zwoosh_600x600.jpg, https://www.cannabis-seeds-bank.co.uk/Content/siteimages/products/attitude-archive-seeds-biohazard_400x400.jpg, https://www.cannabis-seeds-bank.co.uk/Content/siteimages/products/attitude-archiveseeds-bluebelts_600x600.jpg, https://www.cannabis-seeds-bank.co.uk/Content/siteimages/products/attitude-archiveseeds-dieseldough_600x600.jpg",13,"https://www.cannabis-seeds-bank.co.uk/Content/new-siteimgs/asb-logo.png, https://www.cannabis-seeds-bank.co.uk/Content/new-siteimgs/mobile-logo2.png, https://www.cannabis-seeds-bank.co.uk/Content/siteimages/brandlogos/archive-logo-1.jpg, https://www.cannabis-seeds-bank.co.uk/Content/new-siteimgs/logo-img.png, https://www.cannabis-seeds-bank.co.uk/Content/new-siteimgs/logo-img.png",11,24,TRUE,FALSE,Cannabiogen Seeds,FALSE,Archive,"['Attitude Specific', 'Meta Tags', 'Pricing', 'Cannabis Data', 'Media Assets', 'Awards', 'Genetics']",7,28.9,Basic,47,,,,,,,,,,,,,,,,,,,,,,,,,,,,,,,,,,,,,,,,,,,,,
Attitude Seed Bank,https://www.cannabis-seeds-bank.co.uk/grounded-genetics-zwisher/prod_9439,2026-01-14T10:39:47.155404,www.cannabis-seeds-bank.co.uk,2,,Swoosh x Zhoreline,Feminized,Photoperiod,,56 - 60 days,Indoor & Outdoor,"width=device-width, initial-scale=1.0","Grounded Genetics Zwisher, Attitude Seedbank UK, freebies, free seeds, Grounded Genetics, cannabis seeds, Swoosh x Zhoreline,",High-grade cannabis seeds for sale at the Attitude Seedbank UK. Shop for Zwisher Cannabis Seeds By Grounded Genetics. Secure shopping & fast checkout.,"index, follow",2 days,Grounded Genetics Zwisher | Attitude Seedbank UK,Grounded Genetics>Grounded Genetics Zwisher,"75.99, 79.99",75.99,79.99,79.66,12,7,7,7,happy,happy,1,happy,sweet,sweet,sweet,,"https://www.cannabis-seeds-bank.co.uk/Content/siteimages/products/attitude-groundedgenetics-zwisher_600x600.jpg, https://www.cannabis-seeds-bank.co.uk/Content/siteimages/products/attitude-groundedgenetics-zwisher_600x600.jpg, https://www.cannabis-seeds-bank.co.uk/Content/siteimages/products/attitude-groundedgenetics-easymoney_600x600.jpg, https://www.cannabis-seeds-bank.co.uk/Content/siteimages/products/attitude-groundedgenetics-pinata_400x400.jpg, https://www.cannabis-seeds-bank.co.uk/Content/siteimages/products/attitude-groundedgenetics-pinklimez_400x400.jpg",13,"https://www.cannabis-seeds-bank.co.uk/Content/new-siteimgs/asb-logo.png, https://www.cannabis-seeds-bank.co.uk/Content/new-siteimgs/mobile-logo2.png, https://www.cannabis-seeds-bank.co.uk/Content/new-siteimgs/logo-img.png, https://www.cannabis-seeds-bank.co.uk/Content/new-siteimgs/logo-img.png, https://www.cannabis-seeds-bank.co.uk/Content/new-siteimgs/logo-img.png",10,24,TRUE,FALSE,Zwisher | Attitude Seedbank UK,FALSE,Grounded Genetics Zwisher,"['Attitude Specific', 'Meta Tags', 'Pricing', 'Cannabis Data', 'Media Assets', 'Awards', 'Genetics']",7,28.9,Basic,46,https://www.cannabis-seeds-bank.co.uk/Content/siteimages/brandlogos/attitude-groundedseeds-logo.jpg,1,,,,,,,,,,,,,,,,,,,,,,,,,,,,,,,,,,,,,,,,,,,
Attitude Seed Bank,https://www.cannabis-seeds-bank.co.uk/in-house-genetics-zurple-punch-BX/prod_5492,2026-01-14T10:39:47.360065,www.cannabis-seeds-bank.co.uk,2,,Zurple Punch x Purple Punch,Feminized,Photoperiod,Indica/Sativa,65 - 75 days,Indoor & Outdoor,"width=device-width, initial-scale=1.0","In House Genetics Zurple Punch BX, fem, female, feminised, feminized, Zurple Punch x Purple Punch ( (Zkittlez x Purple Punch) x Purple Punch ),",Zurple Punch BX new release for 2018 from In House Genetics - View our latest collection online at the Attitude Seedbank UK website. We're constantly getting new cannabis seeds from the biggest seedbanks.,"index, follow",2 days,Zurple Punch BX Cannabis Seeds - In House Genetics,In House Genetics>In House Genetics Zurple Punch BX,"43.99, 54.99, 62.99, 67.99, 135.99, 270.99",43.99,270.99,72.68,13,"3, 6, 12",3,12,happy,happy,1,happy,"grape, sweet",grape,sweet,,"https://www.cannabis-seeds-bank.co.uk/Content/siteimages/products/attitude-inhousegenetics-zurplepunchbx-2025_600x600.jpg, https://www.cannabis-seeds-bank.co.uk/Content/siteimages/products/attitude-inhousegenetics-zurplepunchbx-2025_600x600.jpg, https://www.cannabis-seeds-bank.co.uk/Content/siteimages/products/attitude-inhouse-33rddegree_600x600.jpg, https://www.cannabis-seeds-bank.co.uk/Content/siteimages/products/attitude-inhousegenetics-dolato-25_600x600.jpg, https://www.cannabis-seeds-bank.co.uk/Content/siteimages/products/attitude-inhouse-noimage_600x600.jpg",13,"https://www.cannabis-seeds-bank.co.uk/Content/new-siteimgs/asb-logo.png, https://www.cannabis-seeds-bank.co.uk/Content/new-siteimgs/mobile-logo2.png, https://www.cannabis-seeds-bank.co.uk/Content/new-siteimgs/logo-img.png, https://www.cannabis-seeds-bank.co.uk/Content/new-siteimgs/logo-img.png, https://www.cannabis-seeds-bank.co.uk/Content/new-siteimgs/logo-img.png",10,24,TRUE,FALSE,The World's Largest Cannabis Seed Superstore,FALSE,Zurple Punch BX Cannabis Seeds,"['Attitude Specific', 'Meta Tags', 'Pricing', 'Cannabis Data', 'Media Assets', 'Awards', 'Genetics']",7,28.9,Basic,49,https://www.cannabis-seeds-bank.co.uk/Content/siteimages/brandlogos/attitude-seedbank-in-house-genetics-genetics-for-web.jpg,1,In House Genetics,grape,,,,,,,,,,,,,,,,,,,,,,,,,,,,,,,,,,,,,,,,,
Attitude Seed Bank,https://www.cannabis-seeds-bank.co.uk/in-house-genetics-zurkle/prod_8850,2026-01-14T10:39:47.555528,www.cannabis-seeds-bank.co.uk,2,,Zoap x Purple Urkle,Feminized,Photoperiod,,56 - 70 days,Indoor & Outdoor,"width=device-width, initial-scale=1.0","In House Genetics Zurkle, inhouse seeds, best genetics, feminised cananbis seeds, Zoap x Purple Urkle,",Zurkle from In House Genetics is now available to buy! Shop over the phone or online at Attitude Seedbank UK. We offer the best promotion and fast delivery.,"index, follow",2 days,In House Genetics Zurkle | Attitude Seedbank UK,In House Genetics>In House Genetics Zurkle,"43.99, 54.99, 59.49, 62.99, 67.99, 118.99",43.99,118.99,56.03,12,"3, 6",3,6,happy,happy,1,happy,sweet,sweet,sweet,,"https://www.cannabis-seeds-bank.co.uk/Content/siteimages/products/attitude-inhouse-noimage_600x600.jpg, https://www.cannabis-seeds-bank.co.uk/Content/siteimages/products/attitude-inhouse-noimage_600x600.jpg, https://www.cannabis-seeds-bank.co.uk/Content/siteimages/products/attitude-inhouse-33rddegree_600x600.jpg, https://www.cannabis-seeds-bank.co.uk/Content/siteimages/products/attitude-inhousegenetics-dolato-25_600x600.jpg, https://www.cannabis-seeds-bank.co.uk/Content/siteimages/products/attitude-inhouse-noimage_600x600.jpg",13,"https://www.cannabis-seeds-bank.co.uk/Content/new-siteimgs/asb-logo.png, https://www.cannabis-seeds-bank.co.uk/Content/new-siteimgs/mobile-logo2.png, https://www.cannabis-seeds-bank.co.uk/Content/new-siteimgs/logo-img.png, https://www.cannabis-seeds-bank.co.uk/Content/new-siteimgs/logo-img.png, https://www.cannabis-seeds-bank.co.uk/Content/new-siteimgs/logo-img.png",10,24,TRUE,FALSE,Zurkle | Attitude Seedbank UK,FALSE,In House Genetics Zurkle,"['Attitude Specific', 'Meta Tags', 'Pricing', 'Cannabis Data', 'Media Assets', 'Awards', 'Genetics']",7,28.9,Basic,46,https://www.cannabis-seeds-bank.co.uk/Content/siteimages/brandlogos/attitude-seedbank-in-house-genetics-genetics-for-web.jpg,1,,,,,,,,,,,,,,,,,,,,,,,,,,,,,,,,,,,,,,,,,,,
Attitude Seed Bank,https://www.cannabis-seeds-bank.co.uk/genehtik-seeds-zuri-widow/prod_554,2026-01-14T10:39:47.774417,www.cannabis-seeds-bank.co.uk,2,,Unknown White Widow x Unknown Strain,Regular & Feminized,Photoperiod,Mostly Indica,58 - 69 days,Indoor & Outdoor,"width=device-width, initial-scale=1.0","Genehtik Seeds Zuri Widow, Attitude seed bank, the attitude, Weed seeds, marijuana seeds, cannabis seeds, pot seeds, dope seeds, ganja seeds, attitude seeds, medical seeds, medical marijuana,",Genehtik Seeds Zuri Widow is available at the Attitude Seedbank. Visit our website to check out the whole range of cannabis seeds. We ship worldwide.,"index, follow",2 days,Genehtik Seeds Zuri Widow,Genehtik Seeds>Genehtik Seeds Zuri Widow,"26.99, 35.99, 40.99, 44.99",26.99,44.99,36.99,5,5,5,5,happy,happy,1,happy,"earthy, sweet",earthy,sweet,,"https://www.cannabis-seeds-bank.co.uk/Content/siteimages/products/zuri-widow-genehtik-seeds.jpg, https://www.cannabis-seeds-bank.co.uk/Content/siteimages/products/zuri-widow-genehtik-seeds.jpg, https://www.cannabis-seeds-bank.co.uk/Content/siteimages/products/genehtik-seeds-packaging_400x400.jpg, https://www.cannabis-seeds-bank.co.uk/Content/siteimages/products/genehtik-seeds-amnesia-bilbo-auto-attitude.jpg, https://www.cannabis-seeds-bank.co.uk/Content/siteimages/products/auto-ese-tbilbo-genehtik-seeds.jpg",7,"https://www.cannabis-seeds-bank.co.uk/Content/new-siteimgs/asb-logo.png, https://www.cannabis-seeds-bank.co.uk/Content/new-siteimgs/mobile-logo2.png, https://www.cannabis-seeds-bank.co.uk/Content/siteimages/brandlogos/genehtikbrandlogo.jpg, https://www.cannabis-seeds-bank.co.uk/Content/new-siteimgs/logo-img.png, https://www.cannabis-seeds-bank.co.uk/Content/new-siteimgs/logo-img.png",11,18,TRUE,FALSE,Cannabiogen Seeds,FALSE,Genehtik,"['Attitude Specific', 'Meta Tags', 'Pricing', 'Cannabis Data', 'Media Assets', 'Awards', 'Genetics']",7,35.2,Basic,49,,,,,Medium,0.30%,0.3,earthy,,,,,,,,,,,,,,,,,,,,,,,,,,,,,,,,,,,,,
Attitude Seed Bank,https://www.cannabis-seeds-bank.co.uk/the-plug-seedbank-zupreme/prod_6719,2026-01-14T10:39:47.973723,www.cannabis-seeds-bank.co.uk,2,,Zkittlez x Zmoothies Z3,Feminized,Photoperiod,Indica/Sativa,56 - 77 days,Indoor & Outdoor,"width=device-width, initial-scale=1.0","The Plug Seedbank, Zupreme, fem, female, feminized, feminised, Zkittlez, Zmoothies Z3, ",Here's one of the treasures from The Plug Seedbank. Zupreme is now in stock. Buy it online at the Attitude Seedbank UK.,"index, follow",2 days,The Plug Seedbank Zupreme| Attitude Seedbank UK,The Plug Seedbank>The Plug Seedbank Zupreme,"55.79, 59.99, 69.99, 119.99",55.79,119.99,67.14,12,6,6,6,happy,happy,1,happy,"sweet, diesel",sweet,sweet,diesel,"https://www.cannabis-seeds-bank.co.uk/Content/siteimages/products/attitude-the-plug-no-image_400x400.jpg, https://www.cannabis-seeds-bank.co.uk/Content/siteimages/products/attitude-the-plug-no-image_400x400.jpg, https://www.cannabis-seeds-bank.co.uk/Content/siteimages/products/the-plug-seedbank-packaging-both_400x400.jpg, https://www.cannabis-seeds-bank.co.uk/Content/siteimages/products/attitude-the-plug-baklava_400x400.jpg, https://www.cannabis-seeds-bank.co.uk/Content/siteimages/products/attitude-the-plug-banana-loaf_400x400.jpg",14,"https://www.cannabis-seeds-bank.co.uk/Content/new-siteimgs/asb-logo.png, https://www.cannabis-seeds-bank.co.uk/Content/new-siteimgs/mobile-logo2.png, https://www.cannabis-seeds-bank.co.uk/Content/new-siteimgs/logo-img.png, https://www.cannabis-seeds-bank.co.uk/Content/new-siteimgs/logo-img.png, https://www.cannabis-seeds-bank.co.uk/Content/new-siteimgs/logo-img.png",10,26,TRUE,FALSE,Cannabiogen Seeds,FALSE,The Plug,"['Attitude Specific', 'Meta Tags', 'Pricing', 'Cannabis Data', 'Media Assets', 'Awards', 'Genetics']",7,28.9,Basic,48,"https://www.cannabis-seeds-bank.co.uk/Content/siteimages/brandlogos/website-logo-the-plug-seedbank.jpg, https://www.cannabis-seeds-bank.co.uk/Content/siteimages/promos/attitude-theplug-freebieswithnewstrains-april25-promo.jpg",2,,,,,,,,,,,,,,,,,,,,,,,,,,,,,,,,,,,,,,,,,,,
Attitude Seed Bank,https://www.cannabis-seeds-bank.co.uk/compound-genetics-seeds-zupernova/prod_9854,2026-01-14T10:39:48.149448,www.cannabis-seeds-bank.co.uk,2,,Zlayer x Eye Candy,Feminized,Photoperiod,,,,"width=device-width, initial-scale=1.0","Compound Genetics Seeds Zupernova, Eye Candy cross, V2 collection, 2025 strains, cannabis seeds, exotic weed strains, Zlayer x Eye Candy,","Explore Zupernova cannabis seeds from Compound Genetics. High-quality hybrid, a cross of Zlayer x Eye Candy. Available at Attitude Seedbank UK.","index, follow",2 days,Compound Genetics Seeds Zupernova | Attitude Seedbank UK,Compound Genetics>Compound Genetics Seeds Zupernova,"84.99, 131.99, 137.99",84.99,137.99,98.35,11,7,7,7,happy,happy,1,happy,"sweet, fuel",sweet,sweet,fuel,"https://www.cannabis-seeds-bank.co.uk/Content/siteimages/products/attitude-compound-zupernova_600x600.jpg, https://www.cannabis-seeds-bank.co.uk/Content/siteimages/products/attitude-compound-zupernova_600x600.jpg, https://www.cannabis-seeds-bank.co.uk/Content/siteimages/products/attitude-compound-zupernova2_600x600.jpg, https://www.cannabis-seeds-bank.co.uk/Content/siteimages/products/attitude-compound-zupernova3_600x600.jpg, https://www.cannabis-seeds-bank.co.uk/Content/siteimages/products/attitude-compound-zupernova4_600x600.jpg",16,"https://www.cannabis-seeds-bank.co.uk/Content/new-siteimgs/asb-logo.png, https://www.cannabis-seeds-bank.co.uk/Content/new-siteimgs/mobile-logo2.png, https://www.cannabis-seeds-bank.co.uk/Content/siteimages/brandlogos/compound-logo.jpg, https://www.cannabis-seeds-bank.co.uk/Content/new-siteimgs/logo-img.png, https://www.cannabis-seeds-bank.co.uk/Content/new-siteimgs/logo-img.png",11,27,TRUE,FALSE,Seeds Zupernova | Attitude Seedbank UK,FALSE,Compound Genetics,"['Attitude Specific', 'Meta Tags', 'Pricing', 'Cannabis Data', 'Media Assets', 'Awards', 'Genetics']",7,28.9,Basic,43,,,,,,,,,,,,,,,,,,,,,,,,,,,,,,,,,,,,,,,,,,,,,
Attitude Seed Bank,https://www.cannabis-seeds-bank.co.uk/fastbuds-seeds-z-up-auto/prod_9662,2026-01-14T10:39:48.411622,www.cannabis-seeds-bank.co.uk,2,s with,Z-Up AUTO,Feminized,Autoflowering,Mostly Sativa,56 - 63 days,Indoor & Outdoor,"width=device-width, initial-scale=1.0","FastBuds Seeds Z-Up AUTO, Attitude Seedbank UK, Z Up, ZUp, autoflower, autoflowering, cannabis seeds, ","If you're a connoisseur looking for bold flavors, a grower chasing top-shelf yields, or a daytime toker searching for something fresh, Z-Up Auto ticks all the boxes. With unmatched citrus flavour, sky-high THC, and electric sativa energy, Z-Up Auto will take your cannabis journey to new, refreshing heights.","index, follow",2 days,FastBuds Seeds Z-Up AUTO | Attitude Seedbank UK,FastBuds Seeds>FastBuds Seeds Z-Up AUTO,"11.49, 20.0, 35.99, 39.99, 48.99",11.49,48.99,34.49,13,5,5,5,"uplifting, cerebral, energetic, happy, body",uplifting,5,"uplifting, cerebral, energetic, happy","lemon, lime, orange, citrus, fruity, sweet",lemon,sweet,,"https://www.cannabis-seeds-bank.co.uk/Content/siteimages/products/attitude-fastbud-zupauto_600x600.jpg, https://www.cannabis-seeds-bank.co.uk/Content/siteimages/products/attitude-fastbud-zupauto_600x600.jpg, https://www.cannabis-seeds-bank.co.uk/Content/siteimages/products/attitude-fastbudseeds-c4matic-auto24_600x600.jpg, https://www.cannabis-seeds-bank.co.uk/Content/siteimages/products/attitude-fastbudseeds-californiansnowauto24_600x600.jpg, https://www.cannabis-seeds-bank.co.uk/Content/siteimages/products/attitude-fastbudseeds-crystalmeth24_600x600.jpg",13,"https://www.cannabis-seeds-bank.co.uk/Content/new-siteimgs/asb-logo.png, https://www.cannabis-seeds-bank.co.uk/Content/new-siteimgs/mobile-logo2.png, https://www.cannabis-seeds-bank.co.uk/Content/new-siteimgs/logo-img.png, https://www.cannabis-seeds-bank.co.uk/Content/new-siteimgs/logo-img.png, https://www.cannabis-seeds-bank.co.uk/Content/new-siteimgs/logo-img.png",10,25,TRUE,FALSE,Cannabiogen Seeds,FALSE,FastBuds,"['Attitude Specific', 'Meta Tags', 'Pricing', 'Cannabis Data', 'Media Assets', 'Awards', 'Genetics']",7,54.1,Standard,61,"https://www.cannabis-seeds-bank.co.uk/Content/siteimages/brandlogos/fast-budslogo-box24.jpg, https://www.cannabis-seeds-bank.co.uk/Content/siteimages/promos/attitude-fastbuds-gorillazkittlezauto-oct25-promo.jpg",2,,fruity,Short to Medium,1.00%,1,,29.00%,29,29,29,body,"lemon, lime, orange, citrus",65,35,Sativa,,,,,,,,,,,,,,,,,,,,,,,,,,,,
Attitude Seed Bank,https://www.cannabis-seeds-bank.co.uk/sincity-seeds-zummy-bearz/prod_7157,2026-01-14T10:39:48.645648,www.cannabis-seeds-bank.co.uk,2,,Watermelon Zum Zum X Blue Power,Regular & Feminized,Photoperiod,Indica/Sativa,50 - 60 days,Indoor & Outdoor,"width=device-width, initial-scale=1.0","SinCity Seeds, SinCity, seeds, sin city, sin, city, marijuana, cannabis, fem, feminized, reg, regular, Zummy BearZ,",Zummy BearZ by SinCity Seeds are now available to order securely online at The Attitude Seedbank website or over the phone. ,"index, follow",2 days,SinCity Seeds Zummy BearZ | Attitude Seedbank UK,SinCity Seeds>SinCity Seeds Zummy BearZ,"36.79, 39.09, 45.99, 55.99, 67.99, 79.99",36.79,79.99,52.53,19,7,7,7,happy,happy,1,happy,"lime, sweet",lime,sweet,,"https://www.cannabis-seeds-bank.co.uk/Content/siteimages/products/attitude-sincityseeds-whitenightmare_600x600.jpg, https://www.cannabis-seeds-bank.co.uk/Content/siteimages/products/attitude-sincityseeds-whitenightmare_600x600.jpg, https://www.cannabis-seeds-bank.co.uk/Content/siteimages/products/attitude-sincityseeds-forbiddenmints_600x600.jpg, https://www.cannabis-seeds-bank.co.uk/Content/siteimages/products/attitude-sincityseeds-noimage_600x600.jpg, https://www.cannabis-seeds-bank.co.uk/Content/siteimages/products/attitude-sincityseeds-modifiedmints_600x600.jpg",13,"https://www.cannabis-seeds-bank.co.uk/Content/new-siteimgs/asb-logo.png, https://www.cannabis-seeds-bank.co.uk/Content/new-siteimgs/mobile-logo2.png, https://www.cannabis-seeds-bank.co.uk/Content/new-siteimgs/logo-img.png, https://www.cannabis-seeds-bank.co.uk/Content/new-siteimgs/logo-img.png, https://www.cannabis-seeds-bank.co.uk/Content/new-siteimgs/logo-img.png",10,24,TRUE,FALSE,Cannabiogen Seeds,FALSE,SinCity,"['Attitude Specific', 'Meta Tags', 'Pricing', 'Cannabis Data', 'Media Assets', 'Awards', 'Genetics']",7,28.9,Basic,48,https://www.cannabis-seeds-bank.co.uk/Content/siteimages/brandlogos/attitude-sincityseeds-logo.jpg,1,,,,,,,,,,,,lime,,,,,,,,,,,,,,,,,,,,,,,,,,,,,,,
Attitude Seed Bank,https://www.cannabis-seeds-bank.co.uk/green-house-seeds-ztrawberry/prod_7998,2026-01-14T10:39:48.836101,www.cannabis-seeds-bank.co.uk,2,at the,Runtz x A.M.S,Feminized,Photoperiod,Mostly Indica,56 - 63 days,Indoor & Outdoor,"width=device-width, initial-scale=1.0","Ztrawberry, Cannabis Seeds, Green House Seeds, Runtz x A.M.S, ams, usa strains, ","Find your favourite marijuana seed banks online at the Attitude Seedbank UK including Green House. Buy online Ztrawberry Cannabis Seeds.

","index, follow",2 days,Green House Seeds Ztrawberry | Attitude Seedbank UK,Green House Seeds>Green House Seeds Ztrawberry,"9.99, 26.99, 28.49, 28.99, 34.99, 47.99, 79.99",9.99,79.99,34.11,13,"5, 10",5,10,happy,happy,1,happy,"lemon, earthy, sweet",lemon,sweet,,"https://www.cannabis-seeds-bank.co.uk/Content/siteimages/products/attitude-greenhouse-ztrawberry_400x400.jpg, https://www.cannabis-seeds-bank.co.uk/Content/siteimages/products/attitude-greenhouse-ztrawberry_400x400.jpg, https://www.cannabis-seeds-bank.co.uk/Content/siteimages/products/greenhouse-seeds-packaging-2024_600x600.jpg, https://www.cannabis-seeds-bank.co.uk/Content/siteimages/products/arjans-haze-3-greenhouse-seeds.jpg, https://www.cannabis-seeds-bank.co.uk/Content/siteimages/products/gh-cheese-greenhouse-seeds.jpg",14,"https://www.cannabis-seeds-bank.co.uk/Content/new-siteimgs/asb-logo.png, https://www.cannabis-seeds-bank.co.uk/Content/new-siteimgs/mobile-logo2.png, https://www.cannabis-seeds-bank.co.uk/Content/new-siteimgs/logo-img.png, https://www.cannabis-seeds-bank.co.uk/Content/new-siteimgs/logo-img.png, https://www.cannabis-seeds-bank.co.uk/Content/new-siteimgs/logo-img.png",10,25,TRUE,FALSE,Cannabiogen Seeds,FALSE,Green House,"['Attitude Specific', 'Meta Tags', 'Pricing', 'Cannabis Data', 'Media Assets', 'Awards', 'Genetics']",7,54.1,Standard,63,https://www.cannabis-seeds-bank.co.uk/Content/siteimages/brandlogos/greenhouseseedsbrandlogo.jpg,1,,,Medium to Tall,0.23%,0.23,earthy,22.48%,22.48,22.48,22.48,,lemon,40,60,Indica,160,280,160-280 cm,,,,,,,,,,,,,,,,,,,,,,,,,
