seed_bank,source_url,strain_name,strain_id,about_info,thc_content
Seeds Here Now,https://seedsherenow.com/shop/dominion-seed-company-supa-fly/,Dominion Seed Company,13673,,
Seeds Here Now,https://seedsherenow.com/shop/tropicanna-banana-feminized-barneys-farm/,Tropicanna Banana (Feminized) â€“ Barneyâ€™s Farm,14701,,
Seeds Here Now,https://seedsherenow.com/shop/thug-pug-genetics-glow-plug-reg-10pk/,Glow Plug (Regular) â€“ Thug Pug Genetics,5654,"Why Glow Plug Seeds Deserve a Spot in Your Garden
Sick of lackluster harvests and bland terpene profiles? Cue Glow Plug cannabis seeds-the electrifying hybrid that turns any grow into a garden party. Designed by Thug Pug Genetics and parented by Jungle Sherbet and Fiddle Faddle, this aromatic powerhouse is your ticket to heady highs, zesty aromas, and genuinely fun growing. Whether youâ€™re just cutting your teeth or adding another champion to your stable, Glow Plugâ€™s about to light up your lineup.


Breeder: Thug Pug Genetics
Genetics: Jungle Sherbet x Fiddle Faddle
Seed Type: Regular
Strain Type: Hybrid
THC: 20% to 25%
CBD: Less than 1%
Flowering Time: 9 to 10 weeks
Yield: Moderate
Difficulty: Intermediate
Aroma / Flavor: Sweet, citrus, earthy, pine, lime
Effects: Creative, energetic, uplifting, anxiety
Best Use: Daytime, Creative


Glow Plug Strain Overview
Letâ€™s be blunt: Glow Plug checks all the boxes for a high THC, terpene-rich flower. This balanced hybrid-thanks to elite parents Jungle Sherbet and Fiddle Faddle-brings the best of both worlds with a creative charge and steady stone. Thug Pug Genetics doesnâ€™t mess around: every pack delivers genetic firepower and consistent phenos, making Glow Plug a go-to for growers looking for a reliable, standout cannabis strain.
Lineage and Breeding of Glow Plug Seeds
Glow Plug seeds bring together the best traits from Jungle Sherbet and Fiddle Faddle, two pedigreed parents revered for their standout terpenes and potency. This carefully selected cross wasnâ€™t just about stacking THC-it was bred for that full-spectrum experience: bold, complex aromas, striking visual appeal, and vigorous growth. By combining Jungle Sherbetâ€™s resin-caked, sweet-leaning profile with Fiddle Faddleâ€™s energetic lift and flavor edge, Thug Pug delivers seeds with excellent bag appeal and rich, nuanced smoke. Plus, this lineage gives Glow Plug a leg up in disease resistance and resilience, making it a versatile choice for both indoor and outdoor cultivators. For breeders, the diverse genetics open up room for hunting new phenos or exploring the next great hybrid.
Flavor and Aroma Profile of Glow Plug
Crack open a jar and Glow Plug puts on a show; this strainâ€™s aromatic profile punches with diesel at the front, followed by sharp pine, bright citrus, and a hint of earthy grounding. Breathe deep-the Caryophylleneâ€™s got that fuel tang, Linalool drops floral calm, and Ocimene rounds out the citrus buzz. Interested in how terpenes create the signature scent and soothing potential? Learn more about cannabis terpenes and aromatherapy effects here. On the tongue, itâ€™s terpene city: diesel leads, pine refreshes, citrus cuts through the noise, and earthy notes linger like a good joke. If your nose likes complexity, Glow Plugâ€™s got layers for days.
Effects and Benefits of the Glow Plug Strain
Glow Plug isnâ€™t just another hybrid-itâ€™s the spark plug for creative minds and energized moods. Expect an initial kick of euphoria boosted by the strainâ€™s innate uplifting qualities, perfect for art sessions, home projects, or just dancing to your own playlist while cleaning up. The high THC content means youâ€™ll feel the boost, but never totally untethered-thereâ€™s a balance that keeps anxiety at bay. Looking to bust the midday slump? Glow Plugâ€™s effects make powering through work, crafting, or outdoor adventuring a breeze.
Phenotypic Variation in Glow Plug Seeds
Pheno-hunters, rejoice! Glow Plug comes with room for interpretation. Youâ€™ll spot phenotypes that run lanky and lime green-ready for training-and others with chunkier, more resin-drenched buds glistening in trichomes. Aroma can tilt either more diesel/pine or citrus/earth, depending on mom and dadâ€™s influence. Bag appeal? Even the pickier growerâ€™s jaw will drop: bright pistils, frosty coverage, and killer structure make Glow Plug the popular kid at any sesh.
How To Grow the Glow Plug Strain Like a Pro
Stick to the basic cultivation tips-dial in airflow, control humidity, and give her full-spectrum light love from veg to late flower. Indoors, Glow Plug responds to topping and low-stress training, opening up those bushy arms for serious bud production. Flowering time lands at a sweet 63 to 70 days-fast enough for a hybrid with this much terpene punch. Outdoors, keep an eye on moisture; she loves sunshine but hates mold, so space your girls and prune like you mean it. Yield is moderate, but trust: every nug is worth the labor. Intermediate growers will appreciate the balance of challenge and reward. Bonus: regular seed type means you get both gals and boys for your own Glow Plug breeding projects.
User Reviews

â€œGlow Plug rewarded me with frosty, dense buds that stank up the tent with fuel and citrus. The high is motivating but never too much-made my afternoon art sessions pop.â€ - Darren M.


â€œPulled a decent harvest outdoors. Buds were bright, sticky, and super fragrant. Easy to manage for a hybrid and gave me a really upbeat, smooth effect.â€ - Rita J.

Buy Glow Plug Seeds Today
Glow Plug is a standout cross of Jungle Sherbet and Fiddle Faddle, combining rich flavor, dependable structure, and impressive resin production. With a fast flowering cycle and terpene-loaded harvests, itâ€™s a must for growers seeking flavor and potency. Explore all cannabis seeds at SeedsHereNow.com and elevate your grow game today.",20%
Seeds Here Now,https://seedsherenow.com/shop/fast-buds-apricot-autofem/,Apricot (Autoflower) â€“ Fast Buds,708,"Apricot Autoflowering Feminized Seeds â€“ Creative Highs, Easy Harvests


Breeder: Fast Buds
Genetics: Apricot x Ruderalis
Seed Type: Autoflower
Strain Type: Hybrid
THC: 20% to 25%
CBD: Less than 1%
Flowering Time: 9 to 10 weeks
Yield: High
Difficulty: Beginner-friendly
Aroma / Flavor: Sweet, citrus, pine, orange, tropical
Effects: Creative, uplifting, relaxation, stress relief
Best Use: Creative, Mood Lift, Daytime


Genetics and Lineage
Phenotypical Variance
Strain Classification

Balanced Hybrid â€“ Enjoy the best of both worlds: uplifting sativa energy and soothing indica comfort.
Hybrid Benefits â€“ Optimized for creative bursts, stress relief, and versatility for day or evening use.

Growing Apricot Seeds
Indoor Specs

Space: Compact but bushy; fits most small tents or closets.
Light: Runs 18/6 or 20/4 (autoflower mode means no light flip headaches!).
Optimal Temps/Humidity: 68-78Â°F, 45-55% RH.
Feeding: Handles light-medium nutes; watch your pH, and sheâ€™ll reward you.


  Cultivators eager for best results will benefit from following tried-and-true methodsâ€”everything from light schedules to nutrition counts! For those new to the process, check out this comprehensive cannabis soil preparation and grow guide to give your Apricot seeds the ideal start and finish.

Growth Traits

Structure: Medium height (2-3 feet), sturdy main cola, beautiful lateral branching.
Flowering Timeline: Just 63-70 days from seed to harvest (yes, legit!).
Training: Responds great to LST, topping, and even SCROG if youâ€™re feeling fancy.
Resistance: Solid resistance to mold, pests, and rookie mistakes alike.

Appearance and Yield

Buds: Tight, frosty nugs with striking orange pistils and a sticky glaze.
Indoor Yields: Up to 500g/mÂ² (under optimal conditions).
Outdoor Yields: 80-180g/plant depending on sun and climate.

Climate Notes

Performs best in warmer, temperate climates; finish late summer/early autumn outdoors.
If it gets chilly or humid, just watch for bud rot in the last weekâ€”rare, but worth a look!



Before we continue, donâ€™t miss our in-depth Blue Dream grow guide for expert cultivation tips, inspiration, and advice that goes hand-in-hand with mastering your Apricot autoflowering grow.

Apricot Effects and Experience Profile

Medical: Tackles stress, pain, and the notorious canâ€™t-sleep blues.
Mental: Uplifting, clear-headed, and socialâ€”great for music, art, or just chatting up pals.
Best Time: Day or nightâ€”she really is that versatile!

Flavor and Aroma

Dominant Terpenes: Myrcene, Limonene, Caryophyllene, Pinene, and Linalool. Each of these terpenes contributes to Apricotâ€™s unique flavor and aroma, while also impacting your high in different waysâ€”learn more about how cannabis terpenes like Myrcene, Limonene, Caryophyllene, and Pinene shape your experience for a more personalized session.
Scent: Ripe apricot upfront, with undercurrents of citrus and earth.
Taste: Sweet and tangy on the inhale, creamy and fruity as you exhale. Itâ€™s downright addictive (and legal, ha!).
Aroma Intensity: Loud and proudâ€”stash that jar tight if youâ€™re stealthy!

Seed Specifications

Type: Autoflowering Feminized â€“ Every plantâ€™s a flower, zero dud males.
Germination Rate: 95%+ with proper methods.
Appearance: Medium-sized, dark tiger-striped seeds.
Pack Details: Sealed for freshness, discreet shipping.
Storage: Keep cool, dry, and dark for best results.
Shelf Life: 2â€“3 years easy if you stash â€™em right.
Shipping: Stealthy packaging, quick turnaround.
Guarantee: Germination or replacementâ€”no drama, just results.

Why Choose Apricot Seeds from Seeds Here Now?

What Sets Them Apart? Jaw-dropping yields, fruity flavor, and never-stress-out ease of growth. Plus, these Apricot feminized seeds are legitâ€”proven genetics from Fast Buds, delivered fast and fresh.
Award-Winning? Fast Buds strains have a shelf full of trophiesâ€”and these genetics carry on that tradition.
User Love: â€œBest autoflower Iâ€™ve ever grown,â€ â€œSuper sweet, never fails to produce big.â€
Expert Pick: My go-to rec for anyone chasing flavor, yields, or just an uncomplicated grow. Reliable as sunrise.
Perfect For: Creatives, chillers, social butterflies, and even first-time cultivators.
Solves: Those tough-to-grow blues, anyone who hates waiting forever or losing harvests to inferior genetics. Maximum fun, minimal fuss.

Customer Reviews

Kyle B: â€œFirst growâ€”couldnâ€™t believe how easy these Apricot auto seeds were. Got over 120g from my tent, and the flavor is wild. Zero hassle. Ordering again!â€
Samantha P: â€œSeriously the best for late-night paintings and jam sessions. Even my partner who barely smokes loves this gentle high. Aroma is out of this world!â€
GrowDude71: â€œIâ€™ve grown a lot of autos, but these are my new favorite. Rock-solid genetics, fat yields, sweet and sticky buds. Two green thumbs up!â€

Buy Apricot Seeds Today
If youâ€™re ready to transform your garden into a fruity wonderland, grab your Apricot seeds from Seeds Here Now and taste the difference true genetics make. We ship quickly and stealthily across legal jurisdictions. Rememberâ€”these are for novelty/souvenir purposes only where applicable, so check your local laws. Our support team is standing by for any germination questions or grow advice. If youâ€™re not thrilled, ask about our satisfaction guarantee. Donâ€™t miss outâ€”secure your Apricot feminized seeds now and elevate your next harvest!
Similar Strains You May Like:

Pineapple Express Auto: Tropical, sweet flavors; fast finishers; great beginner strain.
Gelato Auto: Heavy crystal production; dessert-worthy taste; smooth, balanced hybrid highs.
Zkittlez Auto: Super colorful, candy-like flavor, perfect for creative and social sessions.",20%
Seeds Here Now,https://seedsherenow.com/shop/wedding-cake-feminized-barneys-farm/,Wedding Cake (Feminized) â€“ Barneyâ€™s Farm,15059,,
Seeds Here Now,https://seedsherenow.com/shop/zkittlez-og-autoflower-barneys-farm/,Zkittlez OG (Autoflower) â€“ Barneyâ€™s Farm,15686,,
Seeds Here Now,https://seedsherenow.com/shop/skywalker-og-autoflower-barneys-farm/,Skywalker OG (Autoflower) â€“ Barneyâ€™s Farm,12593,,
Seeds Here Now,https://seedsherenow.com/shop/runtz-autoflower-barneys-farm/,Runtz (Autoflower) â€“ Barneyâ€™s Farm,12081,,
Seeds Here Now,https://seedsherenow.com/shop/strawberry-lemonade-feminized-barneys-farm/,Strawberry Lemonade (Feminized) â€“ Barneyâ€™s Farm,13433,,
Seeds Here Now,https://seedsherenow.com/shop/purple-punch-autoflower-barneys-farm/,Purple Punch (Autoflower) â€“ Barneyâ€™s Farm,11381,,
Seeds Here Now,https://seedsherenow.com/shop/clementine-slush-feminized-cali-connection/,Clementine Slush (Feminized) â€“ Cali Connection,3317,,
Seeds Here Now,https://seedsherenow.com/shop/gorilla-zkittlez-autoflower-barneys-farm/,Gorilla Zkittlez (Autoflower) â€“ Barneyâ€™s Farm,6027,,
Seeds Here Now,https://seedsherenow.com/shop/king-mamba-regular-cali-kush-farms/,King Mamba (Regular) â€“ Cali Kush Farms,7678,,
Seeds Here Now,https://seedsherenow.com/shop/santa-muerte-f2-regular-omuerta-genetix/,Omuerta Genetix,12170,,
Seeds Here Now,https://seedsherenow.com/shop/watermelon-zkittlez-feminized-barneys-farm/,Watermelon Zkittlez (Feminized) â€“ Barneyâ€™s Farm,15040,,
Seeds Here Now,https://seedsherenow.com/shop/dos-si-dos-autoflower-barneys-farm/,Dos Si Dos (Autoflower) â€“ Barneyâ€™s Farm,4241,,
Seeds Here Now,https://seedsherenow.com/shop/dos-si-dos-33-feminized-barneys-farm/,Dos Si Dos 33 (Feminized) â€“ Barneyâ€™s Farm,4222,,
Seeds Here Now,https://seedsherenow.com/shop/candy-mike-regular-skunk-house-genetics/,Candy Mike (Regular) â€“ Skunk House Genetics,2498,,
Seeds Here Now,https://seedsherenow.com/shop/mimosa-evo-feminized-barneys-farm/,Mimosa EVO (Feminized) â€“ Barneyâ€™s Farm,9105,,
Seeds Here Now,https://seedsherenow.com/shop/scoops-regular-exotic-genetix/,Scoops (Regular) â€“ Exotic Genetix,12208,,
Seeds Here Now,https://seedsherenow.com/shop/ztarfighter-regular-omuerta-genetix/,Omuerta Genetix,15744,,
Seeds Here Now,https://seedsherenow.com/shop/super-sour-larry-deez-regular-exotic-genetix/,Exotic Genetix,13814,,
Seeds Here Now,https://seedsherenow.com/shop/glookies-feminized-barneys-farm/,Glookies (Feminized) â€“ Barneyâ€™s Farm,5648,,
Seeds Here Now,https://seedsherenow.com/shop/aficionado-seeds-rainbow-larry-reg-10pk/,Rainbow Larry (Regular) â€“ Aficionado,218,"Rainbow Larry Regular Seeds â€“ Vivid Flavor Meets Creative Energy

Roll out the red carpet and pop open a fresh jar: Rainbow Larry is the generational hybrid your homegrowâ€™s been thirsting for. This isnâ€™t your cousinâ€™s tired kush knock-off. This is high-octane artistry from the freaks at Aficionado Seeds. Rainbow Larry doesnâ€™t just slap with flavor and colorâ€”itâ€™ll hit you with a double dose of creative rocket fuel. Ready to turn the bummer day into a damn kaleidoscope? Strap in.



Breeder: Aficionado Seeds
Genetics: Rainbow Sherbet #11 x Larry OG BX3
Seed Type: Regular
Strain Type: Hybrid
THC: 20% to 25%
CBD: Less than 1%
Flowering Time: 9 to 10 weeks
Yield: Moderate
Difficulty: Intermediate
Aroma / Flavor: Sweet, citrus, earthy, fuel, tea
Effects: Happy, creative, energetic, focused, couch-lock
Best Use: Relaxation, Night


Genetics & Lineage: Rainbow Larryâ€™s Wild Family Tree

Mother: Rainbow Sherbet #11 â€“ Straight-up candy-fruit, wild color, delivers that â€œupâ€ you need after reading the news.
Father: Larry OG BX3 â€“ OG backbone: tough, juiced with earth-and-fuel tones, and doesnâ€™t back down.

Growing Rainbow Larry Seeds: Tips, Truth, and No Bullshit

Skill Level: Intermediate, but brave first-timers can still score big if they read the damn instructions.
Indoor Specs: 3-4ft final stretch, decent branching, wants regular light cyclesâ€”no disco balls, please.
Structure: Compact but spirited, lets you LST and SCROG it without calling your therapist.
Flowering Time: 9-10 weeks from flip (aka: donâ€™t start harvesting just because your buddy says so).
Training: Top it, SCROG it, even give it a gentle haircutâ€”sheâ€™s down for it all.


Indoor Yield: 400â€“500g/mÂ² (if you actually water it and donâ€™t treat it like a cactus).
Outdoor Yield: 500g+/plantâ€”sun-worshippers wanted.
Climate Tip: Prefers summer-love, but wonâ€™t whine if nights get a bit chilly.


Pro tip: Got paranoia about mold, or sick of seeds biting the dust in your sock drawer? Hit our gutter-mouthed yet actually-useful take on avoiding mold and mildew in cannabis seed storage. Donâ€™t let your Rainbow Larrys get taken out by some basic-ass fungus.

Effects & Experience Profile: Rainbow Larry in Action

Body Effects: Relaxation without couch-lock, a bit of pain relief, and enough energy to do more than just stare at your weird neighbor.
Mental Effects: Euphoria for the existentially fatigued, an actual burst of creativity, plus that golden â€œtalking to strangers at the partyâ€ confidence.
Use Time: Day, early evening, or whenever your brainâ€™s wrung-out but you want some pep back in your step.
Flavor and Aroma: Sweet-ass candy, citrus, a little hint of gasâ€”like Willy Wonkaâ€™s road trip in a muscle car.
Terpenes: Dominant Limonene, Caryophyllene, Myrceneâ€”plus a smooth, creamy finish your tongue will thank you for.
Aroma Intensity: Straight-up loud; you will smell her through the jar, the bag, maybe the drywall.

Seed Specs: Whatâ€™s in the Rainbow Larry Pack?

Seed Type: Regular â€“ primo for anyone getting bold with homebreeding or wants to hunt those jackpot phenos.
Germination Rate: 90%+ if you donâ€™t nuke â€˜em on a radiator or drown â€˜em in tap water.
Package: Shipped like a witness under protectionâ€”stealthy, crush-proof, and your neighbor Karen wonâ€™t know.
Guarantee: Germinate or get a replacement from Seeds Here Nowâ€”no fuss, no lectures.
Shelf Life: 5 years if you stash â€˜em cool and dry (not next to your bong, Sherlock).

Why Buy Rainbow Larry SEEDS From Seeds Here Now?

Standout trait: Hypes your creative circuits and gives you happy, functional buzz â€” even if you canâ€™t draw a stick figure.
Perfect for: Day-trippers, aspiring artists, collectors, or anyone whoâ€™s done with bunk hybrids.
Ease of growth: Forgiving like a stoned grandma, handles your rookie mistakes and still drops solid yield indoors or out.

Customer Reviews


    â€œRainbow Larry was super easy to train with my SCROG setup. The stretch was predictable, and the yield was even better than Iâ€™d hopedâ€”absolutely covered in trichs and the candy smell is next level.â€ â€“ â€œBudGeniusâ€


    â€œIâ€™ve been hunting a new hybrid for creative sessions and art projectsâ€”RL does the trick! Happy, energetic, and still focused. Colorful nugs and loud jars.â€ â€“ â€œSamantha C.â€


    â€œGot a couple rare phenosâ€”one tasted just like straight sherbet. Even my wife, a total skeptic, became a fan! Plus, Seeds Here Now made the whole order super discreet.â€ â€“ â€œGreenThumbs123â€


Buy Rainbow Larry Seeds Today

Donâ€™t watch another viral cat video and call it â€œcreative inspiration.â€ If you want a real shot of artistry, grab your Rainbow Larry seedsâ€”and flourish. These beans ship fast, safe, and sneakier than your high school escapes, wherever itâ€™s legal (hey, this is all for souvenir purposes, right?). Got questions? Our crew wonâ€™t hit you with mansplainingâ€”just legit help and a â€œwe got youâ€ germination guarantee. Donâ€™t sleep on one of the decadeâ€™s best hybrids. Snag your Rainbow Larry pack from Seeds Here Now â€“ and unlock a real-deal creative harvest.

Similar Strains You May Like:

Zkittlez: Chasing fruit-bomb terps and screaming colors? This oneâ€™s your ticket.
GMO Cookies: Funky, earthy, obscenely potentâ€”suits couch philosophers and future astronauts.
Runtz: If you want rainbow nugs and jawbreaker candy aroma, sheâ€™ll blow your mind.",20%
Seeds Here Now,https://seedsherenow.com/shop/gorilla-glue-autoflower-barneys-farm/,Gorilla Glue (Autoflower) â€“ Barneyâ€™s Farm,5976,,
Seeds Here Now,https://seedsherenow.com/shop/eye-four-regular-swamp-boys-seeds/,Eye Four (Regular) â€“ Swamp Boys,4718,,
Seeds Here Now,https://seedsherenow.com/shop/elev8-seeds-apple-fritter-fem-6pk/,Apple Fritter (Feminized) â€“ Elev8,650,"Apple Fritter Feminized Seeds â€“ Sweet Powerhouse for Creative Minds


Breeder: Elev8 Seeds
Genetics: Sour Apple x Animal Cookies
Seed Type: Feminized
Strain Type: Hybrid
THC: 25% to 28%
CBD: Less than 1%
Flowering Time: 9 to 10 weeks
Yield: High
Difficulty: Intermediate
Aroma / Flavor: Sweet, pine, pungent, fruity, vanilla
Effects: Euphoric, happy, creative, hungry, uplifting
Best Use: Creative, Social, Focus


Genetics & Lineage: Apple Fritter Genetics
You ever had Sour Apple and Animal Cookies hook up at a party and create something wild? Meet their offspring, Apple Fritter. Crafted by Elev8 Seeds, who clearly spent their youth haunting bakery dumpsters. This hybrid doesnâ€™t pick sidesâ€”Indica or Sativa? Screw it, sheâ€™s both. Think of her as the Switzerland of weed: striking a balanced truce with your couch and your to-do list. Expect those scrumptious, high-THC apples to soften even the sourest moods.
Strain Classification: Balanced Hybrid Power

Indica/Sativa: 50/50 Hybrid
Hybrid Benefits: Daytime clarity meets evening chill

Growing Apple Fritter Seeds: Tips From a Pro
If you can keep a cactus alive, you can probably get Apple Fritter to harvestâ€”just donâ€™t treat her like a houseplant. She likes her space, decent food, and a little attention. Donâ€™t starve her of light, and sheâ€™ll pay you back in bushels of frosty, chunky colas that look like they fought a powdered donut and won. Sheâ€™s got a medium build, lots of side branches, and if you treat her like royalty, sheâ€™ll reward you with an aroma that makes diet plans impossible.

Space Requirements: Compact-medium, robust lateral branching
Light Cycle: 18/6 for veg, 12/12 for flower
Temp/Humidity: 68-78Â°F, RH around 55% (donâ€™t grow her in your sauna, genius)
Nutrients: Hungry for calcium and magnesium, keep nitrogen reasonable


Plant Structure: Medium, bushy, heavy tops
Bud Look: Trichome blizzard, maroon accentsâ€”bag appeal for days
Indoor Yield: 450â€“550g/m2
Outdoor Yield: 650g+ per plant

Effects & Experience Profile: Apple Fritter
One toke in and suddenly even an insurance seminar sounds tolerable. Apple Fritter isnâ€™t for shrinking violetsâ€”itâ€™s for folks who want to surf a euphoric wave, spit out a few bright ideas, and then drift into a warm, satisfied haze. Youâ€™ll be chatty, grinning, and possibly annoying the neighbors with unsolicited playlists. Roll a fatty for your daytime brainstorm, or just take the edge off when Netflix and existential dread start tangoing at midnight. It uplifts and anchors in equal measureâ€”balance is the name of the game, my friend.

Mental Effects: Euphoric, alert, creative, talkative
Mood Influence: Balancedâ€”uplifting and centering
Optimal Use: Daytime brainstorms or winding down at night

Flavor & Aroma Profile: Dessert in a Joint

Dominant Terpenes: Myrcene, Caryophyllene, Limonene, Pinene, Humulene
Aroma: Like grandmaâ€™s apple pie collided with a bakeryâ€”pastry, sweet earth, a whiff of rebellion
Taste: Tart apple, honeyed vanilla, chewy cookie dough exhale
Intensity: Pungent and memorable, not shy in a room

Apple Fritter Seed Specifications

Seed Type: Feminizedâ€”so close to 100% female itâ€™ll put the boysâ€™ club out of business
Germination Rate: 90%+ (keep â€˜em dry, keep â€˜em cool, guy)
Appearance: Chunky, striped, chocolate-brown hull
Packaging: Stealth mode. Your nosy neighbor will have no clue
Storage: Airtight container, cool and dry like your favorite beer fridge
Shelf Life: 2-3 years of germ-slinging goodness if you donâ€™t blow it
Guarantee: If your seeds punk out, we replace â€˜em (as per our â€œdonâ€™t be greedyâ€ policy)

Why Choose Apple Fritter Seeds From Seeds Here Now?

Killer Genetics: Every bean is a flavor bomb loaded with raw power
Industry Approved: Elev8 Seedsâ€”seriously, search the forums, theyâ€™re legit
Customer Love: â€œDense buds with jaw-dropping bag appealâ€â€”not our words, but weâ€™re bragging anyway
Perfect For: Growers craving sweetness with their smackdown
Experience Match: Intermediate and patient beginner growers hungry for something next-level
Solution-Oriented: Feminized means skip the sausage party, get great yields

What Growers are Saying: Customer Reviews
â€œDamn! Grew in a tent, pulled 500 grams, smelled like a sticky donut shop explosion. Every friend asks for a sampleâ€”and I tell â€˜em to get their own!â€
â€œDidnâ€™t need a PhD to grow it, just didnâ€™t ignore her. Dense, frosty, a happy giggles-for-days high. Already got my next pack.â€
â€œFirst time going with feminized and holy hell, no males! Eight plants, eight keepers, every single one loaded with frosty apples.â€


Halfway to Heaven? Donâ€™t Miss Out!
Donâ€™t sit on your hands, rookieâ€”real flavor fiends are already stacking Apple Fritter in their stash jars. Why are you reading? Start growingâ€”and check out more wild strain reports, how-tos, and grow tales on our cannabis blog! Donâ€™t sleep through the revolution.

Buy Apple Fritter Seeds Today
If youâ€™ve read this far, congratulationsâ€”you might finally be ready to join the flavor revolution and leave the ditch weed behind. Ordering Apple Fritter feminized seeds from us is smoother than a bartenderâ€™s pour: blazingly fast, confidential, and youâ€™ll get your beans before your patience wears out. US shipping is a slam dunk, and if youâ€™re sitting somewhere cannabis is still considered the devilâ€™s lettuceâ€”guess what? We ship there too (if itâ€™s legal, read the rules). Weâ€™re strictly about souvenirs and novelty for our law-abiding growers, but if you need germination advice, our crew is on point. Satisfaction is guaranteed, so if your seeds flopâ€¦well, weâ€™ll make it right. Light up your grow and grab your Apple Fritter seeds from Seeds Here Now.
Similar Strains You May Like:

Gorilla Glue #4: Heavy yields and knockout potency, for lovers of sticky, chunky buds.
Runtz: Fruity, sweet genetics with show-off bag appeal for dessert strain diehards.
Wedding Cake: For those craving hybrid chill, big yields, and vanilla-frosting magic.",25%
Seeds Here Now,https://seedsherenow.com/shop/bubba-kush-feminized-barneys-farm/,Bubba Kush (Feminized) â€“ Barneyâ€™s Farm,2195,,
Seeds Here Now,https://seedsherenow.com/shop/purple-punch-feminized-barneys-farm/,Purple Punch (Feminized) â€“ Barneyâ€™s Farm,11356,,
Seeds Here Now,https://seedsherenow.com/shop/chem-cookie-18-regular-top-dawg-seeds/,Chem Cookie 18 (Regular) â€“ Top Dawg,2853,,
Seeds Here Now,https://seedsherenow.com/shop/wedding-cake-autoflower-barneys-farm/,Wedding Cake (Autoflower) â€“ Barneyâ€™s Farm,15084,,
Seeds Here Now,https://seedsherenow.com/shop/gunners-gift-regular-omuerta-genetix/,Gunnerâ€™s Gift (Regular) â€“ Omuerta Genetix,6450,"Strain Overview
Strain Name: Gunner's Gift
Parentage/Lineage: Cherry Pie Kush F3 x Rootbeer Float BX Cherry Pie Kush F3
Breeder: Omuerta Genetix
Seed Type: REG (Regular)
THC Percentage: 22-26%
Flower Time: 63-70 days
Dominance: Hybrid
Aroma: Pine, Citrus, Diesel, Earthy
Flavor: Pinene, Caryophyllene, Myrcene
Effects: Energized, Creative, Balanced
Difficulty of Growing: Moderate
Yield: Moderate
Introducing Gunner's Gift Seeds
Looking for a gift that keeps on giving? Meet Gunner's Giftâ€”the hybrid strain that combines the best traits of Cherry Pie Kush F3 and Rootbeer Float BX Cherry Pie Kush F3. Renowned for its energizing and creative buzz, this strain promises an uplifting experience that can brighten any day. The broad appeal of Gunner's Gift is fueled by its enchanting aroma and nuanced flavor profile which keeps enthusiasts coming back for more. While the cultivation time involves a detailed process of 63-70 days, the resulting rewards are undeniably worth the wait. Gunnerâ€™s Gift isnâ€™t just a strain; itâ€™s an experience. Scroll down for more insight!
Lineage and Breeding
The unique genetics of Gunner's Gift stem from an enticing blend of Cherry Pie Kush F3 paired with Rootbeer Float BX Cherry Pie Kush F3. This impeccable lineage injects the strain with distinctive characteristics that elevate it above the ordinary. Breeders at Omuerta Genetix skillfully crafted Gunner's Gift, demonstrating their deep understanding of cultivar manipulation to curate a strain that exemplifies quality and potency. With each generation, they refine flavors, effects, and growth traits, ensuring that Gunner's Gift retains its status as a sought-after selection among cannabis aficionados.
Gunner's Gift Seed Details
Gunner's Gift is offered as REG (Regular) seeds, appealing to growers who appreciate the authenticity and versatility of this seed type. Regular seeds allow for the possibility of male plants, which can be used for breeding ventures or discovering additional phenotypes within the line. If youâ€™re ready to explore the world of cultivating Gunner's Gift, check out our collection of regular seeds for a unique growing experience. Why limit yourself? Go ahead and build your cannabis garden!
Potency and Effects Of The Gunner's Gift Strain
The potency of Gunner's Gift, with a THC percentage ranging from 22-26%, speaks volumes about its ability to deliver a robust experience. Users can expect an immediate sense of euphoria that morphs into a creative and energized state, perfect for artistic endeavors or social gatherings. Whether you need a mood boost during the day or an inventive edge for your next project, Gunner's Gift has you covered. It's an excellent choice for those looking to combat stress while also sparking their creative juices. That balanced effect helps ensure that you won't be overwhelmedâ€”it's a versatile companion for any scenario.
Growth Information About Gunner's Gift Seeds
Gunner's Gift is known for its flowering time of 63-70 days, making it relatively moderate in terms of cultivation effort. Growers will need to pay attention to nutrients and maintain a slightly acidic soil pH of 6.0-6.5 to facilitate optimal growth conditions. If you're new to growing, don't worry! Gunner's Gift is manageable with the right guidance. Just remember: patience is key!
James Bean's Pro Grow Tip: Consider using compost tea during the growing phase; it enhances nutrient uptake and boosts your plants' health.
Sensory Experience
Prepare your senses for an explosion of aromas with Gunner's Gift, featuring delightful notes of Pine, Citrus, Diesel, and Earthy undertones. Each inhale brings a refreshing breeze of pine, followed by a zesty citrus kick that brightens your day. On the exhale, you may notice a reminiscent hint of diesel, perfectly rounding out the flavor profile. The earthy base serves to ground this aromatic experience, making each toke a delightful journey for the senses. Enjoy the rich flavors as they intertwine, providing not just enjoyment but also an elevated experience that enhances your moments of relaxation and creativity.
User Reviews About Gunner's Gift Seeds
""I've always loved hybrids, and Gunner's Gift is an absolute gem! The flavor is out of this world, and it gives me the energy I need without any jitters. Perfect for creative activities!""
â€” Sara V.
""I found Gunner's Gift very easy to grow! Good yield, I kept it simple and it rewarded me for my patience. The high is fantastic, making it one of my go-to choices!""
â€” Mark T.
Conclusion
The Gunner's Gift stands as a quintessential hybrid that embodies the best of both worlds. From its enticing aroma to its creative and balanced effects, this strain is perfect for every cannabis enthusiast. Whether youâ€™re a beginner looking to cultivate or an experienced grower searching for the next big thing, Gunner's Gift should be on your radar. Explore more about Gunnerâ€™s Gift or purchase your seeds today at www.SeedsHereNow.com. And if you're interested in clones, don't forget to check out www.IWantClones.com. If Gunner's Gift is out of stock, head over to www.SHNAuctions.com for potential future availability. Visit the website now to unlock the vibrant world of Gunner's Gift!
FAQ
What is the THC percentage of Gunner's Gift?
Gunner's Gift boasts a THC level ranging from 22-26%, indicating a strong potency that provides users with a lively and euphoric high.
What does Gunner's Gift taste like?
The flavor profile is a complex blend of Pinene, Caryophyllene, and Myrcene, with noticeable notes of pine, citrus, and earthy undertones that deliver a well-rounded experience.
Is Gunner's Gift better for daytime or nighttime use?
This strain's effects are both Energized and Creative, making it ideally suited for daytime use, especially during social or creative activities.
How difficult is it to grow Gunner's Gift?
Gunner's Gift falls into the Moderate category of growing difficulty. Ensure appropriate soil pH and nutrient balance for optimal results.
What sets Gunner's Gift apart from other hybrid-dominant strains?
The unique parentage of Cherry Pie Kush F3 and Rootbeer Float BX Cherry Pie Kush F3 contributes to its distinctive flavor and balanced effects, making it a standout in the cannabis landscape.
Can I use Gunner's Gift for my next karaoke night?
Absolutely! Just be ready for spontaneous jam sessions and possibly forgetting the lyrics!
What happens if I give Gunner's Gift to my cat?
While we canâ€™t guarantee your cat will appreciate the strain, you might catch them plotting their own creative endeavors!
Disclaimer: We are not to be held liable for any opinions or experiences shared herein. This is not medical advice. Seek help if you seriously need it. The medical claims stated do not reflect the opinions or beliefs of James Bean or SHN.",
Seeds Here Now,https://seedsherenow.com/shop/glue-gelato-autoflower-barneys-farm/,Glue Gelato (Autoflower) â€“ Barneyâ€™s Farm,5673,,
Seeds Here Now,https://seedsherenow.com/shop/island-punch-autoflower-cali-connection/,Island Punch (Autoflower) â€“ Cali Connection,7179,,
Seeds Here Now,https://seedsherenow.com/shop/LSD-autoflower-barneys-farm/,LSD (Autoflower) â€“ Barneyâ€™s Farm,8482,,
Seeds Here Now,https://seedsherenow.com/shop/purple-haze-auto-autoflower-fast-buds/,Purple Haze (Autoflower) â€“ Fast Buds,11263,"Purple Haze Auto Seeds â€“ Auto Simplicity, Proven Genetics, Great Flavor
Purple Haze Auto seeds bring flavor, vigor, and straight-up ease to your grow. This Autoflower Hybrid cross is bred from Purple Haze Auto x Purple Haze Auto (selfed), tuned for real-world gardens and consistent runs. It finishes in about 7 to 9 weeks, so you spend less time stressing and more time watching the canopy stack. Plus, authentic genetics backed by Seeds Here Now (est. 2010) means youâ€™re buying confidence, not guesswork. Short story: great terps, steady growth (with a beginner-friendly learning curve).
Purple Haze Auto Seeds â€“ Quick Facts


Breeder: Fast Buds
Genetics: Purple Haze Auto x Purple Haze Auto (selfed)
Seed Type: Autoflower
Strain Type: Hybrid
THC: 22% to 25%
CBD: Less than 1%
Flowering Time: 7 to 9 weeks
Yield: High
Difficulty: Beginner-friendly
Aroma / Flavor: Berry, earthy, spicy
Effects: Daytime energy, creative bursts, sociable smoke sessions
Best Use: Daytime, focus, creativity, social


Purple Haze Auto Seeds â€“ Growerâ€™s Tips
Quick, clear tips for a smooth run. Keep it simple and consistent. This cultivar likes steady light, smart feeding, and clean airflow.

Lighting: Strong full-spectrum LED. Run 18â€“20 hours daily start to finish.
Environment: Aim ~24â€“26Â°C day, ~20â€“22Â°C night; 55â€“65% RH in veg, taper to ~45â€“50% by late flower.
Feeding: Start light. Increase as the canopy asks. Watch leaf tips, not the bottle label.
Training: LST (low stress training) is safe; avoid heavy topping on autos.
Timeline: Expect 7 to 9 weeks. Plan dry/cure space before chop.
Cleanliness: Prune lower fluff, keep fans dust-free, change pre-filters.

Purple Haze Auto Seeds â€“ Strain History & Breeding Background
Purple Haze Auto comes from Purple Haze Auto x Purple Haze Auto (selfed), selected for stable structure, crave-worthy terps, and reliable performance. Bred by Fast Buds, it carries the hallmarks of authentic geneticsâ€”clean parentage, consistent expression, and strong germinationâ€”curated by Seeds Here Now (est. 2010).
Our team lives this stuffâ€”decades of hands-on growing and vendor relationshipsâ€”so what you get isnâ€™t hype; itâ€™s a vetted cut from a catalog built the hard way.
Purple Haze Auto Seeds â€“ User Reviews
Got real-world results with Purple Haze Auto? Share your notes and photos. Grow logs help the next grower pick with confidence.

What to include: Tent size, light type, medium, nutrients, veg/flower time, dry/cure notes.
What you tasted: Terp profile in plain wordsâ€”sweet, citrus, earthy, creamy, etc.
What you learned: Any small tweak that made a big difference.

Purple Haze Auto Seeds â€“ Climate & Environment
Purple Haze Auto runs well in most setups. Control is king: steady temps, clean airflow, and proper humidity make the biggest difference.

Best fit: Hybrid plants like moderate temps and good air exchange.
Indoor vs Outdoor: Indoors: easier to lock dialed temps/RH year-round. Outdoors: choose a warm, dry window; avoid long wet spells late in flower.
Targets: Day ~24â€“26Â°C, Night ~20â€“22Â°C; RH ~60% veg â†’ ~45â€“50% late flower.
Airflow: Canopy shake testâ€”leaves should gently move. Stale air invites problems.

Purple Haze Auto Seeds â€“ Yield Optimization Tips
Want more from your canopy without headaches? Focus on the basics done right and repeatable.

Start strong: Healthy seedlings, stable VPD, and clean water give you free momentum.
Canopy shape: Even tops catch even light. Train early; keep nodes level.
Nutrient rhythm: Feed to demand. If tips burn, back off. If color fades early, bump N or micros.
Light distance: Follow PPFD, not guesses. Watch leavesâ€”praying is good, canoeing is not.
Finish well: Support heavy branches, keep airflow under the skirt, and dry slow for better bag appeal.
Realistic goal: high yields with quality-first density beat overfed, airy buds every time.",22%
Seeds Here Now,https://seedsherenow.com/shop/humboldt-seed-company-blueberry-muffin-feminized/,Blueberry Muffin (Feminized) â€“ Humboldt Seed Company,1940,"Why Blueberry Muffin Seeds Deserve a Spot in Your Garden
If your dream garden smells like a home bakery and knocks out stress with one bowl, itâ€™s time to introduce Blueberry Muffin cannabis seeds to your rotation. This berry-laden indica-dominant hybrid is Humboldt Seed Companyâ€™s dessert for the discerning grower-easy, aromatic, and loaded with high THC for full-bodied bliss.


Breeder: Humboldt Seed Company
Genetics: Razzleberry x Purple Panty Dropper
Seed Type: Feminized
Strain Type: Hybrid
THC: 20% to 25%
CBD: Less than 1%
Flowering Time: 6 to 7 weeks
Yield: Moderate
Difficulty: Beginner-friendly
Aroma / Flavor: Sweet, earthy, pine, berry, vanilla
Effects: Relaxed, creative, relaxation, stress relief, anxiety
Best Use: Evening, Creative, Stress Relief


Blueberry Muffin Strain Overview
Meet the poster child for â€œtreat-yourselfâ€ genetics: Blueberry Muffin is a high THC, indica-dominant hybrid bred from Razzleberry and Purple Panty Dropper by the mad scientists at Humboldt Seed Company. With 18% to 22% THC, it stakes its claim as a potent but balanced cannabis strain-think mellow creative vibes and tension melt, all wrapped up in dense, aromatic buds dusted with a pastry shopâ€™s worth of terpene-rich flower magic. If you like your evenings relaxed and your garden drama-free, Blueberry Muffin should be on your radar.
Lineage and Breeding of Blueberry Muffin Seeds
Blueberry Muffin seeds bring together the potent genetics of Razzleberry and Purple Panty Dropper, a combination engineered by expert breeders at Humboldt Seed Company for both flavor and resilience. This pairing wasnâ€™t just about creating gorgeous purple hues-itâ€™s all about dialing in that unmistakable pastry-shop aroma while keeping plants reliably easy to grow. The cross amplifies berry and vanilla terpenes, boosts resin production for bag appeal, and enhances sturdiness for growers indoors or out. Whether youâ€™re in it for frosty, aromatic buds or a flower that packs visual and flavorful punch, Blueberry Muffin delivers a breeding pedigree thatâ€™s proven, flavorful, and stunning from seed to jar.
Flavor and Aroma Profile of Blueberry Muffin
Letâ€™s be clear-she smells as good as her name. Blueberry Muffinâ€™s aromatic profile is a robust blend of sun-ripened blueberries, warm vanilla, and that just-baked muffin sweetness, layered over earthy undertones. This terpene-rich flower is stacked with humulene, linalool, and terpinolene, cranking out everything from creamy fruit to bakery-fresh sugar and a dash of woodsy comfort. The smoke? Picture biting into a blueberry vanilla muffin, but youâ€™re also getting blissful, heady relaxation.
Effects and Benefits of the Blueberry Muffin Strain
Blueberry Muffin is the cannabis strain that doesnâ€™t just talk the talk-she eases you into a world where â€œrelaxedâ€ isnâ€™t code for couchlock. Expect a mellow wave of happiness and calm-think after-spa vibes, not sleep-on-the-couch lethargy. Social smoke? Solo creative time? End-of-day tension relief? She slides right in and turns the volume down on your stress meter. Bonus: those soothing indica effects are perfect for users aiming to melt away everyday anxiety or tension without taking a one-way trip to Slumberland.
Phenotypic Variation in Blueberry Muffin Seeds
No, not every Blueberry Muffin pops out identical, but lucky for you, most phenotypes are reliably showy: dense, purple-tinged buds laced with resinous trichomes and an aroma that makes your grow room smell like a bakery. Some lean fruit-forward-an avalanche of berry and cream-while others flex more vanilla or earthy undertones. Plants tend to be bushy and uniform, with occasional purple streaks under cooler night temps. If youâ€™re after bag appeal and nose appeal, Blueberry Muffinâ€™s wide phenotypic window is all winner, no whiff.
How To Grow the Blueberry Muffin Strain Like a Pro
Got two hands and a set of basic gear? Good-youâ€™re about to crush it with this one. Stick to the basic cultivation tips-dial in airflow, control humidity (especially in late flower), and give her full-spectrum light love. Sheâ€™s fast: only 45 to 50 days from flip to finish. Indoors, she thrives on moderate feed and light LST to open up those muffin-shaped canopies; outdoors, sheâ€™s tough enough for variable climates, but keep those night temps a little cool if you want the purple flashes to show. Yield is moderate, but quality is chefâ€™s-kiss-fragrant, resinous buds that cure up dense and pretty. Even rookie growers walk away feeling like pros.
User Reviews

â€œSuper frosty buds with an unreal blueberry muffin aroma! My yield was solid, and the relaxing high is perfect for winding down. Would absolutely grow these seeds again.â€ - Jonah S.


â€œVibrant purple in cool nights and terps just blast out of the jar. Easy to manage from flip to chop-even as a new grower. The flavor is legit dessert.â€ - Sophie T.

Buy Blueberry Muffin Seeds Today
Blueberry Muffin is a standout cross of Razzleberry and Purple Panty Dropper, combining rich flavor, dependable structure, and impressive resin production. With a fast flowering cycle and terpene-loaded harvests, itâ€™s a must for growers seeking flavor and potency. Explore all cannabis seeds at SeedsHereNow.com and elevate your grow game today.",20%
Seeds Here Now,https://seedsherenow.com/shop/z-up-auto-autoflower-fast-buds/,Z â€“ Up (Autoflower) â€“ Fast Buds,15572,"Z-up Auto Seeds â€“ Auto Simplicity, Proven Genetics, Great Flavor
Z-Up Auto seeds bring flavor, vigor, and straight-up ease to your grow. This Autoflower Hybrid cross is bred from Z-Up Auto x Z-Up Auto, tuned for real-world gardens and consistent runs. It finishes in about 7 to 9 weeks, so you spend less time stressing and more time watching the canopy stack. Plus, authentic genetics backed by Seeds Here Now (est. 2010) means youâ€™re buying confidence, not guesswork. Short story: great terps, steady growth (with an intermediate learning curve).
Z-Up Auto Seeds â€“ Quick Facts


Breeder: Fast Buds
Genetics: Z-Up Auto x Z-Up Auto
Seed Type: Autoflower
Strain Type: Hybrid
THC: 22% to 25%
CBD: Less than 1%
Flowering Time: 7 to 9 weeks
Yield: Average
Difficulty: Intermediate
Aroma / Flavor: Rich, appealing scent with layered complexity
Effects: Stress relief, focusing, relaxing, mood elevating
Best Use: Daytime, stress relief, focus, creativity, relaxation, mood lift


Z-Up Auto Seeds â€“ Growerâ€™s Tips
Quick, clear tips for a smooth run. Keep it simple and consistent. This cultivar likes steady light, smart feeding, and clean airflow.

Lighting: Strong full-spectrum LED. Run 18â€“20 hours daily start to finish.
Environment: Aim ~24â€“26Â°C day, ~20â€“22Â°C night; 55â€“65% RH in veg, taper to ~45â€“50% by late flower.
Feeding: Start light. Increase as the canopy asks. Watch leaf tips, not the bottle label.
Training: LST (low stress training) is safe; avoid heavy topping on autos.
Timeline: Expect 7 to 9 weeks. Plan dry/cure space before chop.
Cleanliness: Prune lower fluff, keep fans dust-free, change pre-filters.

Z-Up Auto Seeds â€“ Strain History & Breeding Background
Z-Up Auto comes from Z-Up Auto x Z-Up Auto, selected for stable structure, crave-worthy terps, and reliable performance. Bred by Fast Buds, it carries the hallmarks of authentic geneticsâ€”clean parentage, consistent expression, and strong germinationâ€”curated by Seeds Here Now (est. 2010).
Our team lives this stuffâ€”decades of hands-on growing and vendor relationshipsâ€”so what you get isnâ€™t hype; itâ€™s a vetted cut from a catalog built the hard way.
Z-Up Auto Seeds â€“ User Reviews
Got real-world results with Z-Up Auto? Share your notes and photos. Grow logs help the next grower pick with confidence.

What to include: Tent size, light type, medium, nutrients, veg/flower time, dry/cure notes.
What you tasted: Terp profile in plain wordsâ€”sweet, citrus, earthy, creamy, etc.
What you learned: Any small tweak that made a big difference.

Z-Up Auto Seeds â€“ Climate & Environment
Z-Up Auto runs well in most setups. Control is king: steady temps, clean airflow, and proper humidity make the biggest difference.

Best fit: Hybrid plants like moderate temps and good air exchange.
Indoor vs Outdoor: Indoors: easier to lock dialed temps/RH year-round. Outdoors: choose a warm, dry window; avoid long wet spells late in flower.
Targets: Day ~24â€“26Â°C, Night ~20â€“22Â°C; RH ~60% veg â†’ ~45â€“50% late flower.
Airflow: Canopy shake testâ€”leaves should gently move. Stale air invites problems.

Z-Up Auto Seeds â€“ Yield Optimization Tips
Want more from your canopy without headaches? Focus on the basics done right and repeatable.

Start strong: Healthy seedlings, stable VPD, and clean water give you free momentum.
Canopy shape: Even tops catch even light. Train early; keep nodes level.
Nutrient rhythm: Feed to demand. If tips burn, back off. If color fades early, bump N or micros.
Light distance: Follow PPFD, not guesses. Watch leavesâ€”praying is good, canoeing is not.
Finish well: Support heavy branches, keep airflow under the skirt, and dry slow for better bag appeal.
Realistic goal: average yields with quality-first density beat overfed, airy buds every time.",22%
Seeds Here Now,https://seedsherenow.com/shop/fast-buds-LSD-25-feminized/,LSD â€“ 25 Auto â€“ Fast Buds,8474,"Why LSD - 25 Auto Seeds Deserve a Spot in Your Garden
Ready to stretch your creative side and still keep your feet on the ground? LSD - 25 Auto cannabis seeds deliver all the punch-potent, aromatic, and finished in under 70 days. This indica-dominant hybrid stacks resin and turns heads with its epic bud appeal. If you want a high THC, terpene-rich flower that delivers both art and chill vibes, keep reading-Senior Beanâ€™s got your playbook.


Breeder: Fast Buds
Genetics: Mazar-I-Sharif Ã— Skunk #1 Ã— Ruderalis
Seed Type: Autoflower
Strain Type: Hybrid
THC: 18% to 20%
CBD: Less than 1%
Flowering Time: 9 to 10 weeks
Yield: High
Difficulty: Intermediate
Aroma / Flavor: Sweet, citrus, earthy, skunky, floral
Effects: Uplifted, creative, relaxation, stress relief
Best Use: Daytime, Relaxation, Stress Relief


LSD - 25 Auto Strain Overview
LSD - 25 Auto storms into your garden as an indica-dominant hybrid with high THC muscle and triple-threat genetics: Mazar-I-Sharif, Skunk #1, and resilient Ruderalis-thanks to those mad scientists over at Fast Buds. This cannabis strain is no slouch when it comes to production or resin. With a seed-to-harvest life as short as 63 days, youâ€™re looking at fat, frosty buds erupting with terpenes and flavor. Perfect for growers who need results-and want their weed to look sexy on the 'Gram.
Lineage and Breeding of LSD - 25 Auto Seeds
LSD - 25 Auto seeds spring from an inspired cross of Mazar-I-Sharif, Skunk #1, and Ruderalis. Breeders at Fast Buds chose this lineage to maximize potency and bag appeal while boosting the plantâ€™s resilience through autoflowering genetics. Mazar-I-Sharif brings classic Afghan power and resin production, while Skunk #1 lends that unmistakable skunky punch and amplified yields. Ruderalis ensures a speedy, no-fuss cycle-these seeds flower no matter the light. The result? Complex diesel-citrus terpenes, dense frosted nugs, and a truly grower-pleasing experience whether youâ€™re after visual firepower or a robust, potent harvest that turns heads (and noses) every time.
Flavor and Aroma Profile of LSD - 25 Auto
This is the weed equivalent of an afterparty in a wildflower field next to an open gas tank. Earthy and diesel scents dominate on the grind, with a blast of sweet citrus punching through on the exhale. The terpene-rich flower drops notes of humulene (think hoppy spice), terpinolene (fresh, citrusy zing), and geraniol (floral, with a hint of fruit punch). Crack open your jar-don't blame me if your neighbors get curious.
Effects and Benefits of the LSD - 25 Auto Strain
Letâ€™s get real: LSD - 25 Auto is the muse youâ€™ve been waiting for. Expect an instant kick of energy and creativity-great for brainstorming or powering through projects youâ€™ve been dodging. The effects shift seamlessly into an all-over calm that melts tension away, but wonâ€™t leave you glued to the sofa. Thanks to its high THC, youâ€™re in for inspired afternoons, stress relief after â€œthatâ€ meeting, or just the right vibe for low-key hangs. Want balance with a side of wild brainwaves? You've met your match.
Phenotypic Variation in LSD - 25 Auto Seeds
Expect solid variation among phenos-just enough to keep you interested, but not biting your nails. Some plants throw deep purple sugar leaves late in flower. Others flaunt emerald greens and sugary white resin coatings. Buds stack dense, often with chunky, golf-ball nugs glistening with trichs. Aroma-wise, some lean heavier on sweet petrol, others more on citrus. Either way, bag appealâ€™s off the charts-these nugs look as loud as they smell. Youâ€™ll thank yourself (and maybe boast a little in the group chat).
How To Grow the LSD - 25 Auto Strain Like a Pro
Stick to the basic cultivation tips-dial in airflow, control humidity, and give her full-spectrum light love for a show-stopping harvest. LSD - 25 Auto thrives in both indoor tents and greenhouse setups; outdoors, just give her a sun-soaked corner that's safe from surprise frosts. Sheâ€™s an autoflower, so watch your schedule-not the light cycle. With a moderate difficulty rating, she rewards attentive growers with big yields and resin-dipped colas. Training works, but donâ€™t get greedy with your topping-gentle LST brings out her best. Hydro or soil, she delivers dank, aromatic flower with a flowering time of just 63 to 70 days. Feed her well, drain containers fast, and avoid overwatering or sheâ€™ll give you the side-eye.
User Reviews

â€œSuper frosty nugs and a knockout diesel-citrus aroma-finished in just over 9 weeks and filled my jars with top-shelf bag appeal. Uplifted and chill, just how I like it.â€ - Antonio M.


â€œEasy grow for an auto. I got chunky, purple-dusted buds that made trimming a treat. The creative kick is real-this oneâ€™s joining my regular rotation.â€ - Shayla F.

Buy LSD - 25 Auto Seeds Today
LSD - 25 Auto is a standout cross of Mazar-I-Sharif and Skunk #1, combining rich flavor, dependable structure, and impressive resin production. With a fast flowering cycle and terpene-loaded harvests, itâ€™s a must for growers seeking flavor and potency. Explore all cannabis seeds at SeedsHereNow.com and elevate your grow game today.",18%
Seeds Here Now,https://seedsherenow.com/shop/shiskaberry-feminized-barneys-farm/,Shiskaberry (Feminized) â€“ Barneyâ€™s Farm,12365,,
Seeds Here Now,https://seedsherenow.com/shop/elite-clone-seed-company-permanent-marker-fem-5pk/,Permanent Marker S1 (Feminized) â€“ Elite Clone Seed Company,10477,"Permanent Marker Feminized Seeds â€“ Legendary Flavor and Epic Potency


Breeder: Elite Clone Seed Company
Genetics: Biscotti Ã— Jealousy Ã— Sherb BX
Seed Type: Feminized
Strain Type: Hybrid
THC: 30% to 34%
CBD: Less than 1%
Flowering Time: 8 to 9 weeks
Yield: High
Difficulty: Intermediate
Aroma / Flavor: Sweet, citrus, pine, berry, floral
Effects: Creative, sedating, cerebral, body high, munchies
Best Use: Stress Relief, Evening


Permanent Marker Genetics and Lineage

Mother: Biscotti â€“ Praised for its sweet, doughy flavor and ultra-potency. This isnâ€™t your grandmaâ€™s biscottiâ€”unless she grew in Humboldt, had a tiger tattoo, and a thing for big jars.
Father: Jealousy Ã— Sherb BX â€“ Drips color, bags funk like itâ€™s sneaking home cash, and cranks the THC to â€œare you sure you can handle this?â€ levels.


Dominance: Indica-dominant hybrid â€“ Youâ€™re looking at a 70/30 split: body high that melts you into your couch, plus a side of inspired head buzz so you donâ€™t forget your own name. Balance, baby.

Growing Permanent Marker Seeds

Grow Level: Intermediate â€“ Not for brown thumbs or chronic plant murderers. But hey, got a couple solid runs behind you? Dive in, this ladyâ€™s just feisty, not impossible.


Plant Structure: Compact and loadedâ€”like a short boxer who never skips arm day. Chunky branches, fat nugs, and no six-foot jungles overrunning your closet.
Flowering Time: 60â€“70 days flip to finish. Outdoors, youâ€™re high-fiving yourself by mid-October, just as the neighbors start putting up those tacky Halloween inflatables.
Resistance: Built-in armor vs. pests and mildewâ€”she shrugs off the usual suspects if you donâ€™t let the jungle get swampy. Got scissors? Defoliate so your prized buds donâ€™t rot.


Common Grow Issues: She hates sauna life: too humid = bud rot, which is a buzzkill only rivaled by empty rolling papers. Also, donâ€™t starve her. Feed like sheâ€™s training for the Olympicsâ€”she can handle it!


Real talk: Craving even more gonzo grow how-tos, cannabis hacks for newbies, and the latest flavor breakdowns? Dive into the Seeds Here Now Blogâ€”itâ€™ll save your harvest and your sanity.
Permanent Marker Effects and Experience Profile

Body High: Like scooping your brain out and dropping it in a bubble bath. Super chill, toast-worthy relaxation, but you wonâ€™t fuse to the couch unless you want to. Still semi-functionalâ€¦ emphasis on â€œsemi.â€
Mental Effects: Not just a giggle factory. Think creative focus, turns even your dullest friends into temporary poets, and yesâ€”the munchies hit so hard youâ€™ll raid the fridge like youâ€™re storming the Bastille.
Medical: People say itâ€™s fantastic for chronic pain, big-league anxiety, and sedating insomniacs who keep checking their phones. Alsoâ€”if you do creative work, this oneâ€™ll throw jet fuel on your muse.
Duration/Intensity: Buckle up: 2â€“3 hours of big waves, from slap-in-the-face onset to a smooth, buttery landing. Save it for after work or your boss might question your â€œfocus.â€

Flavor and Aroma Profile

Dominant Terpenes: Limonene (tangy citrus), Caryophyllene (pepper), Linalool (floral), Myrcene (herbal), and Pinene (pine forest after a hailstorm).
Aroma: Hits like a gelato shop run by gas station employeesâ€”sweet candy, wild berries, straight-up fuel funk. Open a jar, clear a room, own the legend.
Taste: Creamy vanilla, berry syrup, and jet fuel with a sherbet finish. Try not to drool in front of your friendsâ€”itâ€™s a bad look.
Aroma Intensity: Heavy-hitterâ€”unless you want your neighborâ€™s cat moving in, go airtight with those stash jars.

Permanent Marker Seed Specifications

Seed Type: Feminizedâ€”No wasted time sorting duds or cursed runts. Youâ€™re pulling girls, every damn time.
Germination Rate: Over 90% when you follow instructions and donâ€™t treat your seeds like pocket change.
Seed Appearance: Medium-size, tiger stripes, dark sheenâ€”they look ready for a photoshoot.
Packaging: Tough, sneaky, and moisture-blocking. Not some sketchy â€œsandwich baggieâ€ nonsense.
Storage: Dark and cool is king. Fridge is greatâ€”freezer is for lunatics. Treat â€˜em right, theyâ€™ll sprout for 2â€“4 years easy.
Shipping: Fast, ninja-quiet, and always with tracking. If a seed ghosts you at germ, these guys got your back with a real guarantee.

Why Choose Permanent Marker Seeds from Seeds Here Now?

Standout Traits: Monster nugs, frosting so thick your scissors cry, and flavor thatâ€™ll haunt your tastebuds (in a good way). This isnâ€™t background stashâ€”youâ€™ll brag about this stuff!
User Reviews: People love the no-nonsense grow, dazzling bag appeal, and that the first puff basically sends you into orbit.
Expert Endorsements: Not just â€œinfluencers.â€ Weâ€™re talking real headsâ€”industry pros and homegrow champsâ€”dropping five stars like theyâ€™re stoned Santa Claus.
Perfect For: Anyone chasing big yields, bigger highs, and legendary flavorâ€”not just another â€œmehâ€ smoke session.
Experience Level: Intermediate and aboveâ€”rookies can try, but donâ€™t blame the plant if you half-ass it.
Growing Goals: Want a stash that turns heads, a buzz that sticks, and bragging rights online? This is it, kid.
Solutions: Tough build, stress-tested genetics, and a grow support team that actually answers emails. Plus, seeds guaranteed to pop or you get hooked up.

Customer Reviews

â€œAbsolutely smashed it with Permanent Marker seedsâ€”giant frosty nugs, crazy purple hues, and the heaviest punch Iâ€™ve had in ages. My new go-to nighttime strain.â€ â€”Cody R.
â€œBeginner turned intermediate here! Grew in a tent, ran LST, and these filled out every net square by week 6. Super dank, everyone at my smoke session was floored.â€ â€”Melissa V.
â€œBest feminized seeds Iâ€™ve popped in years. Germ rate was 100%, had no males or runts, and the flavor is stupid good. Iâ€™ll be back for more every run.â€ â€”Jorge M.

Buy Permanent Marker Seeds Today
Quit drooling over frosty bud pics and take action: grab Permanent Marker seeds now at Seeds Here Now. Legendary flavor, heavyweight THC, idiot-proof germination guaranteeâ€”plus support from real humans, not some robot in a bunker. Orders ship stealth so your nosy neighbor stays in the dark. Remember: laws are laws, souvenirs are legal, but growing is up to you. Donâ€™t just sit thereâ€”claim your spot in cannabis history before your buddy does. You snooze, you lose.
Similar Strains You May Like:

RS-11 Feminized Seeds: For rainbow terps and wild cerebral highs, RS-11 is the dessert strain king.
Biscotti Auto Seeds: If you want Biscottiâ€™s flavor in a super-fast autoflower packageâ€”sticky, rich, and shorter grow times.
Jealousy Genetics: For even deeper purple bag appeal and punchy sativa lift, Jealousy is the perfect flex for your next run.",30%
Seeds Here Now,https://seedsherenow.com/shop/blue-cherry-headband-regular-strait-a-genetics/,Blue Cherry Headband (Regular) â€“ Strait A Genetics,1655,"Strain Overview
Strain Name: Blue Cherry Headband
Parentage/Lineage: 707 Headband x Blue Cherries
Breeder: Strait A Genetics
Seed Type: REG (Regular)
THC Percentage: 20-25%
Flower Time: 63-70 days
Dominance: Sativa Dominant
Aroma and Flavor: Blueberry, Cherry, Diesel, Earthy
Terpenes: Humulene, Terpinolene, Geraniol
Effects: Energized, Creative, Balanced
Difficulty of Growing: Moderate
Yield: Moderate
Introducing Blue Cherry Headband Seeds
Say hello to Blue Cherry Headband! This delightful strain, a mix of 707 Headband and Blue Cherries, brings a burst of flavor and energy that cannabis enthusiasts can't resist. With its sativa dominance and a THC percentage ranging from 20% to 25%, it's easy to see why this strain has gained a dedicated following. It's a sensational combination that not only tantalizes the palate but also elevates your mood and creativity. Whether you're looking to add some zest to your day or enjoy a calming night in, Blue Cherry Headband is the perfect companion. Scroll down for more juicy details!
Lineage and Breeding
The genetic makeup of Blue Cherry Headband is where the magic happens. This strain is a potent hybrid of the widely regarded 707 Headband and the delectable Blue Cherries. The 707 Headband is known for its iconic cerebral high and euphoric effects, while Blue Cherries is celebrated for its incredible sweetness and aromatic depth. Together, they create a symphony of flavors and sensations that cater to both recreational and medicinal users.
Crafted by the talented minds at Strait A Genetics, this strain embodies quality, innovation, and a deep respect for the plant. Their experience in creating unique and potent strains shines through in the Blue Cherry Headband, making it not just another strain, but a must-try for anyone serious about cannabis. Trust us; your plant-loving heart will be ever grateful!
Blue Cherry Headband Seed Details
Available as a REG (Regular) seed, Blue Cherry Headband offers growers a unique opportunity to cultivate both male and female plants. Regular seeds are excellent for enthusiasts looking to breed their own strains or for those who appreciate the full spectrum of cannabis genetics. As these seeds develop, you'll see firsthand the beauty of this sativa-dominant gem unfolding in your garden. Don't miss out on the chance to grow such a fruity and potent strain!
Potency and Effects Of The Blue Cherry Headband Strain
Blue Cherry Headband boasts a THC percentage of 20-25%, making it a powerful contender in the cannabis world. This level of potency is perfect for both seasoned aficionados and those new to the cannabis scene who are looking for something special. The immediate effects often leave users feeling energized and creative, sparking inspiration for artistic endeavors or simply enhancing day-to-day activities.
The balanced nature of this strain makes it versatile, making it suitable for various occasions. Unite with friends for a social gathering, tackle a creative project, or simply revel in the joy of your surroundings. The invigorating effects invite discovery and adventure, whether indoors or outdoors. However, it's worth noting that with great power comes great responsibility; use it wisely, and the rewards will be plentiful!
Growth Information About Blue Cherry Headband Seeds
Flowering in just 63-70 days, Blue Cherry Headband is relatively forgiving for growers at the moderate skill level. As with any strain, providing optimal conditions is crucial for enhancing both yield and potency. James Bean's Pro Grow Tip: Ensure there's top-notch airflow by adequately spacing your plants to prevent mold. A well-cared-for plant will not only thrive but also reward you with a bountiful harvest.
Keep an eye on the color and texture of the buds; they will reflect the gorgeous blue hues and develop a sticky resin, showcasing their rich genetics. Small details matter, so cultivate with patience and love for the best results!
Sensory Experience
The aroma of Blue Cherry Headband is a delightful concoction of blueberry, cherry, diesel, and earthy notes. The sweet fruitiness instantly transports you to a sun-kissed orchard, while the diesel undertones ground you in the earthy reality of cannabis culture. This strain embodies the best of both worlds, satisfying your sense of smell with captivating clarity.
When it comes to the flavor profile, prepare for an explosion of delightful tastes. Expect a smooth journey from the mouthwatering blueberries and cherries to subtle hints of diesel and earthiness. Each puff invites you to indulge further, revealing layers of complexity that only further solidify this strain's reputation. It's that exquisite balance of sweet and savory that will have you returning for more each time!
User Reviews About Blue Cherry Headband Seeds
â€œBlue Cherry Headband is the real deal! The potency is off the charts, and the burst of flavors made my first experience unforgettable. I was feeling creative, energized, and ready to conquer the world!â€ â€” Jamie T.
â€œGrowing these seeds was a joy! They adapted well in my garden and the eventual yield was more than I expected. The taste is divine, and I canâ€™t get enough. I highly recommend Blue Cherry Headband!â€ â€” Alex R.
Conclusion
In summary, Blue Cherry Headband is a standout strain that promises an invigorating experience filled with rich flavors and powerful effects. With its delectable profile and balanced high, it's a perfect strain for casual enjoyment or creative pursuits. Dive into this sensual journey by acquiring your seeds at SeedsHereNow.com, and if youâ€™re looking for clones, check out I Want Clones. If Blue Cherry Headband happens to be out of stock, donâ€™t forget to swing by SHN Auctions for your chance to snag this delight. Visit the website now to explore more about Blue Cherry Headband!
FAQ
What is the THC percentage of Blue Cherry Headband?
This strain boasts a THC level of 20-25%, indicating its potent effects that both recreational and medicinal users can enjoy.
What does Blue Cherry Headband taste like?
Expect delicious notes of blueberry, cherry, and diesel, rounded out by earthy undertones that create a complex and satisfying flavor experience.
Is Blue Cherry Headband better for daytime or nighttime use?
With its energized, creative, and balanced effects, itâ€™s perfect for both daytime inspiration and unwinding during the evening, depending on your mood!
How difficult is it to grow Blue Cherry Headband?
It ranks as moderate in growth difficulty. To achieve stellar results, ensure good airflow and spacing between plants.
What sets Blue Cherry Headband apart from other Sativa Dominant strains?
Its unique lineage from 707 Headband and Blue Cherries creates a distinct aroma and flavor profile not commonly found in other Sativa strains, making it a true favorite among enthusiasts.
Why did the tomato turn red after smoking Blue Cherry Headband?
Because it saw the salad dressing and couldn't resist getting fresh!
Can you smoke Blue Cherry Headband in a hot air balloon?
Only if you want to elevate your experienceâ€”literally! Just hold on tight! âœ¨
Disclaimer: We are not liable for your laughter or any elevated experiences! This website does not provide medical advice. If youâ€™re seeking help for something serious, please consult a professional. The claims made here are not reflective of James Bean or SHN.",
Seeds Here Now,https://seedsherenow.com/shop/deadhead-og-autoflower-cali-connection/,Deadhead OG (Autoflower) â€“ Cali Connection,3964,,
