strain_id,seed_bank,strain_name_raw,awards_raw,breeder_name_raw,cbd_content_raw,cbd_max_raw,cbd_min_raw,cbd_range_raw,cbn_content_raw,climate_raw,description_raw,difficulty_raw,dominant_type_raw,effects_all_raw,flavors_all_raw,flowering_time_raw,flowering_type_raw,generation_raw,genetics_lineage_raw,height_indoor_raw,height_outdoor_raw,height_raw,indica_percentage_raw,is_hybrid_raw,s3_html_key_raw,sativa_percentage_raw,scraped_at_raw,seed_type_raw,source_url_raw,suitable_environments_raw,terpenes_raw,thc_average_raw,thc_content_raw,thc_max_raw,thc_min_raw,thc_range_raw,total_grow_time_raw,yield_indoor_raw,yield_outdoor_raw,flowering_time_days_clean,height_indoor_cm_clean,height_outdoor_cm_clean,yield_indoor_g_m2_clean,yield_outdoor_g_plant_clean,total_grow_time_days_clean,ruderalis_percentage_clean,filial_type_clean,breeding_status_clean,strain_name_normalized,aka_names_clean,strain_name_no_aka,similar_spelling_clean,is_autoflower_clean,autoflower_seed_to_harvest_days_min_clean,autoflower_seed_to_harvest_days_max_clean,strain_name_extracted
685341b1-2d62-48eb-a10e-658dedca3fe9,north_atlantic,Zweet OG R2 (F),,,100,,,,,,Buy Zweet OG R2 (F) online from North Atlantic Seed Co. Voted #1 by the ICA Cannabis Awards. Fast shipping & premium genetics.,,,,,,,,,,,,,FALSE,html/bb8ee74cacb6b315.html,,2026-01-12T14:54:51.653544,,https://www.northatlanticseed.com/product/new-zweet-og-r2-f/,,,,,0,0,,,,,,,,,,,,,,zweet og r2 (f),,Zweet OG R2 (F),zweetogr2f,FALSE,,,New Zweet Og
10a8dbf2-9f98-4484-8b95-27b9c7271cff,north_atlantic,Zweet Inzanity Rbx (F),,,100,,,,,,Buy Zweet Inzanity Rbx (F) online from North Atlantic Seed Co. Voted #1 by the ICA Cannabis Awards. Fast shipping & premium genetics.,,,,,,,,,,,,,FALSE,html/d61eca4a8f976b5a.html,,2026-01-12T14:54:51.827663,,https://www.northatlanticseed.com/product/zweet-inzanity-rBX-f/,,1,,,0,0,,,,,,,,,,,,,,zweet inzanity rbx (f),,Zweet Inzanity Rbx (F),zweetinzanityrbxf,FALSE,,,Zweet Inzanity Rbx
25ca3190-06bb-428c-83c5-b734560a6c79,north_atlantic,Zweet,,,100,,,,,,Buy Zweet Auto RBx2 online from North Atlantic Seed Co. Voted #1 by the ICA Cannabis Awards. Fast shipping & premium genetics.,,,,,,,,,,,,,FALSE,html/322ad899eed45887.html,,2026-01-12T14:54:52.037487,,https://www.northatlanticseed.com/product/zweet-auto/,,,,,0,0,,,,,,,,,,,,,,zweet,,Zweet,zweet,TRUE,,,Zweet
2e84519f-1dd2-4f3b-9709-d6a9ccc91266,north_atlantic,Zuzu Fruit (R),,,100,,,,,,Buy Zuzu Fruit (R) online from North Atlantic Seed Co. Voted #1 by the ICA Cannabis Awards. Fast shipping & premium genetics.,,,,,,,,,,,,,FALSE,html/0d23b75f79617a58.html,,2026-01-12T14:54:52.270080,,https://www.northatlanticseed.com/product/zuzu-fruit/,,,,,0,0,,,,,,,,,,,,,,zuzu fruit (r),,Zuzu Fruit (R),zuzufruitr,FALSE,,,Zuzu Fruit
648da2e7-6646-4a32-8aa6-8eb0bef30313,north_atlantic,Zushi Verde (F),,,100,,,,,,Buy Zushi Verde (F) online from North Atlantic Seed Co. Voted #1 by the ICA Cannabis Awards. Fast shipping & premium genetics.,,,,,,,,,,,,,FALSE,html/acac2b6bda18518c.html,,2026-01-12T14:54:52.473883,,https://www.northatlanticseed.com/product/zushi-verde-f-ships-late-september/,,,,,0,0,,,,,,,,,,,,,,zushi verde (f),,Zushi Verde (F),zushiverdef,FALSE,,,Zushi Verde F
0c32d1fb-1b94-4f9f-8e19-22380b2356fb,north_atlantic,Zushi Supreme (Blue Zushi S1) (F),,,100,,,,,,Buy Zushi Supreme (Blue Zushi S1) (F) online from North Atlantic Seed Co. Voted #1 by the ICA Cannabis Awards. Fast shipping & premium genetics.,,,,,,,,,,,,,FALSE,html/6a43852c839abef0.html,,2026-01-12T14:54:52.666113,,https://www.northatlanticseed.com/product/zushi-supreme-blue-zushi-s1-f-ships-late-september/,,,,,0,0,,,,,,,,,,,,,,zushi supreme (blue zushi s1) (f),,Zushi Supreme (Blue Zushi S1) (F),zushisupremebluezushis1f,FALSE,,,Zushi Supreme Blue Zushi S1 F
b8b6d9e7-7668-4d45-b849-0dbdc8858a59,north_atlantic,Zushi Kuro (F) [LIMITED] [SHIPS MID JANUARY],,,100,,,,,,Buy Zushi Kuro (F) [LIMITED] [SHIPS MID JANUARY] online from North Atlantic Seed Co. Voted #1 by the ICA Cannabis Awards. Fast shipping & premium genetics.,,,,,,,,,,,,,FALSE,html/3be2ed87854f1d1b.html,,2026-01-12T14:54:52.849752,,https://www.northatlanticseed.com/product/zushi-kuro-flimited-ships-late-november/,,,,,0,0,,,,,,,,,,,,,,zushi kuro (f) [limited] [ships mid january],,Zushi Kuro (F) [LIMITED] [SHIPS MID JANUARY],zushikuroflimitedshipsmidjanuary,FALSE,,,Zushi Kuro
bd2b030d-334e-4b01-b062-108df460e99a,north_atlantic,Zunderdog (R),,,100,,,,,,Buy Zunderdog (R) online from North Atlantic Seed Co. Voted #1 by the ICA Cannabis Awards. Fast shipping & premium genetics.,,,,,,,,,,,,,FALSE,html/23a7076bdaa74d03.html,,2026-01-12T14:54:53.026071,,https://www.northatlanticseed.com/product/zunderdog-r/,,,,,0,0,,,,,,,,,,,,,,zunderdog (r),,Zunderdog (R),zunderdogr,FALSE,,,Zunderdog
ad3523c1-5c3f-41c7-a36b-2ed53b4854ac,north_atlantic,Zundaya (R),,,100,,,,,,Buy Zundaya (R) online from North Atlantic Seed Co. Voted #1 by the ICA Cannabis Awards. Fast shipping & premium genetics.,,,,,,,,,,,,,FALSE,html/559af7cb2eb510dc.html,,2026-01-12T14:54:53.222141,,https://www.northatlanticseed.com/product/zundaya-r/,,,,,0,0,,,,,,,,,,,,,,zundaya (r),,Zundaya (R),zundayar,FALSE,,,Zundaya
3fae82b6-8aa8-43e3-8ac0-c77790c09dfa,north_atlantic,Ztrawberry (F),,,100,,,,,,Buy Ztrawberry (F) online from North Atlantic Seed Co. Voted #1 by the ICA Cannabis Awards. Fast shipping & premium genetics.,,,,,,,,,,,,,FALSE,html/d6a9b749d05d2a3e.html,,2026-01-12T14:54:53.402551,,https://www.northatlanticseed.com/product/ztrawberry-f/,,,,,0,0,,,,,,,,,,,,,,ztrawberry (f),,Ztrawberry (F),ztrawberryf,FALSE,,,Ztrawberry
27c2417a-40fb-4d8e-abc4-43ae83d8acb6,north_atlantic,Ztrawberriez,2024,,100,,,,,,Buy Ztrawberriez Auto online from North Atlantic Seed Co. Voted #1 by the ICA Cannabis Awards. Fast shipping & premium genetics.,,,,,,,,,,,,,FALSE,html/1c4da579e4f02c57.html,,2026-01-12T14:54:53.632443,,https://www.northatlanticseed.com/product/ztrawberriez-auto/,,,,,0,0,,,,,,,,,,,,,,ztrawberriez,,Ztrawberriez,ztrawberriez,TRUE,,,Ztrawberriez
7d4af460-57f0-47f3-b8c7-4758ce13e07d,north_atlantic,Ztarfighter F3 (R),,,2,,,,,,Buy Ztarfighter F3 (R) online from North Atlantic Seed Co. Voted #1 by the ICA Cannabis Awards. Fast shipping & premium genetics.,,,,,,,,,,,,,FALSE,html/9573a7e2ba1dd4bc.html,,2026-01-12T14:54:53.842564,,https://www.northatlanticseed.com/product/new-ztarfighter-f3-r/,,,,,0,0,,,,,,,,,,,,,,ztarfighter f3 (r),,Ztarfighter F3 (R),ztarfighterf3r,FALSE,,,New Ztarfighter F3
62d28479-e683-403a-8166-5f0c57aeae5e,north_atlantic,Zpice (F),,,100,,,,,,Buy Zpice (F) online from North Atlantic Seed Co. Voted #1 by the ICA Cannabis Awards. Fast shipping & premium genetics.,,,,,,,,,,,,,FALSE,html/c3572b9e5e391d07.html,,2026-01-12T14:54:54.048798,,https://www.northatlanticseed.com/product/zpice-f/,,,,,0,0,,,,,,,,,,,,,,zpice (f),,Zpice (F),zpicef,FALSE,,,Zpice
10520d1c-4ce9-47f8-bf7d-2b86bc374946,north_atlantic,Zoy Sauce (F) [LEMON CHERRY SHERBERT DROP],,,100,,,,,,Buy Zoy Sauce (F) [LEMON CHERRY SHERBERT DROP] online from North Atlantic Seed Co. Voted #1 by the ICA Cannabis Awards. Fast shipping & premium genetics.,,,,,,,,,,,,,FALSE,html/fbb17288e2d37709.html,,2026-01-12T14:54:54.228022,,https://www.northatlanticseed.com/product/zoy-sauce-f-lemon-cherry-sherbert-drop/,,,,,0,0,,,,,,,,,,,,,,zoy sauce (f) [lemon cherry sherbert drop],,Zoy Sauce (F) [LEMON CHERRY SHERBERT DROP],zoysauceflemoncherrysherbertdrop,FALSE,,,Zoy Sauce F Lemon Cherry Sherbert
b185ef90-0a7e-4136-a283-497333b57367,north_atlantic,Zourz S1 (F),,,100,,,,,,Buy Zourz S1 (F) online from North Atlantic Seed Co. Voted #1 by the ICA Cannabis Awards. Fast shipping & premium genetics.,,,,,,,,,,,,,FALSE,html/09362b1a35d0c133.html,,2026-01-12T14:54:54.411986,,https://www.northatlanticseed.com/product/zourz-s1-f/,,3,,,0,0,,,,,,,,,,,,,,zourz s1 (f),,Zourz S1 (F),zourzs1f,FALSE,,,Zourz
59860b42-f073-413e-bcb9-fc30c89a7b19,north_atlantic,Zour Mints (F),,,100,,,,,,Buy Zour Mints (F) online from North Atlantic Seed Co. Voted #1 by the ICA Cannabis Awards. Fast shipping & premium genetics.,,,,,,,,,,,,,FALSE,html/69698f4cf9f15637.html,,2026-01-12T14:54:54.589607,,https://www.northatlanticseed.com/product/zour-mints-f/,,3,,,0,0,,,,,,,,,,,,,,zour mints (f),,Zour Mints (F),zourmintsf,FALSE,,,Zour Mints
e2f9b598-72ce-4c1c-8fb7-8f3e08c53063,north_atlantic,Zour Diesel (F),,,100,,,,,,Buy Zour Diesel (F) online from North Atlantic Seed Co. Voted #1 by the ICA Cannabis Awards. Fast shipping & premium genetics.,,,,,,,,,,,,,FALSE,html/d55b32b695a6489c.html,,2026-01-12T14:54:54.785757,,https://www.northatlanticseed.com/product/zour-diesel-f/,,,,,0,0,,,,,,,,,,,,,,zour diesel (f),,Zour Diesel (F),zourdieself,FALSE,,,Zour Diesel
60beb0f1-d964-4aa0-82ec-a8f7979edf1c,north_atlantic,Zombie D.F. (F),,,0.2,,,,,,Buy Zombie D.F. (F) online from North Atlantic Seed Co. Voted #1 by the ICA Cannabis Awards. Fast shipping & premium genetics.,,,,,,,,,,,,,FALSE,html/f2a6bcaf5da81877.html,,2026-01-12T14:54:55.009349,,https://www.northatlanticseed.com/product/zombie-df-f/,,4,,,0,0,,,,,,,,,,,,,,zombie d.f. (f),,Zombie D.F. (F),zombiedff,FALSE,,,Zombie Df
90e598f7-e245-4eb1-9b04-b264fb7c4447,north_atlantic,Zoap Mintz (F),,,100,,,,,,Buy Zoap Mintz (F) online from North Atlantic Seed Co. Voted #1 by the ICA Cannabis Awards. Fast shipping & premium genetics.,,,,,,,,,,,,,FALSE,html/94655e611baf1b12.html,,2026-01-12T14:54:55.196960,,https://www.northatlanticseed.com/product/zoap-mintz-f-presale/,,,,,0,0,,,,,,,,,,,,,,zoap mintz (f),,Zoap Mintz (F),zoapmintzf,FALSE,,,Zoap Mintz F
8773fd09-c398-4e66-a36b-baca13f665fb,north_atlantic,Zoap (F),,,0.2,,,,,,Buy Zoap (F) online from North Atlantic Seed Co. Voted #1 by the ICA Cannabis Awards. Fast shipping & premium genetics.,,,,,,,,,,,,,FALSE,html/741a591b90951eca.html,,2026-01-12T14:54:55.375146,,https://www.northatlanticseed.com/product/zoap-f-2/,,3,,,24,24,,,,,,,,,,,,,,zoap (f),,Zoap (F),zoapf,FALSE,,,Zoap F 2
5bf2f851-9898-4162-a26a-8aa26fefe689,north_atlantic,Zoap (F),,,100,,,,,,Buy Zoap (F) online from North Atlantic Seed Co. Voted #1 by the ICA Cannabis Awards. Fast shipping & premium genetics.,,,,,,,,Pink Guava #16 x Rainbow Sherbet,120cm,200cm,,50,FALSE,html/24e3fed1ebd81b96.html,,2026-01-12T14:54:55.591693,,https://www.northatlanticseed.com/product/zoap-f-3/,,,,27%,0,0,,,600 gr/Ã£ÂÂ¡,1000 gr/plant,,120,200,600,1000,,,,Hybrid,zoap (f),,Zoap (F),zoapf,FALSE,,,Zoap F 3
94182cf4-fe55-4552-a3b7-fca39364ce73,north_atlantic,Zoap (F),,,100,,,,,,Buy Zoap (F) online from North Atlantic Seed Co. Voted #1 by the ICA Cannabis Awards. Fast shipping & premium genetics.,,,,,,,,,,,,,FALSE,html/f63316c952441be0.html,,2026-01-12T14:54:55.828358,,https://www.northatlanticseed.com/product/zoap-f/,,3,,,26,26,,,,,,,,,,,,,,zoap (f),,Zoap (F),zoapf,FALSE,,,Zoap
3f61fc8a-0746-44ad-9382-99182586b13f,north_atlantic,Zlush Runtz (R),,,100,,,,,,Buy Zlush Runtz (R) online from North Atlantic Seed Co. Voted #1 by the ICA Cannabis Awards. Fast shipping & premium genetics.,,,,,,,,,,,,,FALSE,html/f46deab5a2ec76af.html,,2026-01-12T14:54:56.013606,,https://www.northatlanticseed.com/product/zlush-runtz/,,,,,0,0,,,,,,,,,,,,,,zlush runtz (r),,Zlush Runtz (R),zlushruntzr,FALSE,,,Zlush Runtz
09da811c-2aa5-4fdf-8a59-33f711901085,north_atlantic,Zingerz (R),,,100,,,,,,Buy Zingerz (R) online from North Atlantic Seed Co. Voted #1 by the ICA Cannabis Awards. Fast shipping & premium genetics.,,,,,,,,,,,,,FALSE,html/a9df3475d3204293.html,,2026-01-12T14:54:56.209657,,https://www.northatlanticseed.com/product/zingerz-r/,,,,,0,0,,,,,,,,,,,,,,zingerz (r),,Zingerz (R),zingerzr,FALSE,,,Zingerz
0a26af46-af8d-4a80-8391-7f789e40d37f,north_atlantic,Zinfandel,,,100,,,,,,Buy Zinfandel Auto [LIMITED] online from North Atlantic Seed Co. Voted #1 by the ICA Cannabis Awards. Fast shipping & premium genetics.,,,,,,,,,,,,,FALSE,html/4a1292099e6aaa1f.html,,2026-01-12T14:54:56.400010,,https://www.northatlanticseed.com/product/zinfandel-auto-limited/,,,,,0,0,,,,,,,,,,,,,,zinfandel,,Zinfandel,zinfandel,TRUE,,,Zinfandel
c7634609-52f6-45b9-8ead-18a67ae95bdf,north_atlantic,Zilly String (F),,,100,,,,,,Buy Zilly String (F) online from North Atlantic Seed Co. Voted #1 by the ICA Cannabis Awards. Fast shipping & premium genetics.,,,,,,,,,,,,,FALSE,html/6cbe29b1de76e64f.html,,2026-01-12T14:54:56.609048,,https://www.northatlanticseed.com/product/zilly-string-f/,,4,,,0,0,,,,,,,,,,,,,,zilly string (f),,Zilly String (F),zillystringf,FALSE,,,Zilly String
3e3fedd6-f77d-42d1-83b0-9d713922ddd0,north_atlantic,Zillions (F),,,100,,,,,,Buy Zillions (F) online from North Atlantic Seed Co. Voted #1 by the ICA Cannabis Awards. Fast shipping & premium genetics.,,,,,,,,,,,,,FALSE,html/cb732d74513f4b2f.html,,2026-01-12T14:54:56.797685,,https://www.northatlanticseed.com/product/zillions-f/,,3,,,32,32,,,,,,,,,,,,,,zillions (f),,Zillions (F),zillionsf,FALSE,,,Zillions
03cb91c5-30e2-414b-9780-85030dfacdbd,north_atlantic,Zilk (F) [LIMITED] [LIT 4/20 DROP],,,100,,,,,,Buy Zilk (F) [LIMITED] [LIT 4/20 DROP] online from North Atlantic Seed Co. Voted #1 by the ICA Cannabis Awards. Fast shipping & premium genetics.,,,,,,,,,,,,,FALSE,html/7944d4d782b18ceb.html,,2026-01-12T14:54:56.992933,,https://www.northatlanticseed.com/product/zilk-f-limited-lit-4-20-drop/,,,,,0,0,,,,,,,,,,,,,,zilk (f) [limited] [lit 4/20 drop],,Zilk (F) [LIMITED] [LIT 4/20 DROP],zilkflimitedlit420drop,FALSE,,,Zilk F
86de5a4e-9342-4cfc-847b-9959f410d326,north_atlantic,Z (F),,,2,,,,,,Buy Z (F) online from North Atlantic Seed Co. Voted #1 by the ICA Cannabis Awards. Fast shipping & premium genetics.,,,,,,,,,,,,,FALSE,html/6a4306405dbd09d9.html,,2026-01-12T14:54:57.198489,,https://www.northatlanticseed.com/product/z-f/,,5,,,0,0,,,,,,,,,,,,,,z (f),,Z (F),zf,FALSE,,,Z
934b0d92-de2d-4924-ba95-bdbdddb939fc,north_atlantic,Zerum (F),,,100,,,,,,Buy Zerum (F) online from North Atlantic Seed Co. Voted #1 by the ICA Cannabis Awards. Fast shipping & premium genetics.,,,,,,,,,,,,,FALSE,html/4ca50c78842e39bf.html,,2026-01-12T14:54:57.393846,,https://www.northatlanticseed.com/product/zerum-f/,,,,,0,0,,,,,,,,,,,,,,zerum (f),,Zerum (F),zerumf,FALSE,,,Zerum
4015a524-f3e2-412b-8c3e-8aa484c82ffa,north_atlantic,Zero Gravity x Devil Driver (F),,,100,,,,,,Buy Zero Gravity x Devil Driver (F) online from North Atlantic Seed Co. Voted #1 by the ICA Cannabis Awards. Fast shipping & premium genetics.,,,,,,,,,,,,,FALSE,html/26e515354cb3ba85.html,,2026-01-12T14:54:57.562194,,https://www.northatlanticseed.com/product/zero-gravity-x-devil-driver-f/,,,,,0,0,,,,,,,,,,,,,,zero gravity x devil driver (f),,Zero Gravity x Devil Driver (F),zerogravityxdevildriverf,FALSE,,,Zero Gravity X Devil Driver
3c3d1bb7-c211-496c-9099-a79060a2424e,north_atlantic,Zero Gravity x DanteÃ¢ÂÂs Inferno (F),,,100,,,,,,Buy Zero Gravity x DanteÃ¢ÂÂs Inferno (F) online from North Atlantic Seed Co. Voted #1 by the ICA Cannabis Awards. Fast shipping & premium genetics.,,,,,,,,,,,,,FALSE,html/f3e6511047a4e55b.html,,2026-01-12T14:54:57.735644,,https://www.northatlanticseed.com/product/zero-gravity-x-dantes-inferno/,,,,,0,0,,,,,,,,,,,,,,zero gravity x danteã¢ââs inferno (f),,Zero Gravity x DanteÃ¢ÂÂs Inferno (F),zerogravityxdanteãââsinfernof,FALSE,,,Zero Gravity X Dantes Inferno
f0ace5f3-6a57-436e-9ac9-d4e0cc7acd4b,north_atlantic,DISCONTINUED (temporarily) Zenith (F) [LIMITED],,,100,,,,,,Buy DISCONTINUED (temporarily) Zenith (F) [LIMITED] online from North Atlantic Seed Co. Voted #1 by the ICA Cannabis Awards. Fast shipping & premium genetics.,,,,,,,,,,,,,FALSE,html/56d77dd06672cb22.html,,2026-01-12T14:54:57.953807,,https://www.northatlanticseed.com/product/zenith-f/,,6,,,0,0,,,,,,,,,,,,,,discontinued (temporarily) zenith (f) [limited],,DISCONTINUED (temporarily) Zenith (F) [LIMITED],discontinuedtemporarilyzenithflimited,FALSE,,,Zenith
a1e10dc2-0e02-4b05-8f73-e47eee2b6ca1,north_atlantic,Pretty Wicked,,,100,,,,,,Buy Pretty Wicked Auto [Formerly Zazzafraz F2 Auto] online from North Atlantic Seed Co. Voted #1 by the ICA Cannabis Awards. Fast shipping & premium genetics.,,,,,,,,,,,,,FALSE,html/be0769fbc41599d1.html,,2026-01-12T14:54:58.141220,,https://www.northatlanticseed.com/product/pretty-wicked-auto-formerly-zazzafraz-f2-auto/,,,,,0,0,,,,,,,,,,,,,,pretty wicked,,Pretty Wicked,prettywicked,TRUE,,,Pretty Wicked Formerly Zazzafraz
229b34a3-677e-446e-95dc-2a2ead4b0dbf,north_atlantic,ZaZa Skunk (F),,,100,,,,,,Buy ZaZa Skunk (F) online from North Atlantic Seed Co. Voted #1 by the ICA Cannabis Awards. Fast shipping & premium genetics.,,,,spicy,,,,,,,,,FALSE,html/7ad63cbb43836927.html,,2026-01-12T14:54:58.330674,,https://www.northatlanticseed.com/product/zaza-skunk-f/,,,,,0,0,,,,,,,,,,,,,,zaza skunk (f),,ZaZa Skunk (F),zazaskunkf,FALSE,,,Zaza Skunk
1e85fa30-7490-4946-b213-0d0449921276,north_atlantic,Zamaldelica x Kali China (F),,,40,,,,,,Buy Zamaldelica x Kali China (F) online from North Atlantic Seed Co. Voted #1 by the ICA Cannabis Awards. Fast shipping & premium genetics.,,,,,,,,,,,,,FALSE,html/ba392ed74e9d5658.html,,2026-01-12T14:54:58.514806,,https://www.northatlanticseed.com/product/zamaldelica-x-kali-china-f/,,5,,,0,0,,,,,,,,,,,,,,zamaldelica x kali china (f),,Zamaldelica x Kali China (F),zamaldelicaxkalichinaf,FALSE,,,Zamaldelica X Kali China
c65c7951-6aeb-4b73-95d2-69c4300109d3,north_atlantic,Zamaldelica,,,100,,,,,,Buy Zamaldelica Auto online from North Atlantic Seed Co. Voted #1 by the ICA Cannabis Awards. Fast shipping & premium genetics.,,,,,,,,,,,,,FALSE,html/7d4e525aa0b8c0ae.html,,2026-01-12T14:54:58.704456,,https://www.northatlanticseed.com/product/new-zamaldelica-auto/,,,,,0,0,,,,,,,,,,,,,,zamaldelica,,Zamaldelica,zamaldelica,TRUE,,,New Zamaldelica
04c53a7f-4124-4e5f-8e4c-d670bfd57e84,north_atlantic,Zamaldelica (R),,,100,,,,,,Buy Zamaldelica (R) online from North Atlantic Seed Co. Voted #1 by the ICA Cannabis Awards. Fast shipping & premium genetics.,,,,,,,,,,,,,FALSE,html/bf4ffff178bbb807.html,,2026-01-12T14:54:58.881489,,https://www.northatlanticseed.com/product/zamaldelica-r/,,4,,,0,0,,,,,,,,,,,,,,zamaldelica (r),,Zamaldelica (R),zamaldelicar,FALSE,,,Zamaldelica
8ba41bec-c05b-4c68-852a-0599c8bbea65,north_atlantic,Zamaldelica (F),,,100,,,,,,Buy Zamaldelica (F) online from North Atlantic Seed Co. Voted #1 by the ICA Cannabis Awards. Fast shipping & premium genetics.,,,,,,,,,,,,,FALSE,html/8ae759ac34950376.html,,2026-01-12T14:54:59.067091,,https://www.northatlanticseed.com/product/new-zamaldelica-f/,,,,,0,0,,,,,,,,,,,,,,zamaldelica (f),,Zamaldelica (F),zamaldelicaf,FALSE,,,New Zamaldelica
660cce75-1f10-4395-b231-30e4b764554f,north_atlantic,Zallah Bread (F),,,100,,,,,,Buy Zallah Bread (F) online from North Atlantic Seed Co. Voted #1 by the ICA Cannabis Awards. Fast shipping & premium genetics.,,,,,,,,,,,,,FALSE,html/1f3e21fea9c736d3.html,,2026-01-12T14:54:59.252989,,https://www.northatlanticseed.com/product/zallah-bread-f/,,,,,0,0,,,,,,,,,,,,,,zallah bread (f),,Zallah Bread (F),zallahbreadf,FALSE,,,Zallah Bread
079d69f4-7e6a-49e6-8dce-642f221f6c57,north_atlantic,Zacatecas Tribute (F),,,100,,,,,,Buy Zacatecas Tribute (F) online from North Atlantic Seed Co. Voted #1 by the ICA Cannabis Awards. Fast shipping & premium genetics.,,,,,,,,,,,,,FALSE,html/08627beb398d59f1.html,,2026-01-12T14:54:59.422027,,https://www.northatlanticseed.com/product/zacatecas-tribute-f/,,,,,0,0,,,,,,,,,,,,,,zacatecas tribute (f),,Zacatecas Tribute (F),zacatecastributef,FALSE,,,Zacatecas Tribute
9485d7ed-9eff-4029-ab25-7701720aec06,north_atlantic,Zacatecas Tribute (R),,,100,,,,,,Buy Zacatecas Tribute (R) online from North Atlantic Seed Co. Voted #1 by the ICA Cannabis Awards. Fast shipping & premium genetics.,,,,,,,,,,,,,FALSE,html/d27e7faede3f20e6.html,,2026-01-12T14:54:59.618944,,https://www.northatlanticseed.com/product/zacatecas-tribute-r/,,,,,0,0,,,,,,,,,,,,,,zacatecas tribute (r),,Zacatecas Tribute (R),zacatecastributer,FALSE,,,Zacatecas Tribute
2235dd6c-4025-4fe8-9032-a14331481765,north_atlantic,Z-up,,,100,,,,,,Buy Z-up Auto online from North Atlantic Seed Co. Voted #1 by the ICA Cannabis Awards. Fast shipping & premium genetics.,,,,,,,,,,,,,FALSE,html/8899d5c43b7c9d30.html,,2026-01-12T14:54:59.819034,,https://www.northatlanticseed.com/product/z-up-auto/,,,,,0,0,,,,,,,,,,,,,,z-up,,Z-up,zup,TRUE,,,Z Up
c6ad1db2-5830-42ed-a4c3-609d0aaad9f8,north_atlantic,Z PavÃÂ© (F),,,100,,,,,,Buy Z PavÃÂ© (F) online from North Atlantic Seed Co. Voted #1 by the ICA Cannabis Awards. Fast shipping & premium genetics.,,,,,,,,,,,,,FALSE,html/ae32d24ec0f6720c.html,,2026-01-12T14:55:00.071750,,https://www.northatlanticseed.com/product/new-z-pave-f/,,,,,0,0,,,,,,,,,,,,,,z pavãâ© (f),,Z PavÃÂ© (F),zpavãâf,FALSE,,,New Z Pave
88ebc838-0049-473b-9f81-e9dfc831fbba,north_atlantic,Original Z OG,,,100,,,,,,Buy Original Z OG Auto online from North Atlantic Seed Co. Voted #1 by the ICA Cannabis Awards. Fast shipping & premium genetics.,,,,,,,,,,,,,FALSE,html/3084694b98da9d4d.html,,2026-01-12T14:55:00.259351,,https://www.northatlanticseed.com/product/original-z-og-auto/,,,,,0,0,,,,,,,,,,,,,,original z og,,Original Z OG,originalzog,TRUE,,,Original Z Og
8210e07f-1d96-4edf-9693-45392b077d11,north_atlantic,Z OG (F),,,100,,,,,,Buy Z OG (F) online from North Atlantic Seed Co. Voted #1 by the ICA Cannabis Awards. Fast shipping & premium genetics.,,,,spicy,,,,,,,,,FALSE,html/ad269da0acf8fbd4.html,,2026-01-12T14:55:00.459792,,https://www.northatlanticseed.com/product/z-og-f/,,,,,0,0,,,,,,,,,,,,,,z og (f),,Z OG (F),zogf,FALSE,,,Z Og
be9ab07d-7da8-40bf-841d-0b39d406339d,north_atlantic,Z Lime Razzle (F),,,100,,,,,,Buy Z Lime Razzle (F) online from North Atlantic Seed Co. Voted #1 by the ICA Cannabis Awards. Fast shipping & premium genetics.,,,,,,,,,,,,,FALSE,html/7e32604197540c90.html,,2026-01-12T14:55:00.633751,,https://www.northatlanticseed.com/product/z-lime-razzle-f-presale/,,,,,0,0,,,,,,,,,,,,,,z lime razzle (f),,Z Lime Razzle (F),zlimerazzlef,FALSE,,,Z Lime Razzle F
8c7f2ea5-f833-4908-818c-45e365639b86,north_atlantic,Z Lime Pie (F) [KEY LIME PIE DROP],,,100,,,,,,Buy Z Lime Pie (F) [KEY LIME PIE DROP] online from North Atlantic Seed Co. Voted #1 by the ICA Cannabis Awards. Fast shipping & premium genetics.,,,,,,,,,,,,,FALSE,html/8f076229da69ebe0.html,,2026-01-12T14:55:00.837032,,https://www.northatlanticseed.com/product/z-lime-pie-f-key-lime-pie-drop/,,,,,0,0,,,,,,,,,,,,,,z lime pie (f) [key lime pie drop],,Z Lime Pie (F) [KEY LIME PIE DROP],zlimepiefkeylimepiedrop,FALSE,,,Z Lime Pie F Key Lime Pie
32874c08-bfd0-4c6f-a331-dc4690c790f7,north_atlantic,Z Gum Bomb (F),,,100,,,,,,Buy Z Gum Bomb (F) online from North Atlantic Seed Co. Voted #1 by the ICA Cannabis Awards. Fast shipping & premium genetics.,,,,,,,,,,,,,FALSE,html/38e24cf6463feb74.html,,2026-01-12T14:55:00.997942,,https://www.northatlanticseed.com/product/z-gum-bomb-f/,,,,,0,0,,,,,,,,,,,,,,z gum bomb (f),,Z Gum Bomb (F),zgumbombf,FALSE,,,Z Gum Bomb
2fe305f1-105b-4b76-8621-96c0fc3ad72d,north_atlantic,Z Cake (F),,,100,,,,,,Buy Z Cake (F) online from North Atlantic Seed Co. Voted #1 by the ICA Cannabis Awards. Fast shipping & premium genetics.,,,,,,,,,,,,,FALSE,html/fe7b5837f30743d1.html,,2026-01-12T14:55:01.219892,,https://www.northatlanticseed.com/product/z-cake-f/,,,,,0,0,,,,,,,,,,,,,,z cake (f),,Z Cake (F),zcakef,FALSE,,,Z Cake
f3b92181-2a24-493f-adde-b05e5f358c23,north_atlantic,AGE VERIFICATION,,,2,,,,,,Buy Z Auto online from North Atlantic Seed Co. Voted #1 by the ICA Cannabis Awards. Fast shipping & premium genetics.,,,,,,,,,,,,,FALSE,html/95b43b1a0aa0976b.html,,2026-01-12T14:55:01.429828,,https://www.northatlanticseed.com/product/z-auto-2/,,5,,,0,0,,,,,,,,,,,,,,age verification,,AGE VERIFICATION,ageverification,TRUE,,,Z 2
b747397b-92be-4964-83aa-63a224680796,north_atlantic,AGE VERIFICATION,,,2,,,,,,Buy Z Auto online from North Atlantic Seed Co. Voted #1 by the ICA Cannabis Awards. Fast shipping & premium genetics.,,,,,,,,,,,,,FALSE,html/0169c5a9ded04d74.html,,2026-01-12T14:55:01.664639,,https://www.northatlanticseed.com/product/z-auto/,,5,,,0,0,,,,,,,,,,,,,,age verification,,AGE VERIFICATION,ageverification,TRUE,,,Z
06715d15-9fd4-4f5e-9b73-00856da5051b,north_atlantic,AGE VERIFICATION,,,100,,,,,,Buy Z Auto online from North Atlantic Seed Co. Voted #1 by the ICA Cannabis Awards. Fast shipping & premium genetics.,,,,,,,,,,,,,FALSE,html/57bbf49b3e25628d.html,,2026-01-12T14:55:01.870008,,https://www.northatlanticseed.com/product/z-auto-3/,,,,,24,24,,,,,,,,,,,,,,age verification,,AGE VERIFICATION,ageverification,TRUE,,,Z 3
981140f1-6eac-4239-81ef-d225e5c5f671,north_atlantic,Yuzu Sour,,,100,,,,,,Buy Yuzu Sour Auto online from North Atlantic Seed Co. Voted #1 by the ICA Cannabis Awards. Fast shipping & premium genetics.,,,,,,,,,,,,,FALSE,html/32df2b2a81ac34c2.html,,2026-01-12T14:55:02.105146,,https://www.northatlanticseed.com/product/yuzu-sour-auto/,,,,,0,0,,,,,,,,,,,,,,yuzu sour,,Yuzu Sour,yuzusour,TRUE,,,Yuzu Sour
a4619b8c-8bbb-458f-8552-c32f40f26ab8,north_atlantic,Illuminauto #85 YogiÃ¢ÂÂs Stash,,,100,,,,,,Buy Illuminauto #85 YogiÃ¢ÂÂs Stash Auto online from North Atlantic Seed Co. Voted #1 by the ICA Cannabis Awards. Fast shipping & premium genetics.,,,,,,,,,,,,,FALSE,html/deb89d8add6b87f9.html,,2026-01-12T14:55:02.301256,,https://www.northatlanticseed.com/product/illuminauto-85-yogis-stash-f/,,,,,0,0,,,,,,,,,,,,,,illuminauto #85 yogiã¢ââs stash,,Illuminauto #85 YogiÃ¢ÂÂs Stash,illuminauto85yogiãââsstash,TRUE,,,Illuminauto 85 Yogis Stash
8aa4d02d-3521-4fd4-9e59-ef583c780588,north_atlantic,Yikes (F),,,100,,,,,,Buy Yikes (F) online from North Atlantic Seed Co. Voted #1 by the ICA Cannabis Awards. Fast shipping & premium genetics.,,,,,,,,,,,,,FALSE,html/054fcf284edbdc15.html,,2026-01-12T14:55:02.541531,,https://www.northatlanticseed.com/product/new-yikes-f/,,,,,0,0,,,,,,,,,,,,,,yikes (f),,Yikes (F),yikesf,FALSE,,,New Yikes
8b82171a-1833-4766-b6f4-3c21a25fb507,north_atlantic,(Yellow Zushi X Blue Zushi) X Slurricane #44 (F) [Slurricane #44 Drop],,,100,,,,,,Buy (Yellow Zushi X Blue Zushi) X Slurricane #44 (F) [Slurricane #44 Drop] online from North Atlantic Seed Co. Voted #1 by the ICA Cannabis Awards. Fast shipping & premium genetics.,,,,,,,,,,,,,FALSE,html/4e18d13d20dba306.html,,2026-01-12T14:55:02.754027,,https://www.northatlanticseed.com/product/yellow-zushi-x-blue-zushi-x-slurricane-44-f-slurricane-44-drop/,,,,,0,0,,,,,,,,,,,,,,(yellow zushi x blue zushi) x slurricane #44 (f) [slurricane #44 drop],,(Yellow Zushi X Blue Zushi) X Slurricane #44 (F) [Slurricane #44 Drop],yellowzushixbluezushixslurricane44fslurricane44drop,FALSE,,,Yellow Zushi X Blue Zushi X Slurricane 44 F Slurricane 44
502eaac0-3b1f-46dc-8ae6-cdf07db78341,north_atlantic,Ya Smell Me [KEY LIME PIE DROP] (F),,,100,,,,,,Buy Ya Smell Me [KEY LIME PIE DROP] (F) online from North Atlantic Seed Co. Voted #1 by the ICA Cannabis Awards. Fast shipping & premium genetics.,,,,,,,,,,,,,FALSE,html/6dd30b4bdad1e30b.html,,2026-01-12T14:55:02.933035,,https://www.northatlanticseed.com/product/ya-smell-me-key-lime-pie-drop-f/,,,,,0,0,,,,,,,,,,,,,,ya smell me [key lime pie drop] (f),,Ya Smell Me [KEY LIME PIE DROP] (F),yasmellmekeylimepiedropf,FALSE,,,Ya Smell Me Key Lime Pie
4b985e11-d553-4681-bcb6-931a50c4358b,north_atlantic,Ethos XXX x Ocifer [TESTER],,,100,,,,,,Buy Ethos XXX x Ocifer [TESTER] online from North Atlantic Seed Co. Voted #1 by the ICA Cannabis Awards. Fast shipping & premium genetics.,,,,,,,,,,,,,FALSE,html/0cecdffed9aeccc9.html,,2026-01-12T14:55:03.129136,,https://www.northatlanticseed.com/product/ethos-xxx-x-ocifer-tester/,,,,,0,0,,,,,,,,,,,,,,ethos xxx x ocifer [tester],,Ethos XXX x Ocifer [TESTER],ethosxxxxocifertester,FALSE,,,Ethos Xxx X Ocifer
b09e58ac-ac84-4f86-8d98-6fe901aef294,north_atlantic,XXX (F),,,100,,,,,,Buy XXX (F) online from North Atlantic Seed Co. Voted #1 by the ICA Cannabis Awards. Fast shipping & premium genetics.,,,,,,,,,,,,,FALSE,html/60b10208330a827c.html,,2026-01-12T14:55:03.322338,,https://www.northatlanticseed.com/product/xxx-f/,,,,,0,0,,,,,,,,,,,,,,xxx (f),,XXX (F),xxxf,FALSE,,,Xxx
d3f39d15-d1d5-4275-868a-9d0bbb121593,north_atlantic,Auto XL,,,100,,,,,,Buy Auto XL Auto online from North Atlantic Seed Co. Voted #1 by the ICA Cannabis Awards. Fast shipping & premium genetics.,,,,,,,,,,,,,FALSE,html/57eb1e6d35cf7498.html,,2026-01-12T14:55:03.511121,,https://www.northatlanticseed.com/product/auto-xl-auto/,,,,,0,0,,,,,,,,,,,,,,auto xl,,Auto XL,autoxl,TRUE,,,Auto Xl
c6e51661-e16e-4099-b229-1b5698e92d46,north_atlantic,Premium X Slurricane #44 (F) [Slurricane #44 Drop],,,100,,,,,,Buy Premium X Slurricane #44 (F) [Slurricane #44 Drop] online from North Atlantic Seed Co. Voted #1 by the ICA Cannabis Awards. Fast shipping & premium genetics.,,,,,,,,,,,,,FALSE,html/ed71798d00c5f174.html,,2026-01-12T14:55:03.758254,,https://www.northatlanticseed.com/product/premium-x-slurricane-44-f-slurricane-44-drop/,,,,,0,0,,,,,,,,,,,,,,premium x slurricane #44 (f) [slurricane #44 drop],,Premium X Slurricane #44 (F) [Slurricane #44 Drop],premiumxslurricane44fslurricane44drop,FALSE,,,Premium X Slurricane 44 F Slurricane 44
5ac13362-71fa-491b-9192-91e3688e6dc0,north_atlantic,Wrank S1 (F) [ETHOS 4/20 DROP],,,100,,,,,,Buy Wrank S1 (F) [ETHOS 4/20 DROP] online from North Atlantic Seed Co. Voted #1 by the ICA Cannabis Awards. Fast shipping & premium genetics.,,,,,,,,,,,,,FALSE,html/4acb9929a485abed.html,,2026-01-12T14:55:03.941144,,https://www.northatlanticseed.com/product/wrank-s1-f-ethos-4-20-drop/,,,,,0,0,,,,,,,,,,,,,,wrank s1 (f) [ethos 4/20 drop],,Wrank S1 (F) [ETHOS 4/20 DROP],wranks1fethos420drop,FALSE,,,Wrank S1 F Ethos
23b00f0c-ecc0-4cd0-951a-298e6747eb2d,north_atlantic,Wrank R2 (F),,,100,,,,,,Buy Wrank R2 (F) online from North Atlantic Seed Co. Voted #1 by the ICA Cannabis Awards. Fast shipping & premium genetics.,,,,,,,,,,,,,FALSE,html/1ede9e2fb3642972.html,,2026-01-12T14:55:04.108654,,https://www.northatlanticseed.com/product/wrank-r2-f/,,,,,0,0,,,,,,,,,,,,,,wrank r2 (f),,Wrank R2 (F),wrankr2f,FALSE,,,Wrank
c5e15ece-170c-4c49-8c06-7696526bac4b,north_atlantic,Wonder Pie (F),,,100,,,,,,Buy Wonder Pie (F) online from North Atlantic Seed Co. Voted #1 by the ICA Cannabis Awards. Fast shipping & premium genetics.,,,,,,,,,,,,,FALSE,html/e082c574fb2caab8.html,,2026-01-12T14:55:04.324024,,https://www.northatlanticseed.com/product/wonder-pie/,,,,,0,0,,,,,,,,,,,,,,wonder pie (f),,Wonder Pie (F),wonderpief,FALSE,,,Wonder Pie
f9715c49-0e9e-4d56-92bc-1dc6ad1d9307,north_atlantic,3 Wok OG,,,100,,,,,,Buy 3 Wok OG Auto online from North Atlantic Seed Co. Voted #1 by the ICA Cannabis Awards. Fast shipping & premium genetics.,,,,,,,,,,,,,FALSE,html/27408abb1acaf1b3.html,,2026-01-12T14:55:04.535913,,https://www.northatlanticseed.com/product/3-wok-og-auto/,,,,,0,0,,,,,,,,,,,,,,3 wok og,,3 Wok OG,3wokog,TRUE,,,3 Wok Og
fcc3fe23-ae94-4e7e-b23f-6b878226bfbf,north_atlantic,Witches Breath (F) [LIMITED],,,100,,,,,,Buy Witches Breath (F) [LIMITED] online from North Atlantic Seed Co. Voted #1 by the ICA Cannabis Awards. Fast shipping & premium genetics.,,,,,,,,,,,,,FALSE,html/de27e645c5c2edbf.html,,2026-01-12T14:55:04.727465,,https://www.northatlanticseed.com/product/witches-breath-f-limited/,,,,,0,0,,,,,,,,,,,,,,witches breath (f) [limited],,Witches Breath (F) [LIMITED],witchesbreathflimited,FALSE,,,Witches Breath F
bb57f66b-7bd8-4d20-baf5-fb2e0d34c862,north_atlantic,WitcherÃ¢ÂÂs Creek,,,100,,,,,,Buy WitcherÃ¢ÂÂs Creek Auto online from North Atlantic Seed Co. Voted #1 by the ICA Cannabis Awards. Fast shipping & premium genetics.,,,,,,,,,,,,,FALSE,html/766ed476c0313e2e.html,,2026-01-12T14:55:04.921055,,https://www.northatlanticseed.com/product/witchers-creek-auto/,,,,,0,0,,,,,,,,,,,,,,witcherã¢ââs creek,,WitcherÃ¢ÂÂs Creek,witcherãââscreek,TRUE,,,Witchers Creek
d2d17e7f-283e-4464-aa0e-5dfeed99b872,north_atlantic,Wild Strawberry F1,,,100,,,,,,Buy Wild Strawberry F1 Auto online from North Atlantic Seed Co. Voted #1 by the ICA Cannabis Awards. Fast shipping & premium genetics.,,,,,,,,,,,,,FALSE,html/176cf3a81cc0e8d8.html,,2026-01-12T14:55:05.106529,,https://www.northatlanticseed.com/product/wild-strawberry-f1-auto/,,,,,25,25,,,,,,,,,,,,,,wild strawberry f1,,Wild Strawberry F1,wildstrawberryf1,TRUE,,,Wild Strawberry
5d2c9297-bdf8-453e-b8fd-3ab5b55e6731,north_atlantic,Wild Flower (F),,,100,,,,,,Buy Wild Flower (F) online from North Atlantic Seed Co. Voted #1 by the ICA Cannabis Awards. Fast shipping & premium genetics.,,,,,,,,,,,,,FALSE,html/abc694f7b7d82f73.html,,2026-01-12T14:55:05.310072,,https://www.northatlanticseed.com/product/wild-flower-f/,,,,,0,0,,,,,,,,,,,,,,wild flower (f),,Wild Flower (F),wildflowerf,FALSE,,,Wild Flower
20f4a306-c944-46fd-8f07-2d8651fa9787,north_atlantic,Wild Fire (F) [LIMITED],,,100,,,,,,Buy Wild Fire (F) [LIMITED] online from North Atlantic Seed Co. Voted #1 by the ICA Cannabis Awards. Fast shipping & premium genetics.,,,,,,,,,,,,,FALSE,html/0b876ca8edbdd6f5.html,,2026-01-12T14:55:05.499560,,https://www.northatlanticseed.com/product/wild-fire-f-limited/,,,,,0,0,,,,,,,,,,,,,,wild fire (f) [limited],,Wild Fire (F) [LIMITED],wildfireflimited,FALSE,,,Wild Fire F
9de3623b-e5ac-4daa-b950-0b13d4ce6836,north_atlantic,Wifi OG (F),,,100,,,,,,Buy Wifi OG (F) online from North Atlantic Seed Co. Voted #1 by the ICA Cannabis Awards. Fast shipping & premium genetics.,,,,,,,,,,,,,FALSE,html/a28bdbbf53bf54a3.html,,2026-01-12T14:55:05.711523,,https://www.northatlanticseed.com/product/new-wifi-og-f/,,3,,,0,0,,,,,,,,,,,,,,wifi og (f),,Wifi OG (F),wifiogf,FALSE,,,New Wifi Og
42f9193e-5daa-42bb-a98f-a31f8af91b01,north_atlantic,Widow Remedy (R),,,100,,,,,,Buy Widow Remedy (R) online from North Atlantic Seed Co. Voted #1 by the ICA Cannabis Awards. Fast shipping & premium genetics.,,,,,,,,,,,,,FALSE,html/bc66a5eeaed9a14b.html,,2026-01-12T14:55:05.906322,,https://www.northatlanticseed.com/product/widow-remedy-r/,,,,,0,0,,,,,,,,,,,,,,widow remedy (r),,Widow Remedy (R),widowremedyr,FALSE,,,Widow Remedy
eafcc301-f044-4b3c-b878-2e934c518734,north_atlantic,Wicked Witch,,,100,,,,,,Buy Wicked Witch Auto online from North Atlantic Seed Co. Voted #1 by the ICA Cannabis Awards. Fast shipping & premium genetics.,,,,,,,,,,,,,FALSE,html/11739cbbe5d69de4.html,,2026-01-12T14:55:06.101559,,https://www.northatlanticseed.com/product/wicked-witch-auto/,,,,,0,0,,,,,,,,,,,,,,wicked witch,,Wicked Witch,wickedwitch,TRUE,,,Wicked Witch
3d2321fa-a2ec-4e9d-a249-e2f474493cba,north_atlantic,White Widow XXL,,,100,,,,,,Buy White Widow XXL Auto online from North Atlantic Seed Co. Voted #1 by the ICA Cannabis Awards. Fast shipping & premium genetics.,,,,spicy,,,,,,,,,FALSE,html/318b6385717edefb.html,,2026-01-12T14:55:06.296871,,https://www.northatlanticseed.com/product/new-white-widow-xxl-auto/,,,,,0,0,,,,,,,,,,,,,,white widow xxl,,White Widow XXL,whitewidowxxl,TRUE,,,New White Widow Xxl
63bce459-5091-4e53-943c-8c59cfeecc64,north_atlantic,White Widow XXL (F),,,100,,,,,,Buy White Widow XXL (F) online from North Atlantic Seed Co. Voted #1 by the ICA Cannabis Awards. Fast shipping & premium genetics.,,,,spicy,,,,,,,,,FALSE,html/6219da9953504fef.html,,2026-01-12T14:55:06.543098,,https://www.northatlanticseed.com/product/new-white-widow-xxl-f/,,,,,0,0,,,,,,,,,,,,,,white widow xxl (f),,White Widow XXL (F),whitewidowxxlf,FALSE,,,New White Widow Xxl
a376a6d2-509f-4f67-8320-28094a507ffc,north_atlantic,Original,,,100,,,,,,Buy Original Auto White Widow online from North Atlantic Seed Co. Voted #1 by the ICA Cannabis Awards. Fast shipping & premium genetics.,,,,spicy,,,,,,,,,FALSE,html/599dec974538570f.html,,2026-01-12T14:55:06.740139,,https://www.northatlanticseed.com/product/original-auto-white-widow/,,,,,0,0,,,,,,,,,,,,,,original,,Original,original,TRUE,,,Original White Widow
28fe9631-c957-4eff-8bae-84e112910afe,north_atlantic,White Widow,,,100,,,,,,Buy White Widow Auto online from North Atlantic Seed Co. Voted #1 by the ICA Cannabis Awards. Fast shipping & premium genetics.,,,,spicy,,,,,,,,,FALSE,html/99a935657cad76bb.html,,2026-01-12T14:55:06.959680,,https://www.northatlanticseed.com/product/white-widow-auto-5/,,,,,0,0,,,,,,,,,,,,,,white widow,,White Widow,whitewidow,TRUE,,,White Widow 5
386f30de-60e0-48b3-b182-fbfacdea3dfb,north_atlantic,White Widow,,,1,,,,,,Buy White Widow Auto online from North Atlantic Seed Co. Voted #1 by the ICA Cannabis Awards. Fast shipping & premium genetics.,,,,,,,,,,,,,FALSE,html/70e68dbea626ac92.html,,2026-01-12T14:55:07.169045,,https://www.northatlanticseed.com/product/white-widow-auto-3/,,3,,,0,0,,,,,,,,,,,,,,white widow,,White Widow,whitewidow,TRUE,,,White Widow 3
43cfdff0-5bb4-486b-a116-46b501140955,north_atlantic,White Widow,,,100,,,,,,Buy White Widow Auto [SPRING 2025 DROP] online from North Atlantic Seed Co. Voted #1 by the ICA Cannabis Awards. Fast shipping & premium genetics.,,,,,,,,,,,,,FALSE,html/003857a7202e1a56.html,,2026-01-12T14:55:07.385976,,https://www.northatlanticseed.com/product/white-widow-auto-6/,,,,,0,0,,,,,,,,,,,,,,white widow,,White Widow,whitewidow,TRUE,,,White Widow 6
f9439ce4-9d8a-44ad-8062-32ed15161877,north_atlantic,White Widow,,,100,,,,,,Buy White Widow Auto online from North Atlantic Seed Co. Voted #1 by the ICA Cannabis Awards. Fast shipping & premium genetics.,,,,pepper,,,,,,,,,FALSE,html/2f193fbb51126a55.html,,2026-01-12T14:55:07.577997,,https://www.northatlanticseed.com/product/white-widow-auto-4/,,,,,0,0,,,,,,,,,,,,,,white widow,,White Widow,whitewidow,TRUE,,,White Widow 4
eee4942e-b4c0-4399-9537-8ee9b70ed00b,north_atlantic,White Widow,,,100,,,,,,Buy White Widow Auto online from North Atlantic Seed Co. Voted #1 by the ICA Cannabis Awards. Fast shipping & premium genetics.,,,,,,,,,,,,,FALSE,html/1a6cd235efe2a61c.html,,2026-01-12T14:55:07.770493,,https://www.northatlanticseed.com/product/white-widow-auto-2/,,,,,0,0,,,,,,,,,,,,,,white widow,,White Widow,whitewidow,TRUE,,,White Widow 2
76ce84fa-5fb4-484d-b798-f4a65a84c8db,north_atlantic,White Widow (F),,,1,,,,,,Buy White Widow (F) online from North Atlantic Seed Co. Voted #1 by the ICA Cannabis Awards. Fast shipping & premium genetics.,,,,,,,,,,,,,FALSE,html/17a57e26d4a1d890.html,,2026-01-12T14:55:07.947677,,https://www.northatlanticseed.com/product/white-widow-f/,,3,,,0,0,,,,,,,,,,,,,,white widow (f),,White Widow (F),whitewidowf,FALSE,,,White Widow
8ce9030b-daa2-431b-b99c-285cbfe34f34,north_atlantic,White Widow (F),,,50,,,,,,Buy White Widow (F) online from North Atlantic Seed Co. Voted #1 by the ICA Cannabis Awards. Fast shipping & premium genetics.,,,,pepper,,,,,,,,,FALSE,html/94b43b77d6f59e1f.html,,2026-01-12T14:55:08.130473,,https://www.northatlanticseed.com/product/white-widow-f-2/,,3,,,0,0,,,,,,,,,,,,,,white widow (f),,White Widow (F),whitewidowf,FALSE,,,White Widow F 2
4eb5701f-7917-4603-88b8-3ee603f9eb66,north_atlantic,White Widow (F),,,100,,,,,,Buy White Widow (F) online from North Atlantic Seed Co. Voted #1 by the ICA Cannabis Awards. Fast shipping & premium genetics.,,,,spicy,,,,,,,,,FALSE,html/2addef619ac26b8d.html,,2026-01-12T14:55:08.930625,,https://www.northatlanticseed.com/product/white-widow/,,,,,0,0,,,,,,,,,,,,,,white widow (f),,White Widow (F),whitewidowf,FALSE,,,White Widow
3811b7c9-d607-4aa8-a299-cd706d168c1e,north_atlantic,White Widow (F),,,100,,,,,,Buy White Widow (F) online from North Atlantic Seed Co. Voted #1 by the ICA Cannabis Awards. Fast shipping & premium genetics.,,,,spicy,,,,,,,,,FALSE,html/0760eb58479a766a.html,,2026-01-12T14:55:09.195896,,https://www.northatlanticseed.com/product/white-widow-f-3/,,4,,,0,0,,,,,,,,,,,,,,white widow (f),,White Widow (F),whitewidowf,FALSE,,,White Widow F 3
f3216840-5a46-435c-9cb9-f8198b2873dc,north_atlantic,White Widow (F),1995,,0.01,,,,,,Buy White Widow (F) online from North Atlantic Seed Co. Voted #1 by the ICA Cannabis Awards. Fast shipping & premium genetics.,,,,,,,,,,,,,FALSE,html/cd2b9ffd5826c843.html,,2026-01-12T14:55:09.370210,,https://www.northatlanticseed.com/product/white-widow-2/,,,,,0,0,,,,,,,,,,,,,,white widow (f),,White Widow (F),whitewidowf,FALSE,,,White Widow 2
a8eb4ff8-aca9-4448-ac51-3ff9dfbb157b,north_atlantic,White Wedding Rbx (F),,,100,,,,,,Buy White Wedding Rbx (F) online from North Atlantic Seed Co. Voted #1 by the ICA Cannabis Awards. Fast shipping & premium genetics.,,,,,,,,,,,,,FALSE,html/3c81fdf43bb5664d.html,,2026-01-12T14:55:09.544622,,https://www.northatlanticseed.com/product/white-wedding/,,,,,0,0,,,,,,,,,,,,,,white wedding rbx (f),,White Wedding Rbx (F),whiteweddingrbxf,FALSE,,,White Wedding
33989ea7-b81b-4511-8d57-651261a76d19,north_atlantic,White Truffles x Genius [TESTER] (F),,,100,,,,,,Buy White Truffles x Genius [TESTER] (F) online from North Atlantic Seed Co. Voted #1 by the ICA Cannabis Awards. Fast shipping & premium genetics.,,,,,,,,,,,,,FALSE,html/bb0aa25e60f45618.html,,2026-01-12T14:55:09.730509,,https://www.northatlanticseed.com/product/white-truffles-x-genius-tester-f/,,,,,0,0,,,,,,,,,,,,,,white truffles x genius [tester] (f),,White Truffles x Genius [TESTER] (F),whitetrufflesxgeniustesterf,FALSE,,,White Truffles X Genius
2717b699-398e-432f-8b81-e36a87aafc25,north_atlantic,White Serpent (F),,,100,,,,,,Buy White Serpent (F) online from North Atlantic Seed Co. Voted #1 by the ICA Cannabis Awards. Fast shipping & premium genetics.,,,,,,,,,,,,,FALSE,html/89640f51287cbd33.html,,2026-01-12T14:55:09.908382,,https://www.northatlanticseed.com/product/white-serpent-f/,,,,,0,0,,,,,,,,,,,,,,white serpent (f),,White Serpent (F),whiteserpentf,FALSE,,,White Serpent
30d67739-e717-4733-87d8-da3197fa34bb,north_atlantic,White Runtz x DanteÃ¢ÂÂs Inferno (F),,,100,,,,,,Buy White Runtz x DanteÃ¢ÂÂs Inferno (F) online from North Atlantic Seed Co. Voted #1 by the ICA Cannabis Awards. Fast shipping & premium genetics.,,,,,,,,,,,,,FALSE,html/72d01cbe53c977e9.html,,2026-01-12T14:55:10.082962,,https://www.northatlanticseed.com/product/white-runtz-x-dantes-inferno-f/,,,,,0,0,,,,,,,,,,,,,,white runtz x danteã¢ââs inferno (f),,White Runtz x DanteÃ¢ÂÂs Inferno (F),whiteruntzxdanteãââsinfernof,FALSE,,,White Runtz X Dantes Inferno
fc09cbb4-6abd-4fe9-9204-cf436c94cb42,north_atlantic,White Runtz (F),,,100,,,,,,Buy White Runtz (F) online from North Atlantic Seed Co. Voted #1 by the ICA Cannabis Awards. Fast shipping & premium genetics.,,,,,,,,Gelato x Original Z Strain,120-140cm,225cm,,55,FALSE,html/44eb774ae1d89646.html,,2026-01-12T14:55:10.282128,,https://www.northatlanticseed.com/product/white-runtz-f-2/,,,,29%,0,0,,,550 gr/Ã£ÂÂ¡,1500 gr/plant,,140,225,550,1500,,,,Hybrid,white runtz (f),,White Runtz (F),whiteruntzf,FALSE,,,White Runtz F 2
f937de2f-11e1-499e-84af-80cd95c95219,north_atlantic,White Runtz FAST,,,100,,,,,,Buy White Runtz FAST online from North Atlantic Seed Co. Voted #1 by the ICA Cannabis Awards. Fast shipping & premium genetics.,,,,,,,,,,,,,FALSE,html/9a22703011331337.html,,2026-01-12T14:55:10.471640,,https://www.northatlanticseed.com/product/white-runtz-fast/,,,,,0,0,,,,,,,,,,,,,,white runtz fast,,White Runtz FAST,whiteruntzfast,FALSE,,,White Runtz Fast
51abb627-dd0a-4a12-b84e-c93523a3f31d,north_atlantic,White Runtz (F),,,100,,,,,,Buy White Runtz (F) online from North Atlantic Seed Co. Voted #1 by the ICA Cannabis Awards. Fast shipping & premium genetics.,,,,,,,,,,,,,FALSE,html/b2f4fb291abbbde7.html,,2026-01-12T14:55:10.664701,,https://www.northatlanticseed.com/product/white-runtz-f/,,,,,0,0,,,,,,,,,,,,,,white runtz (f),,White Runtz (F),whiteruntzf,FALSE,,,White Runtz
61998504-8a6d-4a4b-ae83-fccd9d97939d,north_atlantic,White Runtz Bx F2 (R),,,100,,,,,,Buy White Runtz Bx F2 (R) online from North Atlantic Seed Co. Voted #1 by the ICA Cannabis Awards. Fast shipping & premium genetics.,,,,,,,,,,,,,FALSE,html/cf08ea6f26db4e48.html,,2026-01-12T14:55:10.855509,,https://www.northatlanticseed.com/product/white-runtz-BX-f2-r/,,,,,0,0,,,,,,,,,,,,,,white runtz bx f2 (r),,White Runtz Bx F2 (R),whiteruntzbxf2r,FALSE,,,White Runtz BX F2
6252e885-d8b6-46aa-90e0-3788195eb5e5,north_atlantic,White Rhino (F),,,80,,,,,,Buy White Rhino (F) online from North Atlantic Seed Co. Voted #1 by the ICA Cannabis Awards. Fast shipping & premium genetics.,,,,,,,,,,,,,FALSE,html/66ad2974a630087a.html,,2026-01-12T14:55:11.019338,,https://www.northatlanticseed.com/product/new-white-rhino-f/,,,,,0,0,,,,,,,,,,,,,,white rhino (f),,White Rhino (F),whiterhinof,FALSE,,,New White Rhino
ecb68882-e8dc-4ad5-b26c-2bf05216d43f,north_atlantic,White Peanut (R),,,100,,,,,,Buy White Peanut (R) online from North Atlantic Seed Co. Voted #1 by the ICA Cannabis Awards. Fast shipping & premium genetics.,,,,,,,,,,,,,FALSE,html/7cee433fdf45235c.html,,2026-01-12T14:55:11.220577,,https://www.northatlanticseed.com/product/new-white-peanut-r/,,,,,0,0,,,,,,,,,,,,,,white peanut (r),,White Peanut (R),whitepeanutr,FALSE,,,New White Peanut
a9790ee9-4590-4b67-beaf-e6d8e7242937,north_atlantic,White Nightmare F2 (R),,,100,,,,,,Buy White Nightmare F2 (R) online from North Atlantic Seed Co. Voted #1 by the ICA Cannabis Awards. Fast shipping & premium genetics.,,,,,,,,,,,,,FALSE,html/0b4b2a9b74cebd14.html,,2026-01-12T14:55:11.440559,,https://www.northatlanticseed.com/product/white-nightmare-f2-r/,,,,,0,0,,,,,,,,,,,,,,white nightmare f2 (r),,White Nightmare F2 (R),whitenightmaref2r,FALSE,,,White Nightmare F2
2ab19058-c564-4097-a2fe-a357ed8d8748,north_atlantic,White Nightmare BX (R),,,100,,,,,,Buy White Nightmare BX (R) online from North Atlantic Seed Co. Voted #1 by the ICA Cannabis Awards. Fast shipping & premium genetics.,,,,,,,,,,,,,FALSE,html/0b3c394892bed062.html,,2026-01-12T14:55:11.641486,,https://www.northatlanticseed.com/product/white-nightmare-BX-r/,,,,,0,0,,,,,,,,,,,,,,white nightmare bx (r),,White Nightmare BX (R),whitenightmarebxr,FALSE,,,White Nightmare BX
72930b44-e0ae-415f-871e-35f52e169c99,north_atlantic,White Inferno (F),,,100,,,,,,Buy White Inferno (F) online from North Atlantic Seed Co. Voted #1 by the ICA Cannabis Awards. Fast shipping & premium genetics.,,,,,,,,,,,,,FALSE,html/fc21114bb745f92f.html,,2026-01-12T14:55:11.827954,,https://www.northatlanticseed.com/product/white-inferno-f/,,,,,0,0,,,,,,,,,,,,,,white inferno (f),,White Inferno (F),whiteinfernof,FALSE,,,White Inferno
