seed_bank,source_url,extraction_methods_used,scraped_at,genetics,about_info,strain_name,seed_type,growth_type,terpene_profile,awards,page_title,breeder_name,data_completeness_score,quality_tier,thc_content,effects
Dutch Passion,https://dutch-passion.us/cannabis-seeds/auto-xtreme-haze,"['structured', 'description', 'patterns', 'fallback']",2026-01-10T22:24:13.783802,from Dutch Passion. Extensive research was conducted alongside a meticulous selection process in order to produce the best result. Auto Xtreme HazeÂ® genetics are based on our classic Outlaw Amnesia variety (Amnesia x Super Haze). Auto Xtreme Haze is a potent,"Auto Xtreme Haze is a Sativa dominant autoflower variety with very potent, sticky buds and a high yield. She has a strong Haze smell and taste",Auto Xtreme Haze,Autoflower,Autoflower,"400; color: rgb(0, 0, 0);"">","cup-winners"">",Buy Auto Xtreme Haze Cannabis Seeds | Dutch Passion USA,Dutch Passion,59.8,Medium,,
Dutch Passion,https://www.cannabis-seeds-bank.co.uk/dutch-passion-seeds-auto-xtreme/prod_2233,"['structured', 'description', 'patterns', 'fallback']",2026-01-10T22:24:14.086953,OutLaw x Unknown Ruderalis,Dutch Passion Seeds AutoXtreme is available to buy at the Attitude Seedbank. Visit our website to check out the whole range of cannabis seeds. We ship worldwide.,Prod_2233,Autoflower,Autoflower,Stash,"cupWinnerTrump"">",Dutch Passion Seeds - AutoXtreme | Order Securely Online Best Quality Marijuana Seeds Souvenirs UK,Dutch Passion,59.8,Medium,,
Dutch Passion,https://www.cannabis-seeds-bank.co.uk/dutch-passion-seeds-white-widow-x-the-ultimate/prod_1974,"['structured', 'description', 'patterns', 'fallback']",2026-01-10T22:24:14.394803,White Widow x The Ultimate,"White Widow x The Ultimate by Dutch Passion Seeds is in stock at The Attitude Seedbank - best online store with widest collection of marijuana seeds souvenirs at lowest prices. Discreet worldwide shipping. We offer discounts, promotions and extra freebies with every purchase. For more info visit our website.",Prod_1974,Autoflower,Autoflower,Stash,"cupWinnerTrump"">","Dutch Passion Seeds - White Widow x The Ultimate | Promotions, Giveaways And Extra Marijuana Seeds Souvenirs With Every Order",Dutch Passion,66.7,High,17.00-19.00%,
Dutch Passion,https://www.cannabis-seeds-bank.co.uk/dutch-passion-seeds-auto-white-widow/prod_2582,"['structured', 'description', 'patterns', 'fallback']",2026-01-10T22:24:14.679670,White Widow x Unknown Ruderalis,Dutch Passion Auto White Widow is now available at The Attitude Seedbank. Visit our website for a wide range of autoflowering cannabis seeds from Dutch Passion,Prod_2582,Autoflower,Autoflower,Stash,"cupWinnerTrump"">",Dutch Passion Seeds - AutoWhite Widow | Buy Medical Cannabis Seeds At Low Prices UK,Dutch Passion,72.4,High,15-20%,"relaxing, cerebral"
Dutch Passion,https://www.cannabis-seeds-bank.co.uk/dutch-passion-seeds-white-widow/prod_411,"['structured', 'description', 'patterns', 'fallback']",2026-01-10T22:24:14.947646,1980's F1 White Widow Genetics,Dutch Passion Seeds White Widow is available to buy at the Attitude Seedbank - best online store with widest collection of cannabis seeds souvenirs. Discreet worldwide shipping.,Prod_411,Autoflower,Autoflower,Stash,winner of several cannabis seeds competitions. Plant of a White Widow is made from big fan leaves covered with white glands. Its high is soft but great.,Dutch Passion Seeds - White Widow | Lowest Prices For Top Quality Cannabis Seeds Souvenirs UK,Dutch Passion,59.8,Medium,,
Dutch Passion,https://dutch-passion.us/cannabis-seeds/white-widow,"['structured', 'description', 'patterns', 'fallback']",2026-01-10T22:24:15.339112,used for White Widow guarantee the following properties:,"Get the legendary White Widow original feminised cannabis seeds: fast-growing, potent buds with a classic spicy-pine aroma, high THC, and easy to grow!",White Widow,Autoflower,Autoflower,"400;"">","cup-winners"">",Buy White Widow Cannabis Seeds | Dutch Passion USA,Dutch Passion,59.8,Medium,,
Dutch Passion,https://www.cannabis-seeds-bank.co.uk/dutch-passion-seeds-auto-ultimate/prod_2744,"['structured', 'description', 'patterns', 'fallback']",2026-01-10T22:24:15.690020,The Ultimate x Auto Mazar,"One of the heaviest yielding automatics to come from Dutch Passion. AutoUltimate is the AutoFem version of our bestseller â€˜The Ultimateâ€™. Place an order securely online on our website or over the phone for discounts, promotions and extra freebies.",Prod_2744,Autoflower,Autoflower,Stash,"cupWinnerTrump"">",Auto Ultimate - Dutch Passion Seeds | Order Securely Online Best Quality Marijuana Seeds UK,Dutch Passion,59.8,Medium,,
Dutch Passion,https://dutch-passion.us/cannabis-seeds/auto-ultimate,"['structured', 'description', 'patterns', 'fallback']",2026-01-10T22:24:16.114460,come from our original photoperiod parent The Ultimate.,Auto Ultimate is a world-class autoflower with a proven track record of several hundred-gram harvests of big frosty buds with a citrus aroma and very high THC.,Auto Ultimate,Autoflower,Autoflower,"block; margin-left: auto; margin-right: auto; width: 500px; height: 500px;"" width=""500""/>","cup-winners"">",Buy Auto Ultimate Cannabis Seeds | Dutch Passion USA,Dutch Passion,59.8,Medium,,
Dutch Passion,https://www.cannabis-seeds-bank.co.uk/dutch-passion-seeds-auto-trichome-and-cream/prod_7707,"['structured', 'description', 'patterns', 'fallback']",2026-01-10T22:24:16.471760,Cookies & Cream (Starfighter x Girl Scout Cookies) x Autoflower,"Dutch Passion Seeds Auto Trichome & Cream cannabis seeds are available to buy online at The Attitude Seedbank. Worldwide shipping, discreet shipping, promotions and freebies.",Prod_7707,Autoflower,Autoflower,Stash,"cupWinnerTrump"">",Dutch Passion Seeds | Dutch Passion Seeds Auto Trichome & Cream,Dutch Passion,59.8,Medium,,
Dutch Passion,https://www.cannabis-seeds-bank.co.uk/dutch-passion-seeds-auto-think-different/prod_405,"['structured', 'description', 'patterns', 'fallback']",2026-01-10T22:24:16.744201,AK47 Hybrid,The Attitude Seedbank offers discreet worldwide shipping of feminized Think Different Autoflowering. Place an order securely online or over the phone and get extra free cannabis seeds souvenirs. Widest range of Dutch Passion Seeds.,Prod_405,Autoflower,Autoflower,Stash,"cupWinnerTrump"">",Dutch Passion Seeds - Think Different Autoflowering | High Quality Feminized Automatic Cannabis Varieties UK,Dutch Passion,66.7,High,15-20%,
Dutch Passion,https://dutch-passion.us/cannabis-seeds/auto-think-different,"['structured', 'description', 'patterns', 'fallback']",2026-01-10T22:24:17.137383,in general. They often remained small and were less potent than photoperiod plants. The first autoflowering crosses were,"Based on special AK47 hybrid genetics known as AK420, Auto Think Different delivers monster yields of long and thick buds with very high THC content.",Auto Think Different,Autoflower,Autoflower,"400;"">Auto Think Different is an autoflower seed variety based on AK420 genetics with a nice fresh and fruity taste profile. The buds may not have the same penetrating odour as a pure Kush or pure Haze, but they smell very subtle and balanced. A nice fruity aroma with notes of citrus fruit, mint, pine and sweetness. Wonderful to smoke! These cannabis seeds produce autoflower plants with a high THC content and a strong high, even for the most experienced smokers.","cup-winners"">",Buy Auto Think Different Cannabis Seeds | Dutch Passion USA,Dutch Passion,59.8,Medium,,
Dutch Passion,https://www.cannabis-seeds-bank.co.uk/dutch-passion-seeds-auto-think-big/prod_4010,"['structured', 'description', 'patterns', 'fallback']",2026-01-10T22:24:17.444473,Sex: Feminized,Shop for the Think Big AutoFem by Dutch Passion at the Attitude - the world's largest online marijuana seed shop. Premium quality cannabis seeds for sale.,Prod_4010,Autoflower,Autoflower,Stash,"cupWinnerTrump"">",Think Big | Dutch Passion | Cannabis Seeds,Dutch Passion,59.8,Medium,,
Dutch Passion,https://dutch-passion.us/cannabis-seeds/the-ultimate,"['structured', 'description', 'patterns', 'fallback']",2026-01-10T22:24:17.899491,used for The Ultimate guarantee the following properties:,The Ultimate,The Ultimate,Autoflower,Autoflower,"collapse; width: 100%; height: 516.3px;"">","cup-winners"">",Buy The Ultimate Cannabis Seeds | Dutch Passion USA,Dutch Passion,59.8,Medium,,
Dutch Passion,https://dutch-passion.us/cannabis-seeds/sugar-bomb-punch,"['structured', 'description', 'patterns', 'fallback']",2026-01-10T22:24:18.332594,used to create Sugar Bomb Punch guarantee the following properties:,This explosive 3-way cross (THC Bomb X (Critical Orange Punch x Bubba Island Kush)) rewards you with heavy yields of THC rich buds with a sublime taste.,Sugar Bomb Punch,Feminized,Photoperiod,"block; margin-left: auto; margin-right: auto; width: 500px; height: 500px;"" width=""500""/>","cup-winners"">",Buy Sugar Bomb Punch Cannabis Seeds | Dutch Passion USA,Dutch Passion,59.8,Medium,,
Dutch Passion,https://www.cannabis-seeds-bank.co.uk/dutch-passion-seeds-auto-strawberry-soda/prod_9797,"['structured', 'description', 'patterns', 'fallback']",2026-01-10T22:24:18.671264,Strawberry Cough x Blue Auto Mazar,"Auto Strawberry Soda is a beautifully crafted, fast-finishing autoflower that offers a stunning appearance, exceptional flavour, and powerful effects. A true gem in any growerâ€™s garden, sheâ€™s perfect for anyone looking to enjoy top-shelf quality with every harvest.",Prod_9797,Autoflower,Autoflower,Stash,"cupWinnerTrump"">",Dutch Passion Seeds AUTO Strawberry Soda | Attitude Seedbank UK,Dutch Passion,72.4,High,15.00-18.00%,euphoric
Dutch Passion,https://dutch-passion.us/cannabis-seeds/auto-strawberry-soda,"['structured', 'description', 'patterns', 'fallback']",2026-01-10T22:24:19.050020,.,"Auto Strawberry Soda is a powerful USA autoflower strain. This Strawberry Cough X Blue Auto Mazar cross has dense, purple-hued buds.",Auto Strawberry Soda,Autoflower,Autoflower,"flex-row border-b-2 border-gray-300 hidden"">","cup-winners"">",Buy Auto Strawberry Soda Cannabis Seeds | Dutch Passion USA,Dutch Passion,50.6,Medium,,
Dutch Passion,https://dutch-passion.us/cannabis-seeds/strawberry-cough,"['structured', 'description', 'patterns', 'fallback']",2026-01-10T22:24:19.516972,have an almost mythical origin and a unique,Strawberry Cough,Strawberry Cough,Feminized,Photoperiod,"//dutch-passion.us/media/.renditions/wysiwyg/Strawberry-Cough-terpenes-and-cannabinoids-dutch-passion-cannabis-seed-company.jpg"" style=""display: block; margin-left: auto; margin-right: auto; width: 500px; height: 500px;"" width=""500""/>","cup-winners"">",Buy Strawberry Cough Cannabis Seeds | Dutch Passion USA,Dutch Passion,59.8,Medium,,
Dutch Passion,https://www.cannabis-seeds-bank.co.uk/dutch-passion-seeds-auto-starryder/prod_1972,"['structured', 'description', 'patterns', 'fallback']",2026-01-10T22:24:19.831069,Sex: Feminized,"Dutch Passion Seeds StarRyder is available to buy at the Attitude Seedbank. Discreet worldwide shipping, promotions, giveaways and extra free cannabis seeds souvenirs with every order. For more details visit our site.",Prod_1972,Autoflower,Autoflower,Stash,"cupWinnerTrump"">",Dutch Passion Seeds - StarRyder Auto | Best Quality Marijuana Seeds Souvenirs At Low Prices,Dutch Passion,66.7,High,15-19%,
Dutch Passion,https://www.cannabis-seeds-bank.co.uk/dutch-passion-seeds-sour-fruit-tartare-f1/prod_10114,"['structured', 'description', 'patterns', 'fallback']",2026-01-10T22:24:20.208741,(Fruit Tartare x Rosso Corsa F2) x Sour Tropicana Cookies BX1,"Buy a Pink Banana Runtz from Dutch Passion, and get the Limited edition freebie of Sour Fruit Tartare F1. ",Prod_10114,Autoflower,Autoflower,Stash,"cupWinnerTrump"">",Dutch Passion Seeds Sour Fruit Tartare F1 | Attitude Seedbank UK,Dutch Passion,59.8,Medium,,
Dutch Passion,https://www.cannabis-seeds-bank.co.uk/dutch-passion-seeds-auto-skywalker-haze/prod_7278,"['structured', 'description', 'patterns', 'fallback']",2026-01-10T22:24:20.494822,Skywalker Haze x Auto Amsterdam Amnesia,Attitude Seedbank stocks the best selection of top-quality marijuana seeds. Buy online AUTO Skywalker Haze Seeds by Dutch Passion Seeds.,Prod_7278,Autoflower,Autoflower,Stash,"cupWinnerTrump"">",Dutch Passion Seeds AUTO Skywalker Haze | Attitude Seedbank UK,Dutch Passion,72.4,High,20%,euphoric
Dutch Passion,https://dutch-passion.us/cannabis-seeds/auto-skywalker-haze,"['structured', 'description', 'patterns', 'fallback']",2026-01-10T22:24:20.928937,with Auto Amsterdam Amnesia,"Alongside world-record THC levels of nearly 27%, this sativa dominant autoflower offers XXL yields with an epic fruity haze taste explosion and strong effects.",Auto Skywalker Haze,Autoflower,Autoflower,"400;"">","cup-winners"">",Buy Auto Skywalker Haze Cannabis Seeds | Dutch Passion USA,Dutch Passion,59.8,Medium,,
Dutch Passion,https://www.cannabis-seeds-bank.co.uk/dutch-passion-seeds-skunk-1/prod_3856,"['structured', 'description', 'patterns', 'fallback']",2026-01-10T22:24:21.342825,Afghani x Mexican Acapulco Gold x Columbian Gold,The Attitude Seedbank has now in stock regular Skunk #1 by Dutch Passion at low prices. Place an order securely on our website and get extra free cannabis seeds souvenirs. Discreet worldwide shipping.,Prod_3856,Autoflower,Autoflower,Stash,"awards growers with extremely high yields. Since it's vulnerable to mould in its flowering stage, it is ideal to grow this variety indoors or greenhouses with a darkening system. Skunk #1 is a clear winner of several harvest festivals and in High Times Cannabis Cups.",Dutch Passion - Skunk #1 | Buy Top Quality Regular Marijuana Seeds,Dutch Passion,59.8,Medium,,
Dutch Passion,https://dutch-passion.us/cannabis-seeds/skunk-1,"['structured', 'description', 'patterns', 'fallback']",2026-01-10T22:24:21.744967,are so powerful and strong that they produce Cannabis Cup-winning qualities even in the offspring.,"If you're looking for a very uniform Skunk with consistent XL yields, flavourful buds and a long-lasting potent high, Skunk #1 regular cannabis seeds are for you!",Skunk 1,Autoflower,Autoflower,"400; font-size: 14px; color: #000000;"">Skunk # 1 is a Sativa-dominant hybrid Skunk strain that has served as the starting point for many of today's cannabis varieties. This original and classic cannabis strain (75% Sativa, 25% Indica) is originally a cross of 25% Afghan, 25% Acapulco Gold and 50% Colombian Gold. Inbred from 1978 and now a stabilized homogeneous variety.","cup-winners"">",Buy Skunk #1 Cannabis Seeds | Dutch Passion USA,Dutch Passion,59.8,Medium,,
Dutch Passion,https://www.cannabis-seeds-bank.co.uk/dutch-passion-seeds-shaman/prod_395,"['structured', 'description', 'patterns', 'fallback']",2026-01-10T22:24:22.079086,Purple #1 x Early Skunk,"The Attitude Seedbank has now in stock Shaman by Dutch Passion Seeds. Place an order with us for discreet, secure and fast worldwide shipping. We offer discounts, promotions and extra freebies with every purchase.",Prod_395,Autoflower,Autoflower,Stash,"cupWinnerTrump"">",Dutch Passion Seeds - Shaman | Best Quality And Value Marijuana Seeds Souvenirs At Low Prices,Dutch Passion,59.8,Medium,,
Dutch Passion,https://dutch-passion.us/cannabis-seeds/shaman,"['structured', 'description', 'patterns', 'fallback']",2026-01-10T22:24:22.508108,she is also very suitable for the novice grower.,Shaman is an elegant outdoor strain with clear Sativa traits and a high resistance to bud rot and fungus. Enjoy her stimulating effects in just 8 weeks of bloom!,Shaman,Feminized,Photoperiod,"//dutch-passion.com/en/blog/terpenes-in-cannabis-n890"" rel=""noopener"" target=""_blank"" title=""Cannnabis terpenes guide"">","cup-winners"">",Buy Shaman Cannabis Seeds | Dutch Passion USA,Dutch Passion,59.8,Medium,,
Dutch Passion,https://www.cannabis-seeds-bank.co.uk/dutch-passion-seeds-auto-sfv-og/prod_8446,"['structured', 'description', 'patterns', 'fallback']",2026-01-10T22:24:22.823174,San Fernando Valley OG x Auto Glueberry OG,"Are you enchanted by the strong scent that wafts for miles? Look no further than Auto SFV OG, designed precisely for individuals like you!",Prod_8446,Autoflower,Autoflower,Stash,"cupWinnerTrump"">",Dutch Passion Seeds AUTO SFV OG | Attitude Seedbank UK,Dutch Passion,66.7,High,20.00%,
Dutch Passion,https://www.cannabis-seeds-bank.co.uk/dutch-passion-seeds-auto-red-tropicana-cookies/prod_9798,"['structured', 'description', 'patterns', 'fallback']",2026-01-10T22:24:23.123600,Red Tropicana Cookies x Auto Night Queen,"Ideal for both daytime inspiration and evening relaxation, this strain is a must-try for cannabis enthusiasts seeking flavour, potency, and beauty in one. Donâ€™t miss your chance to experience Dutch Passionâ€™s Auto Red Tropicana Cookies!",Prod_9798,Autoflower,Autoflower,Stash,"award-winning Auto Night Queenâ€”Antonioâ€™s personal favouriteâ€”this hybrid embodies strength, speed, and flavour. The photoperiod Sativa lends vigorous growth and uplifting effects, while the Indica autoflower parent brings structural compactness and a shortened flowering cycle, making this strain a versatile and efficient performer in any grow setup.",Dutch Passion Seeds AUTO Red Tropicana Cookies | Attitude Seedbank UK,Dutch Passion,72.4,High,15.00-24.00%,"relaxing, energetic, creative, uplifting, cerebral"
Dutch Passion,https://dutch-passion.us/cannabis-seeds/auto-red-tropicana-cookies,"['description', 'patterns', 'fallback']",2026-01-10T22:24:23.503450,,"Auto Red Tropicana Cookies is a compact hybrid autoflower with vibrant purple hues, rich terpenes, and standout bag appeal.",Auto Red Tropicana Cookies,Autoflower,Autoflower,"//dutch-passion.us/static/version1767170395/frontend/DutchPassion/Hyva_Dutch/en_US/css/styles.css"" media=""all"" rel=""stylesheet"" type=""text/css""/>","cup-winners"">",Buy Auto Red Tropicana Cookies Cannabis Seeds | Dutch Passion USA,Dutch Passion,50.6,Medium,,
Dutch Passion,https://www.cannabis-seeds-bank.co.uk/dutch-passion-seeds-purple-1/prod_393,"['structured', 'description', 'patterns', 'fallback']",2026-01-10T22:24:23.803925,Sex: Regular & Feminized,Dutch Passion Seeds Purple #1 is now available to buy at the Attitude Seedbank at low prices. Visit our website to check out the whole range of the range of best cannabis seeds available in the UK. We ship worldwide.,Prod_393,Autoflower,Autoflower,Stash,"cupWinnerTrump"">",Dutch Passion Seeds - Purple #1 | Top Quality Medical Cannabis Seeds Souvenirs At Low Prices UK,Dutch Passion,59.8,Medium,,
Dutch Passion,https://www.cannabis-seeds-bank.co.uk/dutch-passion-seeds-auto-power-plant/prod_7032,"['structured', 'description', 'patterns', 'fallback']",2026-01-10T22:24:24.080115,Sex: Feminized,Experience the very best in quality marijuana strains from Dutch Passion Seeds. Buy online Auto Power Plant Cannabis Seeds at the Attitude Seedbank UK.,Prod_7032,Autoflower,Autoflower,Stash,"cupWinnerTrump"">",Dutch Passion Seeds AUTO Power Plant | Cannabis Seeds,Dutch Passion,59.8,Medium,,
Dutch Passion,https://www.cannabis-seeds-bank.co.uk/dutch-passion-seeds-power-plant/prod_392,"['structured', 'description', 'patterns', 'fallback']",2026-01-10T22:24:24.363091,Sex: Regular & Feminized,"The Attitude Seedbank has now in stock Power Plant by Dutch Passion Seeds at low prices. Place an order securely online or over the phone for discounts, promotions and extra freebies. We offer discreet, secure and fast worldwide shipping.",Prod_392,Autoflower,Autoflower,Stash,"cupWinnerTrump"">",Dutch Passion Seeds - Power Plant | Top Quality Medical Marijuana Seeds Souvenirs At Low Prices,Dutch Passion,65.5,High,,uplifting
Dutch Passion,https://dutch-passion.us/cannabis-seeds/power-plant,"['structured', 'description', 'patterns', 'fallback']",2026-01-10T22:24:24.819823,of this strain originate from South Africa and are very stable,Our original South African Power Plant has never been hybridized and is exclusively available at Dutch Passion in the form of photoperiod or regular seeds.,Power Plant,Feminized,Photoperiod,"block; margin-left: auto; margin-right: auto; width: 500px; height: 500px;"" width=""500""/>","cup-winners"">",Buy Power Plant Cannabis Seeds | Dutch Passion USA,Dutch Passion,59.8,Medium,,
Dutch Passion,https://www.cannabis-seeds-bank.co.uk/dutch-passion-seeds-pink-banana-runtz/prod_10076,"['structured', 'description', 'patterns', 'fallback']",2026-01-10T22:24:25.140367,Banana Z x Gelato #33,"Pink Banana Runtz is an Indica-dominant hybrid from Antonio by Dutch Passion, created by crossing Banana Z and Gelato #33. This limited-edition strain offers large, resinous buds, sweet, creamy terpenes, XL yields, and a powerful, long-lasting euphoric high.",Prod_10076,Autoflower,Autoflower,"//www.cannabis-seeds-bank.co.uk/dutch-passion-seeds-pink-banana-runtz/prod_10076"" rel=""canonical""/>","cupWinnerTrump"">",Dutch Passion Seeds Pink Banana Runtz | Premium Cannabis Genetics,Dutch Passion,72.4,High,20-25%,"euphoric, relaxing"
Dutch Passion,https://www.cannabis-seeds-bank.co.uk/dutch-passion-seeds-passion-1/prod_389,"['structured', 'description', 'patterns', 'fallback']",2026-01-10T22:24:25.441301,Amstel Gold,"Dutch Passion Seeds Passion #1 is available to buy at the Attitude Seedbank at low prices. Place an order securely online or over the phone. We offer discounts, promotions and extra freebies.",Prod_389,Autoflower,Autoflower,Stash,"cupWinnerTrump"">",Dutch Passion Seeds - Passion #1 | Buy Securely Online Best Quality Medical Cannabis Seeds,Dutch Passion,66.7,High,20%,
Dutch Passion,https://dutch-passion.us/cannabis-seeds/passion-1,"['structured', 'description', 'patterns', 'fallback']",2026-01-10T22:24:25.856204,used to breed Passion #1 guarantee the following traits:,"Passion #1 is a vigorous, fast-flowering outdoor cannabis strain with epic yields, very high THC levels and a fresh tart aroma of lemon, lime and spicy notes.",Passion 1,Autoflower,Autoflower,"400;"">Passion #1 is one of the most potent cannabis strain of our Dutch Outdoor collection with THC levels climbing up between 15% and 20% on average.","cup-winners"">",Buy Passion #1 Cannabis Seeds | Dutch Passion USA,Dutch Passion,59.8,Medium,,
Dutch Passion,https://www.cannabis-seeds-bank.co.uk/dutch-passion-seeds-orange-hill-special/prod_2742,"['structured', 'description', 'patterns', 'fallback']",2026-01-10T22:24:26.188689,Orange Bud x Californian Orange,"Dutch Passion Seeds Orange Hill Special is available to buy securely online at The Attitude Seedbank website or over the phone. Shop with us for discounts, promotions and extra freebies. We offer discreet, secure and fast worldwide shipping.",Prod_2742,Autoflower,Autoflower,Stash,"cupWinnerTrump"">",Dutch Passion Seeds - Orange Hill Special | Purchase Premium Quality Cannabis Seeds Souvenirs At Low Prices UK,Dutch Passion,72.4,High,21.00%,body
Dutch Passion,https://dutch-passion.us/cannabis-seeds/orange-hill-special,"['structured', 'description', 'patterns', 'fallback']",2026-01-10T22:24:26.579570,from our beloved Orange Bud and California Orange. This cross has been further stabilized for 6 generations to achieve a completely new and stable Orange variety. This variety is 50% indica,Our Orange Hill Special cannabis seed variety was bred over 6 generations to offer Skunk enthusiasts with an easy-to-grow THC bomb with an explosive taste!,Orange Hill Special,Feminized,Photoperiod,"block; margin-left: auto; margin-right: auto; width: 500px; height: 500px;"" width=""500""/>","cup-winners"">",Buy Orange Hill Special Cannabis Seeds | Dutch Passion USA,Dutch Passion,59.8,Medium,,
Dutch Passion,https://dutch-passion.us/cannabis-seeds/auto-orange-bud,"['structured', 'description', 'patterns', 'fallback']",2026-01-10T22:24:27.117210,used for Auto Orange Bud guarantees the following properties:,"Bred over 12 generations, this stable sativa autoflower offers just as great harvests as our photoperiod Orange Bud in terms of bag appeal, potency and flavor.",Auto Orange Bud,Autoflower,Autoflower,"400; font-size: 14px; color: #000000;"">The Dutch Passion master breeder responsible for our best autoflowers such as Auto Mazar, Auto Ultimate and Auto Daiquiri Lime, went the extra mile to create Auto Orange Bud. First, a selected male autoflower specimen of Auto Daiquiri Lime was crossed with our photoperiod Orange Bud.","cup-winners"">",Buy Auto Orange Bud Cannabis Seeds | Dutch Passion USA,Dutch Passion,59.8,Medium,,
Dutch Passion,https://www.cannabis-seeds-bank.co.uk/dutch-passion-seeds-orange-bud/prod_386,"['structured', 'description', 'patterns', 'fallback']",2026-01-10T22:24:27.435829,Classic Skunk,"The Attitude Seedbank offers discreet, fast and secure worldwide shipping of Orange Bud by Dutch Passion Seeds. Shop with us for best quality and lowest prices. We offer discounts, promotions and extra freebies.",Prod_386,Autoflower,Autoflower,Stash,"cupWinnerTrump"">",Dutch Passion Seeds - Orange Bud | Medical Marijuana Seeds Souvenirs At Low Prices UK,Dutch Passion,66.7,High,15-20%,
Dutch Passion,https://dutch-passion.us/cannabis-seeds/orange-bud,"['structured', 'description', 'patterns', 'fallback']",2026-01-10T22:24:27.900231,used to create Orange Bud ensure the following characteristics :,"Discovered in the early 80â€™s, Orange Bud is one of the very few remaining original Skunk genetics available on earth. A must-have for any fan of orange cannabis strains.",Orange Bud,Autoflower,Autoflower,"400;"">Orange Bud is a plant that produces premium quality buds. Even new growers will find Orange Bud seeds easy and pleasurable to grow. She produces generous levels of dense, hard buds covered in crystals and beautiful orange hairs. Many repeat growers of Orange Bud cannabis seeds claim the main reason they love her so much is due to the uniquely sweet, citrus skunky terpene profile. The rich scent is appealing and attention grabbing, making you want to squeeze the oily buds and enjoy the penetrating and gloriously enjoyable aroma. These are some of the most powerful, feel-good buds you will have ever enjoyed smoking/vaping. The great scent of juicy, freshly picked nectarines is one you will never forget.","cup-winners"">",Buy Orange Bud Cannabis Seeds | Dutch Passion USA,Dutch Passion,59.8,Medium,,
Dutch Passion,https://www.cannabis-seeds-bank.co.uk/dutch-passion-seeds-auto-oh-my-gusher/prod_8445,"['structured', 'description', 'patterns', 'fallback']",2026-01-10T22:24:28.220237,(Gusher: Triangle Kush x Gelato) x Auto Brooklyn Sunrise,"Whether you are a novice or a seasoned grower in search of an autoflower strain to impress your companions, Auto Oh My Gusher should undoubtedly find its place in your grow room!",Prod_8445,Autoflower,Autoflower,Stash,"cupWinnerTrump"">",Dutch Passion Seeds AUTO Oh My Gusher | Attitude Seedbank UK,Dutch Passion,59.8,Medium,,
Dutch Passion,https://www.cannabis-seeds-bank.co.uk/dutch-passion-seeds-auto-night-queen/prod_4009,"['structured', 'description', 'patterns', 'fallback']",2026-01-10T22:24:28.506887,Night Queen x Automatic Mazar,"Dutch Passion Seeds AutoNight Queen feminized marijuana seeds are now in stock at The Attitude Seedbank - best online store with widest collection of medical cannabis seeds souvenirs. Place an order securely online or over the phone. Shop with us for discounts, promotions and extra freebies.",Prod_4009,Autoflower,Autoflower,Stash,"award winning Indica Night Queen. She was created from highly resinous and their strongest indicas ever variety - Dutch Passion Afghani Night Queen. She won 1st Prize at the 2015 Champions Cup in Malaga. To obtain AutoNight Queen, Dutch Passion crossed a specially selected clone from the original photoperiod Night Queen and crossed her with a dark Automatic Mazar hybrid from their gene bank. AutoNight Queen inherited premium strength sticky kush harvests which are well above average in quality and quantity. Rich hash scents of this Afghan Kush can be discovered. This potent autofem strain will cause an unusually heavy and long-lasting effect which is popular with medical and recreational users. Smooth and sweet tasting variety with a maximum potency.",AutoNight Queen - Dutch Passion Seeds Z,Dutch Passion,66.7,High,15%,
Dutch Passion,https://www.cannabis-seeds-bank.co.uk/dutch-passion-seeds-auto-mokums-tulip/prod_7798,"['structured', 'description', 'patterns', 'fallback']",2026-01-10T22:24:28.805547,Mokum's Tulip x Auto Colorado Cookies,Here's one of the treasures from the Dutch Passion. AUTO Mokum's Tulip is now in stock. Buy it online at Attitude Seedbank UK.,Prod_7798,Autoflower,Autoflower,Stash,"cupWinnerTrump"">",Dutch Passion Seeds AUTO Mokum's Tulip | Attitude Seedbank UK,Dutch Passion,72.4,High,15-20%,"euphoric, relaxing, calming"
Dutch Passion,https://www.cannabis-seeds-bank.co.uk/dutch-passion-seeds-auto-mimosa-punch/prod_7706,"['structured', 'description', 'patterns', 'fallback']",2026-01-10T22:24:29.154260,Mimosa (Clementine X Purple Punch) X Auto Purple Punch,"Dutch Passion Seeds Auto Mimosa Punch cannabis seeds are available to buy at The Attitude Seedbank. Worldwide shipping, discreet shipping, freebies and promotions.",Prod_7706,Autoflower,Autoflower,Stash,"cupWinnerTrump"">",Dutch Passion Seeds | Dutch Passion Seeds Auto Mimosa Punch Cannabis Seeds,Dutch Passion,59.8,Medium,,
Dutch Passion,https://dutch-passion.us/cannabis-seeds/auto-mimosa-punch,"['structured', 'description', 'patterns', 'fallback']",2026-01-10T22:24:29.556628,of the famous 'Mimosa',Sip on the sweet success of super terpy harvests combined with a gorgeous bag appeal and very high THC levels with our Mimosa X Auto Purple Punch cross.,Auto Mimosa Punch,Autoflower,Autoflower,"400;"">","cup-winners"">",Buy Auto Mimosa Punch Cannabis Seeds | Dutch Passion USA,Dutch Passion,59.8,Medium,,
Dutch Passion,https://dutch-passion.us/cannabis-seeds/meringue,"['structured', 'description', 'patterns', 'fallback']",2026-01-10T22:24:30.008004,.,The genetic lineage of Meringue (Wedding Cake X Animal Cookies) ensure generous yields of compact buds with a sweet tangy aroma and +20% THC levels.,Meringue,Feminized,Photoperiod,"block; margin-left: auto; margin-right: auto; width: 500px; height: 500px;"" width=""500""/>","cup-winners"">",Buy Meringue Cannabis Seeds | Dutch Passion USA,Dutch Passion,50.6,Medium,,
Dutch Passion,https://www.cannabis-seeds-bank.co.uk/dutch-passion-seeds-auto-melonade-runtz/prod_8823,"['structured', 'description', 'patterns', 'fallback']",2026-01-10T22:24:30.367649,Auto Pink Runtz x Melonade (Lemon Z x Lemon Tree),"Are you enchanted by the strong scent that wafts for miles? Look no further than Melonade Runtz OG, designed precisely for individuals like you!",Prod_8823,Autoflower,Autoflower,Stash,"cupWinnerTrump"">",Dutch Passion Seeds AUTO Melonade Runtz | Attitude Seedbank UK,Dutch Passion,59.8,Medium,,
Dutch Passion,https://dutch-passion.us/cannabis-seeds/auto-melonade-runtz,"['structured', 'description', 'patterns', 'fallback']",2026-01-10T22:24:30.754833,. The dried buds have nice bag appeal and a commercial look.,Auto Melonade Runtz is the gold-standard of contemporary autoflowers. A strong and robust hybrid with sturdy branching and fruity/creamy buds rich in THC.,Auto Melonade Runtz,Autoflower,Autoflower,"400;"">","cup-winners"">",Buy Auto Melonade Runtz Cannabis Seeds | Dutch Passion USA,Dutch Passion,59.8,Medium,,
Dutch Passion,https://dutch-passion.us/cannabis-seeds/melonade-runtz,"['structured', 'description', 'patterns', 'fallback']",2026-01-10T22:24:31.281769,. This USA cross is made with our cannabis cup winning Lemon Z genetics,"Melonade Runtz is a triple-cross of our cannabis cup winning Lemon Z, Lemon Tree and Runtz. She guarantees top notch harvests loaded with trichomes and THC.",Melonade Runtz,Feminized,Photoperiod,"400;"">","cup winning Lemon Z, Lemon Tree and Runtz. She guarantees top notch harvests loaded with trichomes and THC."" name=""description""/>",Buy Melonade Runtz Cannabis Seeds | Dutch Passion USA,Dutch Passion,59.8,Medium,,
Dutch Passion,https://www.cannabis-seeds-bank.co.uk/dutch-passion-seeds-auto-mazar/prod_358,"['structured', 'description', 'patterns', 'fallback']",2026-01-10T22:24:31.587442,Mazar (Unknown Ruderalis x Unknown Indica),Dutch Passion Seeds AutoMazar is available to buy at the Attitude Seedbank. Visit our website to check out the whole range of cannabis seeds. We ship worldwide.,Prod_358,Autoflower,Autoflower,Stash,"cupWinnerTrump"">",Dutch Passion Seeds AutoMazar,Dutch Passion,59.8,Medium,,
Dutch Passion,https://www.cannabis-seeds-bank.co.uk/dutch-passion-seeds-mazar/prod_383,"['structured', 'description', 'patterns', 'fallback']",2026-01-10T22:24:31.880431,Afghani x Skunk #1,"The Attitude Seedbank offers discreet, fast and secure worldwide shipping of Mazar by Dutch Passion Seeds. Shop with us securely online or over the phone. We offer discounts, promotions and extra freebies with every purchase.",Prod_383,Autoflower,Autoflower,Stash,"cupWinnerTrump"">",Dutch Passion Seeds - Mazar | Buy Best Quality Marijuana Seeds At Low Prices UK,Dutch Passion,66.7,High,20%,
Dutch Passion,https://dutch-passion.us/cannabis-seeds/mazar,"['structured', 'description', 'patterns', 'fallback']",2026-01-10T22:24:32.257486,makes this one of the most potent Indica dominant hybrids you will encounter.,"Mazar is a robust Afghani Kush strain from the 1990's with thick, heavy buds and a pungent, earthy hash aroma. Available as photoperiod and regular seeds.",Mazar,Autoflower,Autoflower,"400;"">Mazar flowers for around 8 weeks on average, but there are some phenotypes that need just a little longer, maximum around 9-10 weeks. These are usually the slightly more hybrid plants with just a little more Skunk genetics. It is a compact cannabis variety with a small to medium stretch during the flowering phase. The strain continues to grow for about 2-3 weeks after the light cycle has changed to 12/12. From week 4, the plants start to smell very strongly. Keep this in mind when you grow indoors because the pungent Kush scent is best handled by new carbon filters.","cup-winners"">",Buy Mazar Cannabis Seeds | Dutch Passion USA,Dutch Passion,59.8,Medium,,
Dutch Passion,https://www.cannabis-seeds-bank.co.uk/dutch-passion-seeds-masterkush/prod_382,"['structured', 'description', 'patterns', 'fallback']",2026-01-10T22:24:32.578444,Sex: Regular & Feminized,"The Attitude Seedbank has now in stock Masterkush by Dutch Passion Seeds at low prices. Shop with us for discounts, promotions and extra freebies. Purchase your seeds with us at low prices. Best quality medical cannabis seeds souvenirs.",Prod_382,Autoflower,Autoflower,Stash,"cupWinnerTrump"">",Dutch Passion Seeds - Masterkush | Buy Securely Online Best Quality Marijuana Seeds UK,Dutch Passion,59.8,Medium,,
Dutch Passion,https://dutch-passion.us/cannabis-seeds/auto-mac-1,"['structured', 'description', 'patterns', 'fallback']",2026-01-10T22:24:32.952500,while making this American cultivar produce even bigger (autoflower) harvests! MAC stands for Miracle Alien Cookies and is a mix of an Alien Cookies,"Grown indoors or outdoors, this next-gen resinous hybrid (Miracle Alien Cookies x Auto Think Different) rewards you with XL yields of trichome loaded buds.",Auto Mac 1,Autoflower,Autoflower,"block; margin-left: auto; margin-right: auto; width: 500px; height: 500px;"" width=""500""/>","cup-winners"">",Buy Auto Mac #1 Cannabis Seeds | Dutch Passion USA,Dutch Passion,59.8,Medium,,
Dutch Passion,https://www.cannabis-seeds-bank.co.uk/dutch-passion-seeds-auto-mac-1/prod_8444,"['structured', 'description', 'patterns', 'fallback']",2026-01-10T22:24:33.365546,Miracle Alien Cookies x Auto Think Different,"If you're looking for the most visually stunning buds that will leave everyone in awe, the Auto Mac #1 seeds are the perfect choice! Visit the Attitude Seedbank UK and place your order today!",Prod_8444,Autoflower,Autoflower,Stash,"cupWinnerTrump"">",Dutch Passion Seeds AUTO MAC #1 | Attitude Seedbank UK,Dutch Passion,66.7,High,20.00%,
Dutch Passion,https://www.cannabis-seeds-bank.co.uk/dutch-passion-seeds-auto-lemon-kix-aka-auto-lemon-zkittle/prod_5934,"['structured', 'description', 'patterns', 'fallback']",2026-01-10T22:24:33.725525,Sex: Feminized,Auto Lemon Kix aka Auto Lemon Zkittle by Dutch Passion Seeds is now in stock at The Attitude Seedbank. Place an order securely online or over the phone. Pay with bank transfer or crypto currency to receive additional free marijuana seeds souvenirs. Money order will give you additional discount. Visit our website for more details. ,Prod_5934,Autoflower,Autoflower,Stash,"cupWinnerTrump"">","Dutch Passion Seeds - AUTO Lemon Kix aka AUTO Lemon Zkittle | Discounts, Promotions and Extra Freebies",Dutch Passion,72.4,High,21%,euphoric
Dutch Passion,https://dutch-passion.us/cannabis-seeds/lemon-z,"['structured', 'description', 'patterns', 'fallback']",2026-01-10T22:24:34.115356,in this new crossing has made this feminized cannabis seed variety more stable and slightly faster in terms of flowering time. But with the same tasty,"Lemon Z is an improved and further stabilized version of our former cannabis-cup winning Original Z genetics. Expect XL yields of sweet, sour compact buds.",Lemon Z,Feminized,Photoperiod,"14px;"">The combination of Lemon Skunk with the Original Z and Lemon Tree genetics give this strain an excellent flavor profile and exceptional potency. The extremely high THC content averages around 20%, but in many cases, it can be even higher.","cup winning Original Z genetics. Expect XL yields of sweet, sour compact buds."" name=""description""/>",Buy Lemon Z Cannabis Seeds | Dutch Passion USA,Dutch Passion,59.8,Medium,,
Dutch Passion,https://www.cannabis-seeds-bank.co.uk/dutch-passion-seeds-la-lybella/prod_381,"['structured', 'description', 'patterns', 'fallback']",2026-01-10T22:24:34.442685,Sex: Feminized,"The Attitude Seedbank has now in stock feminized La Lybella by Dutch Passion Seeds. Purchase your goods at low prices securely online or over the phone. Shop with us for discounts, promotions and extra freebies. For more info visit our website.",Prod_381,Autoflower,Autoflower,Stash,"cupWinnerTrump"">",Dutch Passion Seeds - La Lybella | Best Quality Medical Cannabis Seeds At Low Prices UK,Dutch Passion,59.8,Medium,,
Dutch Passion,https://www.cannabis-seeds-bank.co.uk/dutch-passion-seeds-auto-kerosene-krash/prod_7797,"['structured', 'description', 'patterns', 'fallback']",2026-01-10T22:24:34.730526,Kerosene Krash x (Kerosene Krash x Auto Glueberry OG),Here's one of the treasures from Dutch Passion. AUTO Kerosene Krash is now in stock. Buy it online at the Attitude Seedbank UK.,Prod_7797,Autoflower,Autoflower,Stash,"cupWinnerTrump"">",Dutch Passion Seeds AUTO Kerosene Krash | Attitude Seedbank UK,Dutch Passion,72.4,High,18-25%,body
Dutch Passion,https://dutch-passion.us/cannabis-seeds/auto-kerosene-krash,"['structured', 'description', 'patterns', 'fallback']",2026-01-10T22:24:35.092327,into an autoflower,Ignite your autoflowering cultivar with this fuel-infused award-winning cross (Kerosene Krash x (Kerosene Krash x Auto Glueberry O.G.)) boasting +20% THC.,Auto Kerosene Krash,Autoflower,Autoflower,"400;"">","award-winning cross (Kerosene Krash x (Kerosene Krash x Auto Glueberry O.G.)) boasting +20% THC."" name=""description""/>",Buy Auto Kerosene Krash Cannabis Seeds | Dutch Passion USA,Dutch Passion,59.8,Medium,,
Dutch Passion,https://dutch-passion.us/cannabis-seeds/kerosene-krash,"['structured', 'description', 'patterns', 'fallback']",2026-01-10T22:24:35.551577,from the USA. As mentioned earlier,"Issued from Gorilla Glue #4 X Sherbet, Kerosene Krash promises unsurpassed quality in terms of yields, aroma, taste and effect within only 8 week of bloom.",Kerosene Krash,Feminized,Photoperiod,"400;"">","cup-winners"">",Buy Kerosene Krash Cannabis Seeds | Dutch Passion USA,Dutch Passion,59.8,Medium,,
Dutch Passion,https://dutch-passion.us/cannabis-seeds/ice-cream-haze,"['structured', 'description', 'patterns', 'fallback']",2026-01-10T22:24:35.980338,.,Ice Cream Haze is a vigorous and high yielding F1 hybrid cross (Crockett's Haze x Ice Cream Cake) available as feminized and regular cannabis seeds.,Ice Cream Haze,Feminized,Photoperiod,"400;"">","cup-winners"">",Buy Ice Cream Haze Cannabis Seeds | Dutch Passion USA,Dutch Passion,50.6,Medium,,
Dutch Passion,https://www.cannabis-seeds-bank.co.uk/dutch-passion-seeds-hollands-hope/prod_377,"['structured', 'description', 'patterns', 'fallback']",2026-01-10T22:24:36.331767,Sex: Regular & Feminized,Dutch Passion Seeds Holland's Hope is available to buy at the Attitude Seedbank. Visit our website to see the whole range of cannabis seeds. We ship worldwide.,Prod_377,Autoflower,Autoflower,Stash,"cupWinnerTrump"">",Dutch Passion Seeds - Hollands Hope | Buy Securely Best Quality Medical Marijuana Seeds At Low Prices,Dutch Passion,59.8,Medium,,
Dutch Passion,https://dutch-passion.us/cannabis-seeds/hollands-hope,"['structured', 'description', 'patterns', 'fallback']",2026-01-10T22:24:36.829644,used to breed Hollands Hope guarantees the following traits:,"Grown outdoors since the 1980's, Hollands Hope is a robust photoperiod known worldwide for her resistance to harsh climates and old school taste & effects.",Hollands Hope,Autoflower,Autoflower,"400;"">On top of her ability to withstand a wide array of tough climates, this indica-dominant cannabis seed variety produces high levels of THC (10-15%).","cup-winners"">",Buy Hollands Hope Cannabis Seeds | Dutch Passion USA,Dutch Passion,59.8,Medium,,
Dutch Passion,https://dutch-passion.us/cannabis-seeds/gmo-fast,"['structured', 'description', 'patterns', 'fallback']",2026-01-10T22:24:37.391882,. When grown indoors,GMO Fast is a so-called â€˜fastâ€™ feminized seed version of Garlic Cookies. Initial lab results indicated THC levels of 22-23% in just about 7 to 8 weeks!,Gmo Fast,Feminized,Photoperiod,"14px;"">Initial lab results indicated THC levels of around 22-23%. And all that in a very rapid flowering period thanks to the recessive (â€˜fastâ€™) autoflowering genetics. When grown indoors, she will be ready for harvest around 7-8 weeks after flipping the cannabis light cycle to 12/12.","cup-winners"">",Buy GMO Fast Cannabis Seeds | Dutch Passion USA,Dutch Passion,59.8,Medium,,
Dutch Passion,https://www.cannabis-seeds-bank.co.uk/dutch-passion-seeds-auto-glueberry-o-g/prod_4640,"['structured', 'description', 'patterns', 'fallback']",2026-01-10T22:24:37.747089,(Gorilla Glue x O.G.) x Auto Blueberry,"Auto Glueberry OG from Dutch Passion Seeds is now in stock at The Attitude Seedbank - best online store with widest collection of best medical cannabis seeds souvenirs available in the UK. We offer discounts, promotions and extra freebies with every purchase. More details on our website.",Prod_4640,Autoflower,Autoflower,Stash,"cupWinnerTrump"">",Dutch Passion - AUTO Glueberry O.G. | Shop For Premium Quality Marijuana Seeds UK,Dutch Passion,59.8,Medium,,
Dutch Passion,https://dutch-passion.us/cannabis-seeds/auto-glueberry-o-g,"['structured', 'description', 'patterns', 'fallback']",2026-01-10T22:24:38.199499,have the same growth potential as our Auto Ultimate,"Grow this Glueberry O.G. X Auto Blueberry cross for robust plants, potent buds, and a balanced high. Easy to cultivate, delivering exceptional quality and flavor.",Auto Glueberry O G,Autoflower,Autoflower,"block; margin-left: auto; margin-right: auto; width: 500px; height: 500px;"" width=""500""/>","cup-winners"">",Buy Auto Glueberry O.G. Cannabis Seeds | Dutch Passion USA,Dutch Passion,59.8,Medium,,
Dutch Passion,https://www.cannabis-seeds-bank.co.uk/dutch-passion-seeds-auto-frozen-biscotti/prod_9643,"['structured', 'description', 'patterns', 'fallback']",2026-01-10T22:24:38.551214,Auto Oreoz OG x Biscotti,"With a potency of around 20% THC, dense buds, and exceptional bag appeal, Auto Frozen Biscotti is a top-tier choiceâ€” worthy of any coffeeshop or dispensary menu.",Prod_9643,Autoflower,Autoflower,Stash,"cupWinnerTrump"">",Dutch Passion Seeds AUTO Frozen Biscotti | Attitude Seedbank UK,Dutch Passion,66.7,High,20%,
Dutch Passion,https://dutch-passion.us/cannabis-seeds/auto-frozen-biscotti,"['structured', 'description', 'patterns', 'fallback']",2026-01-10T22:24:39.001852,are often dominant in this autoflowering cross and you can taste this in the flavor.,"Auto Frozen Biscotti (Auto Oreoz OG x Biscotti) is a compact USA autoflower strain with XL yields of frosty THC-rich buds with a pungent terpene profile.
",Auto Frozen Biscotti,Autoflower,Autoflower,"//dutch-passion.us/static/version1767170395/frontend/DutchPassion/Hyva_Dutch/en_US/css/styles.css"" media=""all"" rel=""stylesheet"" type=""text/css""/>","cup-winners"">",Buy Auto Frozen Biscotti Cannabis Seeds | Dutch Passion USA,Dutch Passion,59.8,Medium,,
Dutch Passion,https://www.cannabis-seeds-bank.co.uk/dutch-passion-seeds-auto-forbidden-cherry/prod_8240,"['structured', 'description', 'patterns', 'fallback']",2026-01-10T22:24:39.332038,Purple #1 x (Auto Forbidden Fruit x Cherry Pie),Find your favourite marijuana seed banks online at the Attitude Seedbank UK including Dutch Passion. Buy online AUTO Forbidden Cherry cannabis seeds. ,Prod_8240,Autoflower,Autoflower,Stash,"cupWinnerTrump"">",Dutch Passion Seeds AUTO Forbidden Cherry | Attitude Seedbank UK,Dutch Passion,65.5,High,,"relaxing, uplifting, cerebral, body"
Dutch Passion,https://dutch-passion.us/cannabis-seeds/auto-forbidden-cherry,"['structured', 'description', 'patterns', 'fallback']",2026-01-10T22:24:39.736818,used for Auto Forbidden Cherry guarantee the following properties:,"Experience the sweet taste of Auto Forbidden Cherry. Fast-growing, high-yielding autoflower seeds producing delightful heavy harvests indoors and outdoors.",Auto Forbidden Cherry,Autoflower,Autoflower,"//dutch-passion.us/media/.renditions/wysiwyg/Auto-Forbidden-Cherry-cannabinoids-terpenes-profile.jpg"" style=""display: block; margin-left: auto; margin-right: auto; width: 500px; height: 500px;"" width=""500""/>","cup-winners"">",Buy Auto Forbidden Cherry Cannabis Seeds | Dutch Passion USA,Dutch Passion,59.8,Medium,,
Dutch Passion,https://www.cannabis-seeds-bank.co.uk/dutch-passion-seeds-auto-euforia/prod_3450,"['structured', 'description', 'patterns', 'fallback']",2026-01-10T22:24:40.089386,Euforia x (Skunk x Unknown Ruderalis),Buy top cannabis Dutch Passion Seeds online. Shop for AUTO Euforia seeds at The Attitude Seed Bank UK. Wide range of autoflowering marijuana seeds for sale. Fast delivery and unbeatable prices.,Prod_3450,Autoflower,Autoflower,Stash,"cupWinnerTrump"">",AUTO Euforia Dutch Passion Autoflowering Cannabis Seeds,Dutch Passion,65.5,High,,euphoric
Dutch Passion,https://dutch-passion.us/cannabis-seeds/auto-euforia,"['structured', 'description', 'patterns', 'fallback']",2026-01-10T22:24:40.487631,so well loved.,Looking for an authentic autoflowering Skunk with outstanding performances indoors and outdoors? Auto Euforia (1990's Euforia X Automatic Skunk) is a must! ,Auto Euforia,Autoflower,Autoflower,"400;"">","cup-winners"">",Buy Auto Euforia Cannabis Seeds | Dutch Passion USA,Dutch Passion,59.8,Medium,,
Dutch Passion,https://www.cannabis-seeds-bank.co.uk/dutch-passion-seeds-euforia/prod_372,"['structured', 'description', 'patterns', 'fallback']",2026-01-10T22:24:40.807888,Skunk,"Euforia by Dutch Passion is now in stock at the Attitude Seedbank website at low prices. We offer discreet, secure and fast worldwide shipping. Place an order securely online or over the phone for discounts, promotions and extra freebies with every purchase.",Prod_372,Autoflower,Autoflower,Stash,Winner of a 2nd place in High Times Cannabis Cup in 2000 and 1st place of Highlife Cup in 2002.,Dutch Passion Seeds - Euforia | Premium Quality Medical Marijuana Seeds At Low Prices,Dutch Passion,66.7,High,20%,
Dutch Passion,https://dutch-passion.us/cannabis-seeds/euforia,"['structured', 'description', 'patterns', 'fallback']",2026-01-10T22:24:41.165208,that are easy to grow,Euforia is a very special Sativa dominant Skunk with a pleasant euphoric high. These classic 1990's genetics also delivers XL yields in only 8 weeks of bloom.,Euforia,Autoflower,Autoflower,"400; font-size: 14px; color: #000000;"">Euforia is a Sativa-dominant strain discovered in the 1990s during a Skunk selection program. She initially stood out for her long resin-soaked buds and good yields. After testing the samples, her unique euphoric high came into the picture. In addition, it is known that her powerful up-high can last for a long time.","cup-winners"">",Buy Euforia Cannabis Seeds | Dutch Passion USA,Dutch Passion,59.8,Medium,,
Dutch Passion,https://dutch-passion.us/cannabis-seeds/durban-poison,"['structured', 'description', 'patterns', 'fallback']",2026-01-10T22:24:41.595903,which are easy to grow.,The original Durban Poison cannabis seeds are fully proven cornerstone landrace Sativa genetics tough enough to cope with the most extreme growing conditions.,Durban Poison,Feminized,Photoperiod,"400; font-size: 14px; color: #000000;"">Durban Poison is a classic indoor and outdoor variety, tough enough for outdoor cannabis growing even in extreme Northern/Southern latitudes. Durban Poison seeds come originally from South Africa and were inbred over many years during the 70â€™s. With each following generation, Durban Poison became increasingly adapted to the windy and rainy conditions of Northern Europe. Outdoor she has the potential to become really big. Heights above 3m are not unusual. Indoors she will stretch a great deal, so some form of height management is advised.","cup-winners"">",Buy Durban Poison Cannabis Seeds | Dutch Passion USA,Dutch Passion,59.8,Medium,,
Dutch Passion,https://www.cannabis-seeds-bank.co.uk/dutch-passion-seeds-durban-poison/prod_369,"['structured', 'description', 'patterns', 'fallback']",2026-01-10T22:24:41.889508,Durban Poison,"Durban Poisson by Dutch Passion Seeds is now in stock at The Attitude Seebank - best online store with widest collection of marijuana seeds. Place an order securely online or over the phone. Shop with us for discounts, promotions and extra freebies.",Prod_369,Autoflower,Autoflower,Stash,"cupWinnerTrump"">",Dutch Passion Seeds - Durban Poison | Buy Securely Online Best Quality Medical Marijuana Seeds,Dutch Passion,59.8,Medium,,
Dutch Passion,https://www.cannabis-seeds-bank.co.uk/dutch-passion-seeds-auto-duck/prod_4671,"['structured', 'description', 'patterns', 'fallback']",2026-01-10T22:24:42.184959,Frisian Duck x Auto White Widow,Best autoflowering marijuana seeds for sale. Shop for new Dutch Passion Auto Duck Feminized Cannabis Seeds. Buy online or order over the phone.,Prod_4671,Autoflower,Autoflower,Stash,"cupWinnerTrump"">",AUTO Duck - Dutch Passion Automatic Feminized Seeds,Dutch Passion,59.8,Medium,,
Dutch Passion,https://www.cannabis-seeds-bank.co.uk/dutch-passion-seeds-auto-desfran/prod_5933,"['structured', 'description', 'patterns', 'fallback']",2026-01-10T22:24:42.572250,Sex: Feminized,Automatic Desfran by Dutch Passions Seeds is now available to order securely online or over the phone. Place an order with us securely online or over the phone. Get additional freebies for bank transfer or crypto currency payment. Extra discount for money order. For more details visit our website. ,Prod_5933,Autoflower,Autoflower,Stash,"cupWinnerTrump"">","Dutch Passion Seeds - AUTO Desfran | Extra Freebies, Discounts and Promotions",Dutch Passion,66.7,High,18%,
Dutch Passion,https://dutch-passion.us/cannabis-seeds/desfran,"['structured', 'description', 'patterns', 'fallback']",2026-01-10T22:24:43.009340,have won quite a few cups over the years.,"DesfrÃ¡n is a fast-growing pure Sativa backcross of Destroyer with epic yields, very high THC and a special combo of apple, pear, honey and caramel notes.",Desfran,Autoflower,Autoflower,"block; margin-left: auto; margin-right: auto; width: 500px; height: 265px;"" width=""500""/>","cup-winners"">",Buy DesfrÃ¡n Cannabis Seeds | Dutch Passion USA,Dutch Passion,59.8,Medium,,
Dutch Passion,https://www.cannabis-seeds-bank.co.uk/dutch-passion-seeds-auto-daiquiri-lime/prod_4008,"['structured', 'description', 'patterns', 'fallback']",2026-01-10T22:24:43.343888,Californian Orange x Sour Diesel,Premium quality cannabis seeds for sale at the Attitude Seed Bank. Shop for AutoDaiquiri Lime by Dutch Passion. Buy AutoFem Cannabis Seeds Online.,Prod_4008,Autoflower,Autoflower,Stash,"cupWinnerTrump"">",AutoDaiquiri Lime - Dutch Passion Seeds | Buy Medical Marijuana Seeds Souvenirs UK At Low Prices,Dutch Passion,59.8,Medium,,
Dutch Passion,https://www.cannabis-seeds-bank.co.uk/dutch-passion-seeds-auto-critical-orange-punch/prod_5585,"['structured', 'description', 'patterns', 'fallback']",2026-01-10T22:24:43.609367,(Grandaddy Purps x Orange Bud) x XXL Auto Kritical Bilbo,"The Attitude Seedbank offers discreet, quick and secure worldwide shipping of all orders placed securely online or over the phone. Shop with us for a new strain from Dutch Passion Seeds collection. Buy feminized AUTO Critical Orange Punch at low prices.",Prod_5585,Autoflower,Autoflower,Stash,"cupWinnerTrump"">","Dutch Passion - AUTO Critical Orange Punch | Discounts, Promotions And Extra Freebies With Every Order",Dutch Passion,65.5,High,,euphoric
Dutch Passion,https://dutch-passion.us/cannabis-seeds/auto-critical-orange-punch,"['structured', 'description', 'patterns', 'fallback']",2026-01-10T22:24:43.993618,. The genetic base was Grandaddy Purple (Purps) x Orange Bud. This was called Orange Punch,"XXL yields, 15-20% THC, pungent aroma and easy to grow. This Orange Punch X Auto Kritical Bilbo cross is your getaway to an uplifting citrus-infused journey.",Auto Critical Orange Punch,Autoflower,Autoflower,"400;"">","cup-winners"">",Auto Critical Orange Punch Cannabis Seeds | Dutch Passion USA,Dutch Passion,59.8,Medium,,
Dutch Passion,https://www.cannabis-seeds-bank.co.uk/dutch-passion-seeds-auto-colorado-cookies/prod_4007,"['structured', 'description', 'patterns', 'fallback']",2026-01-10T22:24:44.291315,Girl Scout Cookies x Auto Blueberry,Buy top marijuana Dutch Passion Seeds online at the Attitude Seed Bank at low prices. AutoColorado Cookies is now in stock. Discreet worldwide shipping and the best cannabis seeds promotions.,Prod_4007,Autoflower,Autoflower,Stash,"cupWinnerTrump"">",Dutch Passion Seeds - AutoFem Seeds | Top Quality Medical Marijuana Seeds At Low Prices,Dutch Passion,59.8,Medium,,
Dutch Passion,https://www.cannabis-seeds-bank.co.uk/dutch-passion-seeds-auto-cinderella-jack/prod_4670,"['structured', 'description', 'patterns', 'fallback']",2026-01-10T22:24:44.633958,Cinderella 99 x Jack Herer x Magnum,Fantastic selection of auto-flowering marijuana seeds available to buy online at the Attitude Seedbank. Shop for new AUTO Cinderella Jack by Dutch Passion.,Prod_4670,Autoflower,Autoflower,Stash,"cupWinnerTrump"">",AUTO Cinderella Jack - Dutch Passion - Automatic Cannabis Seeds,Dutch Passion,66.7,High,25.95%,
Dutch Passion,https://dutch-passion.us/cannabis-seeds/auto-cinderella-jack,"['structured', 'description', 'patterns', 'fallback']",2026-01-10T22:24:45.720201,"were used from the â€œMagnum"" genetic line",This (Cinderella 99 X Jack Herer) X Magnum majestic cross produce XL yields of compact buds with a delicious terpene profile and sky-high THC percentages.,Auto Cinderella Jack,Autoflower,Autoflower,"//dutch-passion.us/static/version1767170395/frontend/DutchPassion/Hyva_Dutch/en_US/css/styles.css"" media=""all"" rel=""stylesheet"" type=""text/css""/>","cup-winners"">",Buy Auto Cinderella Jack Cannabis Seeds | Dutch Passion USA,Dutch Passion,59.8,Medium,,
Dutch Passion,https://www.cannabis-seeds-bank.co.uk/dutch-passion-seeds-auto-CBG-force/prod_7277,"['structured', 'description', 'patterns', 'fallback']",2026-01-10T22:24:46.029404,Research Genetics,Auto CBG-Force is just one of the top quality Cannabis Seeds from Dutch Passion and now available to buy online at the Attitude Seedbank UK.,Prod_7277,Autoflower,Autoflower,Stash,"cupWinnerTrump"">",Dutch Passion Seeds AUTO CBG-Force | Attitude Seedbank UK,Dutch Passion,66.7,High,0.15%,
Dutch Passion,https://dutch-passion.us/cannabis-seeds/auto-CBG-force,"['structured', 'description', 'patterns', 'fallback']",2026-01-10T22:24:46.428932,Feminized autoflower,Unleash the power of CBG with this groundbreaking autoflowering marijuana strain suitable for beginners. Expect 10-15% CBG and very low THC (<0.2%)!,Auto Cbg Force,Autoflower,Autoflower,"block; margin-left: auto; margin-right: auto; width: 500px; height: 500px;"" width=""500""/>","cup-winners"">",Buy Auto CBG-Force Cannabis Seeds | Dutch Passion USA,Dutch Passion,59.8,Medium,,
Dutch Passion,https://www.cannabis-seeds-bank.co.uk/dutch-passion-seeds-auto-cbd-victory/prod_7531,"['structured', 'description', 'patterns', 'fallback']",2026-01-10T22:24:46.785520,â€œResearch Geneticsâ€ gene pool,Shop for many unique varieties created by Dutch Passion Seeds. Buy online  Cannabis Seeds by Dutch Passion Seeds marijuana seeds at the Attitude Seedbank UK.,Prod_7531,Autoflower,Autoflower,Stash,"cupWinnerTrump"">",Dutch Passion Seeds AUTO CBD-Victory | Attitude Seedbank UK,Dutch Passion,66.7,High,4-6%,
Dutch Passion,https://www.cannabis-seeds-bank.co.uk/dutch-passion-seeds-cbd-auto-white-widow/prod_4673,"['structured', 'description', 'patterns', 'fallback']",2026-01-10T22:24:47.059879,Original Auto White Widow x CBD Sweet and Sour Widow,CBD AUTO White Widow is now now sale at the Attitude Seedbank. This high quality cannabis seed is produced by Dutch Passion Seeds. Buy seeds UK.,Prod_4673,Autoflower,Autoflower,Stash,"cupWinnerTrump"">",CBD AUTO White Widow - Dutch Passion Feminized Autoflower,Dutch Passion,66.7,High,15-20%,
Dutch Passion,https://www.cannabis-seeds-bank.co.uk/dutch-passion-seeds-cbd-auto-compassion-lime/prod_4672,"['structured', 'description', 'patterns', 'fallback']",2026-01-10T22:24:47.454180,CBD Compassion X Daiquiri Lime,Fill your seed library with autofowering Dutch Passion cannabis seeds. Buy new CBD AUTO Compassion Lime marijuana strain.,Prod_4672,Autoflower,Autoflower,Stash,"cupWinnerTrump"">",CBD AUTO Compassion Lime | Dutch Passion | Medicinal Seeds,Dutch Passion,72.4,High,13.50%,body
Dutch Passion,https://www.cannabis-seeds-bank.co.uk/dutch-passion-seeds-cbd-auto-charlottes-angel/prod_5538,"['structured', 'description', 'patterns', 'fallback']",2026-01-10T22:24:47.749847,CBD Charlotte's Angel x CBD Auto Compassion Lime,Buy online Dutch Passion Seeds CBD AUTO Charlotte's Angel. These great souvenirs can be purchased online or over the phone at the Attitude Seedbank UK.,Prod_5538,Autoflower,Autoflower,Stash,"cupWinnerTrump"">",Dutch Passion Seeds CBD AUTO Charlotte's Angel - Attitude Seed Bank,Dutch Passion,66.7,High,10-15%,
Dutch Passion,https://www.cannabis-seeds-bank.co.uk/dutch-passion-seeds-cbd-auto-blackberry-kush/prod_6553,"['structured', 'description', 'patterns', 'fallback']",2026-01-10T22:24:48.059951,Sex: Feminized,"Buy CBD Auto Blackberry Kush by Dutch Passion Seeds in stock at The Attitude Seedbank, we sell a large range of Dutch Passion Cannabis seeds as well as many other breeders.  ",Prod_6553,Autoflower,Autoflower,Stash,"award-winning and give a delicious flavour and aroma to this CBD variety. These plants usually feature dark purple and blue hues. It is enjoyable to both grow and consume thanks to the sweet and fruity taste. This strain is highly resinous and takes 11 to 12 weeks from seed to complete. 20 hours of light have been recommended by the breeder. She will produce a large main cola with lots of frosty side branching, producing good yields. This strain is easy to grow in both systems and mediums.",Dutch Passion Seeds CBD Auto Blackberry Kush | The Attitude Seedbank,Dutch Passion,59.8,Medium,,
Dutch Passion,https://www.cannabis-seeds-bank.co.uk/dutch-passion-seeds-auto-candy-bubatz-xl/prod_9645,"['structured', 'description', 'patterns', 'fallback']",2026-01-10T22:24:48.353891,Auto Bubble Gum X Auto Critical Orange Punch,"Discover Auto Candy Bubatz XL, a high-yielding autoflower with dense, resinous buds and 15-20% THC. Easy to grow indoors and outdoors, it boasts a sweet, fruity terpene profile with candy, melon, and strawberry flavors. Enjoy an uplifting cerebral buzz followed by deep relaxation. Perfect for any grower seeking potency, flavour, and impressive harvests.",Prod_9645,Autoflower,Autoflower,"//www.cannabis-seeds-bank.co.uk/dutch-passion-seeds-auto-candy-bubatz-xl/prod_9645"" rel=""canonical""/>","cupWinnerTrump"">",Dutch Passion Seeds AUTO Candy Bubatz XL | Attitude Seedbank UK,Dutch Passion,72.4,High,15.00-20.00%,"energetic, uplifting, calming"
Dutch Passion,https://dutch-passion.us/cannabis-seeds/californian-orange,"['structured', 'description', 'patterns', 'fallback']",2026-01-10T22:24:48.758306,were taken to Amsterdam. Selective breeding was used and seeds were soon produced for the European growing community. The rest is history.,"Enhance your cultivar with the only original cannabis cup winning Californian Orange seeds. Robust plants, XL yields, vibrant citrus flavors, and euphoric highs!",Californian Orange,Feminized,Photoperiod,"400;"">","cup winning Californian Orange seeds. Robust plants, XL yields, vibrant citrus flavors, and euphoric highs!"" name=""description""/>",Buy Californian Orange Cannabis Seeds | Dutch Passion USA,Dutch Passion,59.8,Medium,,
Dutch Passion,https://www.cannabis-seeds-bank.co.uk/dutch-passion-seeds-auto-brooklyn-sunrise/prod_4006,"['structured', 'description', 'patterns', 'fallback']",2026-01-10T22:24:49.071702,Diesel x AK 47,Fantastic prices on cannabis seeds for sale UK. Shop for new Dutch Passion Autoflowering Cannabis Seeds - Auto Brooklyn Sunrise.,Prod_4006,Autoflower,Autoflower,Stash,"cupWinnerTrump"">",Auto Brooklyn Sunrise - Dutch Passion Seeds | Best Quality Medical Marijuana Seeds Souvenirs UK,Dutch Passion,65.5,High,,euphoric
Dutch Passion,https://www.cannabis-seeds-bank.co.uk/dutch-passion-seeds-brainstorm/prod_361,"['structured', 'description', 'patterns', 'fallback']",2026-01-10T22:24:49.367753,Sex: Feminized,"The Attitude Seedbank offers discreet, secure and fast worldwide shipping of Brainstorm by Dutch Passion. Place an order with us for discounts, promotions and extra freebies with every purchase. For more details visit our website.",Prod_361,Autoflower,Autoflower,Stash,"cupWinnerTrump"">",Dutch Passion Seeds - Brainstorm | Order Securely Online Best Quality Medical Marijuana Seeds,Dutch Passion,66.7,High,12.00-14.00%,
Dutch Passion,https://www.cannabis-seeds-bank.co.uk/dutch-passion-seeds-auto-blueberry/prod_357,"['structured', 'description', 'patterns', 'fallback']",2026-01-10T22:24:49.685359,Blueberry x Canada F5,Dutch Passion Seeeds AutoBlueberry is available to buy at the Attitude Seedbank. Check out our website for the full range of Dutch Passion cannabis seeds.,Prod_357,Autoflower,Autoflower,Stash,"cupWinnerTrump"">",Dutch Passion Seeds - AutoBlueberry | Top Quality Autoflowering Feminized Marijuana Seeds Souvenirs At Low Prices,Dutch Passion,59.8,Medium,,
Dutch Passion,https://www.cannabis-seeds-bank.co.uk/dutch-passion-seeds-blueberry/prod_360,"['structured', 'description', 'patterns', 'fallback']",2026-01-10T22:24:49.945450,Blueberry,"Dutch Passion Seeds Blueberry is available to buy at the Attitude Seedbank. Visit our website to check out the whole range of cannabis seeds. We offer discreet, secure and fast worldwide shipping.",Prod_360,Autoflower,Autoflower,Stash,"Cup Winner. It withholds a wonderful concoction of fruity flavours and blue colourations in its leaves and buds. The strain's genetics date back to the 1970's and are 80% Indica, 20% Sativa. Its repeat growers like to grow a number of seeds from it to find and create a special mother plant within it. Very simple and effortless to take cuttings from and you never get tired of its elite quality buds. Blueberry yields exceptionally well under ideal conditions and is grown primarily for the growers looking for that distinctive relaxing, refined Blueberry high. It may not be the easiest variety for beginner growers and can be a finicky feeder, but it will repay and award the experience growers with harvests that are perhaps one of the finest cannabis varieties available.",Dutch Passion Seeds - Blueberry | Place An Order Securely Online Or Over The Phone,Dutch Passion,72.4,High,20%,relaxing
Dutch Passion,https://dutch-passion.us/cannabis-seeds/blueberry,"['structured', 'description', 'patterns', 'fallback']",2026-01-10T22:24:50.295660,come from a Thai Sativa and to a minor degree also from an Oaxacan (Mexican) Sativa. This unique three-way cross is the genetic foundation for the Blueberry strain and her many offspring.,Grow the authentic 1970's Blueberry cannabis genetics in the form of feminized or regular marijuana seeds and get a blast from one the fruitiest cannabis strains in the world.,Blueberry,Feminized,Photoperiod,"block; margin-left: auto; margin-right: auto; width: 500px; height: 500px;"" width=""500""/>","cup-winners"">",Buy Blueberry Cannabis Seeds | Dutch Passion USA,Dutch Passion,59.8,Medium,,
