source_url,strain_name,primary_generation,breeding_method,phenotype,lineage,breeder_name,bank_name,seed_gender,flowering_behavior,sativa_percentage,indica_percentage,thc_min,thc_max,thc,cbd_min,cbd_max,cbd,flowering_days_min,flowering_days_max,height_indoor_description,height_indoor_cm,yield_decription,indoor_yield_min_g,indoor_yield_max_g,outdoor_yield_min_g,outdoor_yield_max_g,effects,flavors,terpenes,grow_difficulty,scraped_at,strain_info,quality_score,confidence_notes
https://www.northatlanticseed.com/product/alien-technology-BX-f/,Alien Technology,,BX,#1,,Purple Caper Seeds,North Atlantic Seed Company,Feminized,,,,,,,,,,,,,,,,,,,,,,,2025-11-24T16:47:44.706716Z,"Alien Technology BX (F), also known as Illegal Alien, is a highly regarded cannabis strain available through North Atlantic Seed Co. This strain has been recognized for its premium genetics, earning the #1 spot at the ICA Cannabis Awards. North Atlantic Seed Co. offers fast shipping for this award-winning feminized variety.",1,"The webpage content provided is primarily navigational and promotional, lacking any specific strain details such as THC/CBD percentages, genetics ratios, flowering time, effects, or flavors. The enhanced_info is derived solely from the limited scraped data. All numerical and list fields are null due to the absence of information."
https://www.seedsman.com/us-en/illegal-alien-feminized-seeds-puca-ilal-fem,Alien Technology,,BX,,,Seedsman,Seedsman,Feminized,,,,,,,,,,,,,,,,,,,,,,,2025-11-25T01:34:47.741820Z,"Information regarding the Illegal Alien (Alien Technology BX) strain, including its THC/CBD content, genetic lineage, flowering time, effects, and flavors, could not be extracted from the provided webpage content. The webpage primarily contained general e-commerce information and a JavaScript enablement prompt, offering no specific details about the cannabis strain.",1,The provided webpage content contained no relevant information about the 'Illegal Alien (Alien Technology BX)' strain. All fields are null due to the complete absence of data in the source.
https://neptuneseedbank.com/product/canna-research-co-berryfreAK BX1/,BerryFreak,,BX2,,PineapplesorbetfreAK Nl X BerryFreak,Canna Reseaarch Co,Neptune Seed Bank,,,,,,,,,,,,,,,,,,,,,,,,2025-11-24T03:52:35.006572Z,"Canna Research Co BerryfreAK BX1 is available in packs containing 12 or more regular seeds. This strain is a genetic cross, tracing its lineage back to PineapplesorbetfreAK Nl and BerryFreak.",1,"Webpage content was empty, so no additional information could be extracted beyond the initial scraped data. Most key strain details are missing."
https://neptuneseedbank.com/product/envy-genetics-blowpops-BX1/,Blowpops,,BX1,,,Envy Genetics,Neptune Seed Bank,,,,,,,,,,,56,65,,,,,,,,,,,,2025-11-24T03:06:38.535242Z,"Envy Blowpops BX1 is a cannabis strain bred by Envy Genetics. This strain is a backcross (BX1) of BlowPops, resulting from a cross between BlowPops and CaliSunset. It is typically available in packs of 12 regular seeds. The flowering time for Envy Blowpops BX1 is estimated to be between 56 and 65 days.",1,"Webpage content was empty. All information is derived solely from the provided scraped data. Significant data points such as THC/CBD percentages, genetic ratios, effects, and flavors are missing."
https://www.cannabis-seeds-bank.co.uk/sincity-seeds-blue-power-BX/prod_3942,Blue Power,,BX,,,Sin City Seeds,The Attitude Seed Bank,Regular,Photoperiod,,,,,,,,,,,,,,,,,,,,,,2025-11-25T16:33:44.002348,"The Blue Power BX strain, offered by SinCity Seed Bank, currently lacks detailed information regarding its cannabinoid profile, genetic lineage, flowering time, typical effects, or flavor characteristics based on the provided webpage content. Further information would be required to provide a comprehensive description of this strain.",1,"The provided webpage content primarily lists seed banks and brands, with no specific details about the Blue Power BX strain's characteristics (THC, CBD, genetics, flowering time, effects, flavors). All fields are null due to lack of information."
https://www.cannabis-seeds-bank.co.uk/sincity-seeds-blue-power-BX2/prod_7162,Blue Power,,BX2,,(Sour Dubb X Master Kush) X White Moonshine,Sin City Seeds,The Attitude Seed Bank,Feminized,Photoperiod,,,,,,,,,50,60,Stretch Medium,,,,,,,,,,,2025-11-25T13:35:37.128918,"Blue Power BX2 is an Indica-dominant hybrid cannabis strain developed by SinCity Seeds as part of their ORIGINALS LINE (BLUE POWER HYBRIDS). Its genetic lineage traces back to a cross of (Sour Dubb x Master Kush) with White Moonshine. This strain typically flowers within 50 to 60 days and is characterized by a medium height. It is suitable for cultivation in indoor, outdoor, and greenhouse environments.",2,"The provided webpage content did not contain any specific strain details for Blue Power BX2 beyond confirming the breeder and strain name. All extracted information is derived from the scraped data. Key details such as THC/CBD percentages, specific sativa/indica ratios, effects, and flavors are missing."
https://www.northatlanticseed.com/product/blue-power-ix2-r-limited/,Blue Power,F2,IX2,#1,,Sin City Seeds,North Atlantic Seed Company,Regular,,,,,,,,,,,,,,,,,,,,,,,2025-11-24T18:06:26.306819Z,"The provided webpage content for Blue Power IX2 (R) [LIMITED] from North Atlantic Seed Co. primarily consists of navigational elements, age verification, and general e-commerce information. While it confirms the strain's availability and mentions its recognition by the ICA Cannabis Awards, it does not provide specific details regarding its THC or CBD percentages, genetic lineage (sativa/indica ratio), flowering time, typical effects, or flavor profile.",1,"The webpage content provided is almost entirely navigational and marketing copy. It does not contain any specific data points for THC, CBD, genetics, flowering time, effects, or flavors for the Blue Power IX2 (R) strain. All data fields are null due to absence of information."
https://www.northatlanticseed.com/product/blue-power-ix2-f-ships-early-april/,Blue Power,F2,IX2,#1,,Sin City Seeds,North Atlantic Seed Company,Feminized,,,,,,,,,,,,,,,,,,,,,"Sour Kush, Vanilla, Berry",,2025-11-24T18:22:24.188337Z,"Blue Power IX2 (F) is a feminized cannabis strain available for purchase online from North Atlantic Seed Co. This strain has been recognized by the ICA Cannabis Awards, where it was voted #1. North Atlantic Seed Co. emphasizes fast shipping and premium genetics for their offerings, including Blue Power IX2 (F).",1,"The provided webpage content is primarily navigational and promotional for North Atlantic Seed Co., and does not contain specific strain details such as THC/CBD percentages, genetics ratios, flowering time, effects, or flavors for Blue Power IX2 (F). The enhanced_info is based solely on the limited descriptive text provided in the scraped data."
https://www.cannabis-seeds-bank.co.uk/sincity-seeds-blue-power-ix2/prod_8588,Blue Power,F2,IX2,,Blue Power F2 X Blue Power IX1,Sin City Seeds,The Attitude Seed Bank,Regular,Photoperiod,,,,,,,,,50,60,,,,,,,,,"Sour Kush, Vanilla, Berry",,,2025-11-25T16:33:48.501771,"Blue Power IX2 is a limited-edition cannabis strain from SinCity Seeds, created to commemorate their 10 Year Anniversary. This exclusive hybrid is a genetic cross of Blue Power F2 with Blue Power IX1. It boasts a rapid flowering time of 50-60 days and is capable of producing substantial yields, estimated between 450-750 grams per square meter. The strain offers a unique and delightful sensory experience with a tantalizing aroma and flavor profile featuring distinct notes of Sour Kush, Vanilla, and Berry.",2,"The provided webpage content was generic and did not contain specific strain information. All extracted data, including flowering time and flavors, was sourced solely from the 'SCRAPED DATA'. THC, CBD, sativa/indica percentages, and effects were not available in the provided texts."
https://neptuneseedbank.com/product/blue-power-ix2-strain-seeds/,Blue Power,F2,IX2,,,Sin City Seeds,Neptune Seed Bank,,,,,,,,,,,,,,,Medium to High,,,,,relaxing,"berry, kush","Kushy, Sour, Sweet",,2025-11-24T02:08:07.583195Z,"Blue Power IX2 is a strain developed by Sin City Seeds, recognized for its appealing berry and kush flavor profile. This variety is noted for its strong resin production and is reported to induce relaxing effects. Feminized seeds of Blue Power IX2 are available.",1,"Webpage content was empty. All extracted data, including effects and flavors, was derived exclusively from the 'Current Info' field provided in the scraped data. Most key metrics (THC, CBD, genetics, flowering time) are missing."
https://neptuneseedbank.com/product/blue-power-ix2-strain-seeds-2/,Blue Power,F2,IX2,,,Sin City Seeds,Neptune Seed Bank,,,,,,,,,,,,,,,Medium to High,,,,,,blueberry,"Berry, Kushy, Sour",,2025-11-24T03:51:55.725953Z,"Blue Power IX2 is a regular seed strain developed by Sin City Seeds, resulting from a cross between Blue Power F2 and IX1. This genetic combination is noted for producing plants with a bold blueberry flavor and trichome-rich buds, making it a reliable option for breeding projects.",1,Webpage content was empty. All data extraction and enhancement are based solely on the provided 'Scraped Data - Current Info'. Many fields are null due to lack of information in the source text.
https://neptuneseedbank.com/product/ufo-genetics-blueberry-thai-BX1/,Blueberry Thai,,BX1,,,UFO Genetics,Neptune Seed Bank,,,,,,,,,,,,,,,,,,,,,,,,2025-11-24T02:41:20.265512Z,"Blueberry Thai BX1 is a regular seed strain developed by UFO Genetics. Each pack contains 10 seeds. Its lineage is a backcross of (Blueberry Thai x Greatful Breath) with Blueberry Thai, indicating a focus on reinforcing the Blueberry Thai characteristics.",1,"Webpage content was empty, so no additional information could be extracted beyond the initial scraped data. All numerical and descriptive fields (THC, CBD, genetics ratios, flowering time, effects, flavors) are null due to lack of source material."
https://www.northatlanticseed.com/product/booberry-cookies-rBX/,Booberry Cookies,,RBX,#1,,Ethos Genetics,North Atlantic Seed Company,Feminized,,,,,,,,,,,,,,High,,,,,,,"Candied Blueberries, Strawberry, Orange.",,2025-11-24T16:41:46.717535Z,"The provided webpage content for Booberry Cookies RBX (F) from North Atlantic Seed Co. primarily consists of navigational elements, age verification, and a list of seed breeders and promotional information. It does not contain specific details regarding the strain's THC or CBD percentages, genetic ratios (sativa/indica), flowering time, typical effects, or flavor profile. The scraped info highlights that North Atlantic Seed Co. was voted #1 by the ICA Cannabis Awards and offers fast shipping and premium genetics.",1,"The webpage content provided is almost entirely navigational and promotional, lacking any specific data points for THC, CBD, genetics, flowering time, effects, or flavors. Therefore, all these fields are null, and the quality score is very low due to the absence of strain-specific information."
https://multiversebeans.com/product/ethos-genetics-booberry-cookies-rBX-strain-fem-photo/,Booberry Cookies,,RBX,#3,,Ethos Genetics,Multiverse Beans,Feminized,Photoperiod,,,,,,,,,,,,,,,,,,,,,,2025-11-24T20:29:06.722255Z,Ethos Booberry Cookies RBX is a feminized photoperiod hybrid strain developed by Ethos Genetics. It is available as full-term seeds.,1,"The provided webpage content is very sparse, primarily containing product listing details (pack sizes, price, seed type). No information regarding THC/CBD percentages, specific sativa/indica ratios, flowering time, effects, or flavors was found. The genetic lineage 'Blueberry Cookies x End Game #3' from the scraped data was not present or verifiable on the provided webpage content."
https://www.northatlanticseed.com/product/brisker-og-BX1-f-limited/,Brisker OG,,BX1,#1,,Square One Genetics,North Atlantic Seed Company,Feminized,,,,,,,,,,,,,,Medium,,,,,,,"Nostril Stinging Gas, Funk, Light Lemon",,2025-11-24T17:04:27.565375Z,"Brisker OG BX1 (F) [LIMITED] is a feminized cannabis strain available for purchase online through North Atlantic Seed Co. This strain has been recognized for its quality, having been voted #1 by the ICA Cannabis Awards. North Atlantic Seed Co. emphasizes fast shipping and premium genetics for this limited-edition offering.",1,"The provided webpage content is a generic e-commerce site header/navigation and does not contain any specific strain details such as THC/CBD percentages, genetics, flowering time, effects, or flavors. All such fields are null due to lack of information."
https://multiversebeans.com/product/ethos-genetics-candy-store-rBX-strain-fem-photo/,Candy Store,,RBX,#16,,Ethos Genetics,Multiverse Beans,Feminized,Photoperiod,,,,,,,,,,,,,,,,,,,,,,2025-11-24T20:39:20.746756Z,"Ethos Candy Store RBX is a feminized photoperiod cannabis strain developed by Ethos Genetics. It is categorized as a hybrid with indica characteristics. The provided webpage content does not offer specific details regarding its lineage, THC or CBD percentages, flowering time, typical effects, or flavor profile.",1,"The provided webpage content is extremely limited, offering only the strain name, breeder, and general classification as a feminized photoperiod hybrid with indica traits. No information on THC/CBD percentages, specific genetics (lineage), flowering time, effects, or flavors was found. The scraped lineage 'Lemon Berry Candy OG x Ethos Cookies #16' was not present in the provided webpage text and therefore could not be verified or included in the enhanced information."
https://www.northatlanticseed.com/product/citral-flo-BX1/,Citral Flo,,BX1,#1,,Ethos Genetics,North Atlantic Seed Company,Regular,,,,,,,,,,,,,,,,,,,,,"Floral, Berry, Musky",,2025-11-24T17:48:58.618623Z,"Citral Flo BX1 (R) is a highly regarded cannabis strain available for purchase online from North Atlantic Seed Co. This strain has received notable recognition, having been voted #1 by the ICA Cannabis Awards, underscoring its premium genetics and quality. North Atlantic Seed Co. emphasizes fast shipping for its products.",1,"The webpage content provided is primarily navigational and promotional, lacking specific details on THC/CBD, genetics, flowering time, effects, or flavors for the Citral Flo BX1 strain. All such fields are null due to absence of data."
https://www.northatlanticseed.com/product/colin-og-rBX/,Colin OG,,RBX,#1,,Ethos Genetics,North Atlantic Seed Company,Feminized,,,,,,,,,,,,,,,,,,,,,,,2025-11-24T16:24:20.855686Z,"Colin OG RBX (F) cannabis seeds are available for purchase online through North Atlantic Seed Co., a reputable seed bank. This strain has been recognized for its quality, having been voted #1 by the ICA Cannabis Awards. North Atlantic Seed Co. emphasizes fast shipping and premium genetics for its offerings.",1,"The provided webpage content is primarily navigational and promotional, offering no specific details regarding THC/CBD percentages, genetic ratios, flowering time, effects, or flavors for the Colin OG RBX strain. The enhanced info is based solely on the limited scraped data and the context of the seed bank."
https://www.cannabis-seeds-bank.co.uk/exotic-genetix-seeds-cookies-and-cream-ix3/prod_6934,Cookies & Cream,,IX3,,Cookies & Cream X Cookies & Cream IX2,Exotic Genetix,The Attitude Seed Bank,Regular,Photoperiod,,,,,,,,,56,63,Short to Stretch Medium,,,,,,,,,,,2025-11-25T15:25:53.933170,"Cookies & Cream IX3 is a cannabis strain developed by Exotic Genetix Seeds. This particular iteration, IX3, is a backcross derived from Cookies & Cream crossed with Cookies & Cream IX2. It is suitable for both indoor and outdoor cultivation, with a flowering period estimated between 56 to 63 days. Growers can anticipate medium to heavy yields from plants that typically reach a short to medium height. This strain is well-suited for cultivation techniques such as Sea of Green (SOG).",2,"THC, CBD, sativa/indica percentages, effects, and flavors were not present in either the scraped data or the webpage content. Flowering time, genetics, yield, height, and growing conditions were extracted from the scraped data. The webpage content provided no additional strain-specific details."
https://www.northatlanticseed.com/product/cosmic-cake-BX-r/,Cosmic Cake,,BX,#1,,Diamondnugz,North Atlantic Seed Company,Regular,,,,,,,,,,,,,,,,,,,,,,,2025-11-24T18:15:42.275580Z,Cosmic Cake BX (R) cannabis seeds are available for purchase online through North Atlantic Seed Co. The company has been recognized as #1 by the ICA Cannabis Awards and is known for fast shipping and premium genetics.,1,"The provided webpage content is primarily navigational and marketing-focused, lacking specific strain details such as THC/CBD percentages, genetic ratios, flowering time, effects, or flavors. The enhanced info is based solely on the limited marketing text available."
https://www.northatlanticseed.com/product/dirty-mimosa-BX2-r/,Dirty Mimosa,,BX2,#1,,Dirty Bird Genetics,North Atlantic Seed Company,Regular,,,,,,,,,,,,,,,,,,,,,"Sour Green Apple, Candy, Gas",,2025-11-24T18:01:27.859503Z,"Dirty Mimosa BX2 (R) cannabis seeds are available for purchase online through North Atlantic Seed Co., a retailer recognized for fast shipping and premium genetics. North Atlantic Seed Co. was voted #1 by the ICA Cannabis Awards. The provided webpage content does not offer specific details regarding the strain's THC/CBD content, genetic lineage, flowering time, typical effects, or flavor profile.",1,"The webpage content provided is primarily navigational and promotional for North Atlantic Seed Co., offering no specific details about the Dirty Mimosa BX2 (R) strain itself (THC, CBD, genetics, flowering time, effects, or flavors). All such fields are null due to lack of information."
https://www.northatlanticseed.com/product/end-game-rBX-the-punch-line/,End Game,,RBX,#1,,Ethos Genetics,North Atlantic Seed Company,Feminized,,,,,,,,,,,,,,,,,,,,,"Fruit Punch, Sweet Berries, Sour Cherries",,2025-11-24T17:13:54.839896Z,"End Game RBX ÃƒÂƒÃ‚ÂƒÃƒÂ‚Ã‚ÂƒƒÃƒÂƒÃ‚ÂƒÃƒÂ‚Ã‚Â‚ƒÃƒÂƒÃ‚ÂƒÃƒÂ‚Ã‚Âƒ‚ÃƒÂƒÃ‚ÂƒÃƒÂ‚Ã‚Â‚ƒÃƒÂƒÃ‚ÂƒÃƒÂ‚Ã‚ÂƒƒÃƒÂƒÃ‚ÂƒÃƒÂ‚Ã‚Â‚‚ÃƒÂƒÃ‚ÂƒÃƒÂ‚Ã‚Âƒ‚ÃƒÂƒÃ‚ÂƒÃƒÂ‚Ã‚Â‚ƒÃƒÂƒÃ‚ÂƒÃƒÂ‚Ã‚ÂƒƒÃƒÂƒÃ‚ÂƒÃƒÂ‚Ã‚Â‚ƒÃƒÂƒÃ‚ÂƒÃƒÂ‚Ã‚Âƒ‚ÃƒÂƒÃ‚ÂƒÃƒÂ‚Ã‚Â‚‚ÃƒÂƒÃ‚ÂƒÃƒÂ‚Ã‚ÂƒƒÃƒÂƒÃ‚ÂƒÃƒÂ‚Ã‚Â‚‚ÃƒÂƒÃ‚ÂƒÃƒÂ‚Ã‚Âƒ‚ÃƒÂƒÃ‚ÂƒÃƒÂ‚Ã‚Â‚¢ÃƒÂƒÃ‚ÂƒÃƒÂ‚Ã‚ÂƒƒÃƒÂƒÃ‚ÂƒÃƒÂ‚Ã‚Â‚ƒÃƒÂƒÃ‚ÂƒÃƒÂ‚Ã‚Âƒ‚ÃƒÂƒÃ‚ÂƒÃƒÂ‚Ã‚Â‚ƒÃƒÂƒÃ‚ÂƒÃƒÂ‚Ã‚ÂƒƒÃƒÂƒÃ‚ÂƒÃƒÂ‚Ã‚Â‚‚ÃƒÂƒÃ‚ÂƒÃƒÂ‚Ã‚Âƒ‚ÃƒÂƒÃ‚ÂƒÃƒÂ‚Ã‚Â‚‚ÃƒÂƒÃ‚ÂƒÃƒÂ‚Ã‚ÂƒƒÃƒÂƒÃ‚ÂƒÃƒÂ‚Ã‚Â‚ƒÃƒÂƒÃ‚ÂƒÃƒÂ‚Ã‚Âƒ‚ÃƒÂƒÃ‚ÂƒÃƒÂ‚Ã‚Â‚‚ÃƒÂƒÃ‚ÂƒÃƒÂ‚Ã‚ÂƒƒÃƒÂƒÃ‚ÂƒÃƒÂ‚Ã‚Â‚‚ÃƒÂƒÃ‚ÂƒÃƒÂ‚Ã‚Âƒ‚ÃƒÂƒÃ‚ÂƒÃƒÂ‚Ã‚Â‚€ÃƒÂƒÃ‚ÂƒÃƒÂ‚Ã‚ÂƒƒÃƒÂƒÃ‚ÂƒÃƒÂ‚Ã‚Â‚ƒÃƒÂƒÃ‚ÂƒÃƒÂ‚Ã‚Âƒ‚ÃƒÂƒÃ‚ÂƒÃƒÂ‚Ã‚Â‚ƒÃƒÂƒÃ‚ÂƒÃƒÂ‚Ã‚ÂƒƒÃƒÂƒÃ‚ÂƒÃƒÂ‚Ã‚Â‚‚ÃƒÂƒÃ‚ÂƒÃƒÂ‚Ã‚Âƒ‚ÃƒÂƒÃ‚ÂƒÃƒÂ‚Ã‚Â‚‚ÃƒÂƒÃ‚ÂƒÃƒÂ‚Ã‚ÂƒƒÃƒÂƒÃ‚ÂƒÃƒÂ‚Ã‚Â‚ƒÃƒÂƒÃ‚ÂƒÃƒÂ‚Ã‚Âƒ‚ÃƒÂƒÃ‚ÂƒÃƒÂ‚Ã‚Â‚‚ÃƒÂƒÃ‚ÂƒÃƒÂ‚Ã‚ÂƒƒÃƒÂƒÃ‚ÂƒÃƒÂ‚Ã‚Â‚‚ÃƒÂƒÃ‚ÂƒÃƒÂ‚Ã‚Âƒ‚ÃƒÂƒÃ‚ÂƒÃƒÂ‚Ã‚Â‚œThe Punch LineÃƒÂƒÃ‚ÂƒÃƒÂ‚Ã‚ÂƒƒÃƒÂƒÃ‚ÂƒÃƒÂ‚Ã‚Â‚ƒÃƒÂƒÃ‚ÂƒÃƒÂ‚Ã‚Âƒ‚ÃƒÂƒÃ‚ÂƒÃƒÂ‚Ã‚Â‚ƒÃƒÂƒÃ‚ÂƒÃƒÂ‚Ã‚ÂƒƒÃƒÂƒÃ‚ÂƒÃƒÂ‚Ã‚Â‚‚ÃƒÂƒÃ‚ÂƒÃƒÂ‚Ã‚Âƒ‚ÃƒÂƒÃ‚ÂƒÃƒÂ‚Ã‚Â‚ƒÃƒÂƒÃ‚ÂƒÃƒÂ‚Ã‚ÂƒƒÃƒÂƒÃ‚ÂƒÃƒÂ‚Ã‚Â‚ƒÃƒÂƒÃ‚ÂƒÃƒÂ‚Ã‚Âƒ‚ÃƒÂƒÃ‚ÂƒÃƒÂ‚Ã‚Â‚‚ÃƒÂƒÃ‚ÂƒÃƒÂ‚Ã‚ÂƒƒÃƒÂƒÃ‚ÂƒÃƒÂ‚Ã‚Â‚‚ÃƒÂƒÃ‚ÂƒÃƒÂ‚Ã‚Âƒ‚ÃƒÂƒÃ‚ÂƒÃƒÂ‚Ã‚Â‚¢ÃƒÂƒÃ‚ÂƒÃƒÂ‚Ã‚ÂƒƒÃƒÂƒÃ‚ÂƒÃƒÂ‚Ã‚Â‚ƒÃƒÂƒÃ‚ÂƒÃƒÂ‚Ã‚Âƒ‚ÃƒÂƒÃ‚ÂƒÃƒÂ‚Ã‚Â‚ƒÃƒÂƒÃ‚ÂƒÃƒÂ‚Ã‚ÂƒƒÃƒÂƒÃ‚ÂƒÃƒÂ‚Ã‚Â‚‚ÃƒÂƒÃ‚ÂƒÃƒÂ‚Ã‚Âƒ‚ÃƒÂƒÃ‚ÂƒÃƒÂ‚Ã‚Â‚‚ÃƒÂƒÃ‚ÂƒÃƒÂ‚Ã‚ÂƒƒÃƒÂƒÃ‚ÂƒÃƒÂ‚Ã‚Â‚ƒÃƒÂƒÃ‚ÂƒÃƒÂ‚Ã‚Âƒ‚ÃƒÂƒÃ‚ÂƒÃƒÂ‚Ã‚Â‚‚ÃƒÂƒÃ‚ÂƒÃƒÂ‚Ã‚ÂƒƒÃƒÂƒÃ‚ÂƒÃƒÂ‚Ã‚Â‚‚ÃƒÂƒÃ‚ÂƒÃƒÂ‚Ã‚Âƒ‚ÃƒÂƒÃ‚ÂƒÃƒÂ‚Ã‚Â‚€ÃƒÂƒÃ‚ÂƒÃƒÂ‚Ã‚ÂƒƒÃƒÂƒÃ‚ÂƒÃƒÂ‚Ã‚Â‚ƒÃƒÂƒÃ‚ÂƒÃƒÂ‚Ã‚Âƒ‚ÃƒÂƒÃ‚ÂƒÃƒÂ‚Ã‚Â‚ƒÃƒÂƒÃ‚ÂƒÃƒÂ‚Ã‚ÂƒƒÃƒÂƒÃ‚ÂƒÃƒÂ‚Ã‚Â‚‚ÃƒÂƒÃ‚ÂƒÃƒÂ‚Ã‚Âƒ‚ÃƒÂƒÃ‚ÂƒÃƒÂ‚Ã‚Â‚‚ÃƒÂƒÃ‚ÂƒÃƒÂ‚Ã‚ÂƒƒÃƒÂƒÃ‚ÂƒÃƒÂ‚Ã‚Â‚ƒÃƒÂƒÃ‚ÂƒÃƒÂ‚Ã‚Âƒ‚ÃƒÂƒÃ‚ÂƒÃƒÂ‚Ã‚Â‚‚ÃƒÂƒÃ‚ÂƒÃƒÂ‚Ã‚ÂƒƒÃƒÂƒÃ‚ÂƒÃƒÂ‚Ã‚Â‚‚ÃƒÂƒÃ‚ÂƒÃƒÂ‚Ã‚Âƒ‚ÃƒÂƒÃ‚ÂƒÃƒÂ‚Ã‚Â‚ (F) is a feminized cannabis strain available for purchase online from North Atlantic Seed Co. This strain has been recognized by the ICA Cannabis Awards, where it was voted #1. North Atlantic Seed Co. emphasizes fast shipping and premium genetics for their offerings. Detailed information regarding its THC/CBD content, genetic lineage, flowering time, effects, or flavor profile is not provided in the available source material.",1,"The provided webpage content is a product listing header/sidebar and does not contain any detailed strain information such as THC/CBD percentages, genetic ratios, flowering time, effects, or flavors. All such fields are marked as null due to lack of data."
https://www.cannabis-seeds-bank.co.uk/archive-seeds-face-off-og-BX2/prod_3446,Face Off OG,,BX2,#4,,Archive Seeds,The Attitude Seed Bank,Regular,Photoperiod,,,,,,,,,63,63,Stretch Medium to Stretch Tall,,High,,,,,pain relief,,,,2025-11-25T14:45:59.068009,"Face Off OG BX2 Regular Marijuana Seeds from Archive Seed Bank originate from exceptional batches of OG Kush, known as 'Face/Off OG Kush,' that circulated in Southern California during the late 1990s. Archive Seedbank cultivated plant #4 from a handful of these original seeds, selecting it for its overwhelmingly unique fragrance and potent effects. This strain represents the second backcross to the original mother plant. It is highly regarded for providing heavy pain relief without inducing the woozy or foggy sensations often associated with other pain medications. Face Off OG BX2 has a flowering time of approximately 63 days, with harvest typically occurring in October, and is known for its high yield from a medium-height plant.",2,"Information primarily extracted from the 'SCRAPED DATA' section as the 'WEBPAGE CONTENT' provided was largely irrelevant to the specific strain details. THC, CBD, specific genetic ratios, and flavors were not present in the provided text."
https://www.northatlanticseed.com/product/new-fanta-sea-rBX-f/,Fanta Sea,,RBX,#1,,Ethos Genetics,North Atlantic Seed Company,Feminized,,,,,,,,,,,,,,,,,,,,,,,2025-11-24T16:10:59.106577Z,"Fanta Sea RBX (F) cannabis seeds are available for purchase online through North Atlantic Seed Co., a retailer recognized for fast shipping and premium genetics. This particular strain has been honored as the #1 choice by the ICA Cannabis Awards.",1,"The provided webpage content is limited to a header/navigation section and does not contain any specific strain details such as THC/CBD percentages, genetic ratios, flowering time, effects, or flavors. The enhanced info is based solely on the limited details provided in the 'scraped data' and the webpage title."
https://www.cannabis-seeds-bank.co.uk/og-raskal-seeds-fire-og-BX/prod_1872,Fire OG,,BX,,,OG Raskal Seeds,The Attitude Seed Bank,Regular,Photoperiod,60,40,,,,,,,60,70,Stretch Medium,,High,,,,,,,,,2025-11-25T16:18:23.662611,"Fire OG BX1 is a notable backcross created by combining the renowned Fire OG Kush clone with a Fire Alien Kush Male. This initial backcross was specifically developed to enhance and lock in more of the Fire OG mother's desirable traits into the resulting seeds, thereby increasing the Fire OG ratio. Genetically, it is a Sativa-dominant hybrid, comprising approximately 60% Sativa genetics. The strain typically completes its flowering cycle within 60 to 70 days, and cultivators can anticipate a medium to high yield.",2,"The provided 'WEBPAGE CONTENT' was a list of seed banks and contained no specific information about the 'Fire OG BX' strain. All extracted data and the enhanced info paragraph were derived solely from the 'SCRAPED DATA'. THC%, CBD%, effects, and flavors were not present in the provided text."
https://www.cannabis-seeds-bank.co.uk/bc-bud-depot-seeds-fire-og-BX3/prod_2392,Fire OG,,BX3,,,BC Bud Depot Seeds,The Attitude Seed Bank,Regular,Photoperiod,,,,,,,,,,,,,,,,,,,,,,2025-11-25T17:07:11.381225,"Fire OG BX3, developed by BC Bud Depot, is presented as a highly refined and potent iteration of the renowned Fire OG Kush, considered by many to be one of the world's premier OG Kush varieties. This strain is notable as the genetic mother of the famous 'Wifi' marijuana seeds and numerous other successful hybrids. Through extensive and rigorous test breeding, BC Bud Depot has stabilized this line to a BX3 generation, identifying a new stud for future breeding projects. Fire OG BX3 is offered as a pure, ultra-dank staple of OG Kush genetics, promising a highly medicating experience for consumers seeking an authentic and elevated Fire OG Kush experience. It is positioned as a must-have for connoisseurs and breeders alike.",1,"The webpage content provided was irrelevant, consisting only of a list of seed banks and contact info. All specific numerical data points (THC%, CBD%, genetics, flowering time) and descriptive attributes (effects, flavors) were missing from both the scraped data and the webpage content. The enhanced_info paragraph was constructed solely from the 'Current Info' in the scraped data. Quality score is low due to the significant lack of specific strain details."
https://neptuneseedbank.com/product/raw-genetics-georgia-pie-BX1/,Georgia Pie,,BX1,,,Raw Genetics,Neptune Seed Bank,,,,,,,,,,,,,,,,,,,,,,,,2025-11-24T02:41:38.686197Z,"Raw Georgia Pie BX1 is a strain from Raw Genetics, noted for its lineage as Georgia Pie BX1. No further details regarding its cannabinoid profile, genetic ratios, flowering time, effects, or flavors are available from the provided source.",1,"Webpage content was empty, so no additional information could be extracted or verified beyond the strain name and basic lineage provided in the scraped data."
https://www.cannabis-seeds-bank.co.uk/black-farm-genetix-glukies-collection-glukies-BX/prod_7127,Glukies Glukies,,BX,#4,Glukies X GG #4,Black Farm Genetix Genetics,The Attitude Seed Bank,Feminized,Photoperiod,,,,,,,,,,,,,,,,,,,,,,2025-11-25T11:12:09.999824,"Glukies BX is a cannabis strain developed by Black Farm Genetix, offered as feminized seeds. This hybrid cultivar is a cross between Glukies and GG #4, suitable for both indoor and outdoor cultivation.",1,"The webpage content provided very little specific information about the strain beyond its name and breeder. THC/CBD percentages, specific sativa/indica ratios, flowering time, effects, and flavors were not found in the provided text. The enhanced info is based solely on the genetics and cultivation area mentioned in the scraped data."
https://www.northatlanticseed.com/product/gorilla-candy-BX-r/,Gorilla Candy,,BX,#1,,Tiki Madman,North Atlantic Seed Company,Regular,,,,,,,,,,,,,,,,,,,,,,,2025-11-24T17:39:09.475878Z,"Gorilla Candy BX (R) is available for purchase online from North Atlantic Seed Co., an award-winning seed bank recognized as #1 by the ICA Cannabis Awards. The company emphasizes fast shipping and premium genetics for their offerings. However, specific details regarding the strain's THC and CBD content, genetic lineage, flowering time, typical effects, or flavor profile are not provided in the available webpage content.",1,"The provided webpage content is a generic e-commerce navigation and header/footer, not the specific product description for 'Gorilla Candy BX (R)'. As such, no strain-specific data (THC, CBD, genetics, flowering time, effects, flavors) could be extracted. The 'enhanced_info' reflects the general information available about the vendor and the strain's availability."
https://www.northatlanticseed.com/product/grimm-glue-BX-tester-f/,Grimm Glue,,BX,#1,,Brothers Grimm Seeds,North Atlantic Seed Company,Feminized,,,,,,,,,,,,,,,,,,,,,,,2025-11-24T17:37:12.889058Z,"Grimm Glue BX [TESTER] (F) is a feminized cannabis strain available for purchase online from North Atlantic Seed Co., an award-winning seed bank recognized by the ICA Cannabis Awards. The company emphasizes fast shipping and premium genetics for its offerings.",1,"The webpage content provided is primarily navigational and promotional, lacking any specific details regarding THC/CBD percentages, genetics ratios, flowering time, effects, or flavors for the 'Grimm Glue BX Tester' strain. The enhanced info is derived solely from the limited description in the scraped data and the webpage's general context."
https://www.cannabis-seeds-bank.co.uk/karma-genetics-seeds-happy-brother-BX2/prod_672,Happy Brother,,BX2,,Original Happy Brother cut X Happy Brother BX1 male,Karma Genetics,The Attitude Seed Bank,Regular,Photoperiod,,,,,,,,,63,77,Stretch Medium,,Medium,,,,,"hard-hitting, indica-like",,,,2025-11-25T15:47:45.548061,"Happy Brother BX2 is a mostly Indica strain developed by Karma Genetics, resulting from a cross between the Original Happy Brother cut and a Happy Brother BX1 male. This BX2 iteration is specifically bred to produce phenotypes that are more dominant in the Happy Brother characteristics compared to its BX1 predecessor. Growers can expect robust, rocky plants with wide leaves that generally do not require support during the flowering phase and respond favorably to topping. The strain has a flowering time of 9 to 11 weeks, yielding medium-height plants with a medium yield. It is particularly noted for its taste and delivers a potent, hard-hitting indica effect.",3,"THC, CBD, and specific sativa/indica percentages were not found in the provided texts. While taste is mentioned as a key feature, specific flavor profiles are not detailed. The 'webpage content' provided was largely a list of brands and contact information, offering no additional strain-specific details beyond what was in the 'scraped data'."
https://www.northatlanticseed.com/product/ice-cream-cake-bc1-r/,Ice Cream Cake,,BC1,#1,,Deadpanhead Seeds,North Atlantic Seed Company,Regular,,,,,,,,,,,,,,,,,,,,,"Sour cherry sauce, vanilla ice cream, pineapple, sweet pine, floral notes, leather.",,2025-11-24T16:19:45.579582Z,"Ice Cream Cake BC1 (R) is available for purchase online through North Atlantic Seed Co., a vendor recognized for fast shipping and premium genetics. The company was voted #1 by the ICA Cannabis Awards. The provided webpage content primarily details the general offerings of North Atlantic Seed Co., including various seed types, breeders, and promotions, but does not contain specific strain information such as THC/CBD percentages, genetic ratios, flowering time, effects, or flavors for Ice Cream Cake BC1 (R).",1,"The provided 'WEBPAGE CONTENT' is a general navigation/homepage for North Atlantic Seed Co. and does not contain any specific strain details (THC, CBD, genetics, flowering time, effects, flavors) for 'Ice Cream Cake BC1 (R)'. All specific data points are null as they were not present in the source text."
https://www.northatlanticseed.com/product/new-indiana-bubble-gum-BX-f/,Indiana Bubble Gum,,BX,#1,,Mosca Seeds,North Atlantic Seed Company,Feminized,,,,,,,,,,,,,,,,,,,,,,,2025-11-24T16:51:29.694175Z,"Indiana Bubble Gum BX (F) is a feminized cannabis strain available for purchase online from North Atlantic Seed Co. This seed bank has been recognized as #1 by the ICA Cannabis Awards, known for offering premium genetics and fast shipping.",1,"The provided webpage content is primarily a website header and navigation, containing no specific details regarding THC/CBD percentages, genetics ratios, flowering time, effects, or flavors for the Indiana Bubble Gum BX strain. Information is limited to the strain name, its feminized nature, and the vendor's accolades."
https://www.seedsman.com/us-en/indiana-bubble-gum-BX-feminised-seeds-mosca-ibgBX-fem,Indiana Bubble Gum,,BX,,,Seedsman,Seedsman,Feminized,,,,,,,,,,,,,,,,,,,,,,,2025-11-25T02:35:47.331540Z,"Information regarding the Indiana Bubble Gum BX Feminised strain, including its THC/CBD content, genetic lineage, flowering time, effects, and flavors, could not be extracted from the provided webpage content. The page appears to be an error message or a placeholder, indicating that JavaScript is required to run the application, and does not contain any specific strain details.",1,The provided webpage content was an error message ('You need to enable JavaScript to run this app.') and contained no actual strain information. All fields are null due to the complete absence of data.
https://www.northatlanticseed.com/product/jack-the-ripper-BX-r/,Jack The Ripper,,BX,#1,,Subcool Seeds,North Atlantic Seed Company,Regular,,,,,,,,,,,,Short to Stretch Medium,,Heavy,,,,,,,,,2025-11-24T16:34:17.509537Z,"Jack the Ripper BX (R) is a cannabis strain available for purchase online through North Atlantic Seed Co. This particular strain has been recognized for its quality, having been voted #1 by the ICA Cannabis Awards. North Atlantic Seed Co. emphasizes fast shipping and premium genetics for this offering.",1,"The provided webpage content is primarily navigational and promotional, lacking specific details regarding THC/CBD percentages, genetic ratios, flowering time, effects, or flavors for the Jack the Ripper BX (R) strain. The enhanced info is derived solely from the marketing blurb provided in the scraped data."
https://www.cannabis-seeds-bank.co.uk/in-house-genetics-jelly-breath-BX1/prod_6519,Jelly Breath,,BX1,,Jelly Breath X Grapes of Wrath,In House Genetics,The Attitude Seed Bank,Regular,Photoperiod,,,,,,,,,60,75,,,,,,,,"pain relief, appetite stimulant","grape, gas",,,2025-11-25T15:42:19.088048,"Jelly Breath BX1 is a highly sought-after cannabis strain developed by In House Genetics, resulting from a cross between Jelly Breath and Grapes of Wrath. This strain is available in regular seed form. Its flowers are visually striking, often displaying beautiful purple hues and a heavy coating of crystals, reminiscent of morning frost. The flavor profile is a distinctive blend of grapes and gas, offering a unique palate experience. Medically, Jelly Breath BX1 is recognized for its potential to aid with pain and appetite issues. Cultivators are advised to top and train these plants early to encourage uniform growth. The flowering period for Jelly Breath BX1 typically ranges from 60 to 75 days.",2,"The provided 'WEBPAGE CONTENT' was a list of seed banks/brands and did not contain the strain description. All extracted information (flowering time, effects, flavors, genetics, appearance, cultivation tips) was derived solely from the 'SCRAPED DATA'. THC%, CBD%, and Sativa/Indica percentages were not available in either source."
https://www.northatlanticseed.com/product/jesus-og-BX-r/,Jesus OG,,BX1,#1,,Subcool Seeds,North Atlantic Seed Company,Regular,,,,,,,,,,,,Stretch Medium to Stretch Tall,,Medium,,,,,,,,,2025-11-24T16:31:37.679188Z,"Jesus OG BX (R) is a cannabis strain available for purchase online from North Atlantic Seed Co., an establishment that requires age verification for customers to be 21 years or older. The strain was notably voted #1 by the ICA Cannabis Awards, indicating its recognized quality. North Atlantic Seed Co. emphasizes fast shipping and premium genetics for this offering.",1,"The provided webpage content is primarily navigation and general e-commerce information. It does not contain specific details regarding THC/CBD percentages, genetics ratios, flowering time, effects, or flavors for the 'Jesus OG BX (R)' strain. The enhanced_info is based solely on the limited marketing text provided in the scraped data."
https://www.cannabis-seeds-bank.co.uk/trichome-jungle-seeds-jungle-juice-BX1/prod_5972,Jungle Juice,,BX1,,Jungle Kush X Sour Diesel IBL X Jungle Kush,Trichome Jungle Seeds,The Attitude Seed Bank,Regular,Photoperiod,,,,,,,,,,,,,,,,,,,,,,2025-11-25T16:59:28.420880,"Jungle Juice BX1 is a cannabis strain developed by Trichome Jungle Genetics. Its genetic lineage is a cross between Jungle Kush, Sour Diesel IBL, and Jungle Kush, indicating a backcross (BX1) to the Jungle Kush parent. Further details regarding its cannabinoid profile, specific genetic ratios, flowering time, effects, or flavor profile are not available from the provided source.",1,"The provided webpage content was extremely limited, primarily listing seed banks and brands. It confirmed the strain name and breeder but offered no additional details on THC, CBD, genetics ratios, flowering time, effects, or flavors beyond the initial scraped lineage."
https://www.northatlanticseed.com/product/key-lime-pie-BX2-f-key-lime-pie-2-0-drop/,Key Lime Pie,,BX2,#1,,Sin City Seeds,North Atlantic Seed Company,Feminized,,,,,,,,,,,,,,,,,,,,,,,2025-11-24T15:55:49.512268Z,"The Key Lime Pie BX2 (F) [KEY LIME PIE 2.0 DROP] strain is available for purchase online from North Atlantic Seed Co., an entity recognized as #1 by the ICA Cannabis Awards. The provided webpage content primarily details the seed bank's general offerings, navigation, and age verification requirements, rather than specific genetic or characteristic information about the Key Lime Pie BX2 strain itself. The listing emphasizes fast shipping and premium genetics from the vendor.",1,"The provided webpage content is a navigation and header section of a seed bank website and does not contain any specific strain details such as THC/CBD percentages, genetics, flowering time, effects, or flavors for Key Lime Pie BX2. All specific data points are null due to lack of information in the source text."
https://multiversebeans.com/product/ethos-genetics-lemon-berry-candy-og-BX2-reg-photo/,Lemon Berry Candy OG,,BX2,,,Ethos Genetics,Multiverse Beans,Feminized,Photoperiod,,,,,,,,,,,,,,,,,,,"lemon, berry, candy",,,2025-11-24T20:32:15.077616Z,"Ethos Lemon Berry Candy OG BX2 is a regular photoperiod cannabis strain from Ethos Genetics. While specific cannabinoid percentages, genetic ratios, flowering time, and effects are not detailed on the provided page, its name suggests a flavor profile rich in lemon, berry, and sweet candy notes.",1,"Most data points (THC, CBD, genetics, flowering time, effects) are missing from the webpage content for the specified strain. Flavors were inferred directly from the strain name. The 'CBD, Hybrid' and 'CBD Dominate' descriptions on the page refer to 'Related products' and not the Ethos Lemon Berry Candy OG BX2 strain itself."
https://www.cannabis-seeds-bank.co.uk/lit-farms-seeds-lemon-cherry-gelato-BX1/prod_8905,Lemon Cherry Gelato,,BX1,,,LIT Farms,The Attitude Seed Bank,Feminized,Photoperiod,,,,,,,,,,,,,,,,,,,,,,2025-11-25T09:16:06.036111,"Lemon Cherry Gelato BX1 is a cannabis strain bred by LIT Farms Seeds. The provided webpage content primarily lists various seed banks and brands, offering no specific details regarding the strain's THC/CBD content, genetic lineage, flowering time, typical effects, or flavor profile.",1,"The provided webpage content was a list of seed banks and brands, not a strain-specific product page. Therefore, no detailed information (THC, CBD, genetics, flowering time, effects, flavors) could be extracted beyond the strain name and breeder."
https://www.northatlanticseed.com/product/master-kush-rBX-f/,Master Kush,,RBX,#1,,Ethos Genetics,North Atlantic Seed Company,Feminized,,,,,,,,,,,,,,,,,,,,,"Earthy, Pine, Spice",,2025-11-24T19:05:38.871239Z,"Master Kush RBX (F) [APRIL 2024 DROP] is available for purchase online from North Atlantic Seed Co., an establishment that requires age verification (21+) for all purchases. North Atlantic Seed Co. offers fast shipping and premium genetics, and was voted #1 by the ICA Cannabis Awards. The provided webpage content primarily details the vendor's services, promotions, and an extensive list of breeders and seed types, but does not contain specific genetic, potency, or characteristic information for the Master Kush RBX strain itself.",1,"The webpage content provided is a general e-commerce page for North Atlantic Seed Co., listing navigation, policies, and breeders. It does not contain any specific strain information (THC, CBD, genetics, flowering time, effects, or flavors) for Master Kush RBX. All strain-specific fields are null due to lack of data."
https://www.seedsman.com/us-en/mentha-de-croco-fern-BX1-f2-feminized-seeds-terp-mdcft-fem,Mentha De Croco Fern,F2,BX1,,,Seedsman,Seedsman,Feminized,,,,,,,,,,,,,,,,,,,,,,,2025-11-25T01:45:34.719644Z,"Information regarding the Mentha De Croco Fern BX1 F2 strain, including its cannabinoid profile, genetic lineage, flowering time, effects, and flavors, is currently unavailable from the provided source. The webpage content did not contain any specific details about this strain.",1,The provided webpage content was generic and did not contain any specific information about the 'Mentha De Croco Fern BX1 F2' strain. All data points are null due to lack of source information.
https://www.seedsman.com/us-en/mind-reaper-BX1-feminised-seeds-mosca-mrBX1-fem,Mind Reaper,,BX1,,,Seedsman,Seedsman,Feminized,,,,,,,,,,,,,,,,,,,,,,,2025-11-25T01:55:23.580587Z,"No detailed information regarding Mind Reaper BX1 Feminised, including its THC/CBD content, genetic lineage, flowering time, effects, or flavors, could be extracted from the provided webpage content. The content appears to be a generic website header or an error message, lacking specific strain details.",1,The provided webpage content was generic and contained no specific information about the 'Mind Reaper BX1 Feminised' strain. All fields are null due to a complete lack of extractable data.
https://neptuneseedbank.com/product/og-chemdog-BX2-strain/,OG ChemDOG,F2,BX2,,,Rebel Grown,Neptune Seed Bank,Regular,,,,,,,,,,,,,,Medium to High,,,,,,"gas, skunk",Sour,Easy,2025-11-24T02:17:31.588808Z,"OG Chemdog BX2 is a robust strain developed from a complex genetic lineage, combining OG Chemdog, OG, Chemdog, Sour Diesel, and Chemdog F2. This cross is celebrated for producing resin-rich buds characterized by a potent aroma profile featuring heavy gas and skunky funk notes.",1,"Webpage content was empty, so all information is derived solely from the provided 'Scraped Data'. Numerical values for THC, CBD, genetics, and flowering time are unavailable. Flavors were inferred from the 'heavy gas, skunky funk' description."
https://neptuneseedbank.com/product/og-chemdog-BX2-2-strain/,OG ChemDOG,,BX2,,,Rebel Grown,Neptune Seed Bank,Regular,,,,,,,,,,,,,,Medium to High,,,,,,"gas, skunk",Sour,Easy,2025-11-24T03:55:24.395882Z,"OG Chemdog BX2.2 is a regular seed strain developed from a complex genetic lineage, combining OG Chemdog, Chemdog, 5GÃƒÂƒÃ‚ÂƒÃƒÂ‚Ã‚ÂƒƒÃƒÂƒÃ‚ÂƒÃƒÂ‚Ã‚Â‚ƒÃƒÂƒÃ‚ÂƒÃƒÂ‚Ã‚Âƒ‚ÃƒÂƒÃ‚ÂƒÃƒÂ‚Ã‚Â‚ƒÃƒÂƒÃ‚ÂƒÃƒÂ‚Ã‚ÂƒƒÃƒÂƒÃ‚ÂƒÃƒÂ‚Ã‚Â‚‚ÃƒÂƒÃ‚ÂƒÃƒÂ‚Ã‚Âƒ‚ÃƒÂƒÃ‚ÂƒÃƒÂ‚Ã‚Â‚ƒÃƒÂƒÃ‚ÂƒÃƒÂ‚Ã‚ÂƒƒÃƒÂƒÃ‚ÂƒÃƒÂ‚Ã‚Â‚ƒÃƒÂƒÃ‚ÂƒÃƒÂ‚Ã‚Âƒ‚ÃƒÂƒÃ‚ÂƒÃƒÂ‚Ã‚Â‚‚ÃƒÂƒÃ‚ÂƒÃƒÂ‚Ã‚ÂƒƒÃƒÂƒÃ‚ÂƒÃƒÂ‚Ã‚Â‚‚ÃƒÂƒÃ‚ÂƒÃƒÂ‚Ã‚Âƒ‚ÃƒÂƒÃ‚ÂƒÃƒÂ‚Ã‚Â‚¢ÃƒÂƒÃ‚ÂƒÃƒÂ‚Ã‚ÂƒƒÃƒÂƒÃ‚ÂƒÃƒÂ‚Ã‚Â‚ƒÃƒÂƒÃ‚ÂƒÃƒÂ‚Ã‚Âƒ‚ÃƒÂƒÃ‚ÂƒÃƒÂ‚Ã‚Â‚ƒÃƒÂƒÃ‚ÂƒÃƒÂ‚Ã‚ÂƒƒÃƒÂƒÃ‚ÂƒÃƒÂ‚Ã‚Â‚‚ÃƒÂƒÃ‚ÂƒÃƒÂ‚Ã‚Âƒ‚ÃƒÂƒÃ‚ÂƒÃƒÂ‚Ã‚Â‚‚ÃƒÂƒÃ‚ÂƒÃƒÂ‚Ã‚ÂƒƒÃƒÂƒÃ‚ÂƒÃƒÂ‚Ã‚Â‚ƒÃƒÂƒÃ‚ÂƒÃƒÂ‚Ã‚Âƒ‚ÃƒÂƒÃ‚ÂƒÃƒÂ‚Ã‚Â‚‚ÃƒÂƒÃ‚ÂƒÃƒÂ‚Ã‚ÂƒƒÃƒÂƒÃ‚ÂƒÃƒÂ‚Ã‚Â‚‚ÃƒÂƒÃ‚ÂƒÃƒÂ‚Ã‚Âƒ‚ÃƒÂƒÃ‚ÂƒÃƒÂ‚Ã‚Â‚€ÃƒÂƒÃ‚ÂƒÃƒÂ‚Ã‚ÂƒƒÃƒÂƒÃ‚ÂƒÃƒÂ‚Ã‚Â‚ƒÃƒÂƒÃ‚ÂƒÃƒÂ‚Ã‚Âƒ‚ÃƒÂƒÃ‚ÂƒÃƒÂ‚Ã‚Â‚ƒÃƒÂƒÃ‚ÂƒÃƒÂ‚Ã‚ÂƒƒÃƒÂƒÃ‚ÂƒÃƒÂ‚Ã‚Â‚‚ÃƒÂƒÃ‚ÂƒÃƒÂ‚Ã‚Âƒ‚ÃƒÂƒÃ‚ÂƒÃƒÂ‚Ã‚Â‚‚ÃƒÂƒÃ‚ÂƒÃƒÂ‚Ã‚ÂƒƒÃƒÂƒÃ‚ÂƒÃƒÂ‚Ã‚Â‚ƒÃƒÂƒÃ‚ÂƒÃƒÂ‚Ã‚Âƒ‚ÃƒÂƒÃ‚ÂƒÃƒÂ‚Ã‚Â‚‚ÃƒÂƒÃ‚ÂƒÃƒÂ‚Ã‚ÂƒƒÃƒÂƒÃ‚ÂƒÃƒÂ‚Ã‚Â‚‚ÃƒÂƒÃ‚ÂƒÃƒÂ‚Ã‚Âƒ‚ÃƒÂƒÃ‚ÂƒÃƒÂ‚Ã‚Â‚™s Yellow, and OG Chemdog ix1. This unique cross is celebrated for producing resin-rich buds that exude a distinct profile of pure gas and skunky funk.",1,Webpage content was empty. Information extracted solely from the 'Current Info' in the scraped data. Most fields are null due to lack of data.
https://www.northatlanticseed.com/product/og-kush-auto-f4-ibl/,OG Kush Auto,F4,IBL,#1,,James Loud Genetics,North Atlantic Seed Company,Feminized,Autoflowering,,,,,,,,,,,,,,,,,,,,"Citrus, earthy, gas, lemon, melon rind, and piney, earthy and piney undertones with the brightness of citrus and lemon accents.",,2025-11-24T15:25:14.856593Z,"OG Kush Auto F4 IBL is an autoflowering cannabis strain available for purchase online through North Atlantic Seed Co. This particular strain has been recognized for its quality, having been voted #1 by the ICA Cannabis Awards. North Atlantic Seed Co. emphasizes fast shipping and premium genetics for this offering.",1,"The provided webpage content is primarily navigational and promotional, lacking specific details such as THC/CBD percentages, genetic ratios, flowering time, effects, or flavors for the 'OG Kush Auto F4 IBL' strain. The enhanced_info is based solely on the limited details available in the scraped data and the strain's autoflower designation from the name."
https://www.seedsman.com/us-en/og-kush-f4-ibl-auto-feminized-seeds-jlg-ogkf4ibl-auto-fem,OG Kush Auto,F4,IBL,,,Seedsman,Seedsman,Feminized,Autoflowering,,,,,,,,,,,,,,,,,,,,,,2025-11-25T02:03:44.690710Z,"No specific information regarding the Og Kush F4 IBL strain's characteristics, such as THC/CBD content, genetic lineage, flowering time, effects, or flavors, could be extracted from the provided webpage content. The content was generic and did not describe the strain.",1,The provided webpage content was generic (website title and JavaScript warning) and contained no specific data for the 'Og Kush F4 Ibl' strain. All fields are null due to lack of information.
https://www.northatlanticseed.com/product/og-kush-autoflower-rBX/,OG Kush Auto,,RBX,#1,,Ethos Genetics,North Atlantic Seed Company,Feminized,Autoflowering,,,,,,,,,,,,,,,,,,,,"Petrol, Pine, Spices",,2025-11-24T16:48:40.606547Z,"OG Kush Auto seeds are available for purchase online through North Atlantic Seed Co., a retailer known for fast shipping and premium genetics. This particular autoflowering variant of OG Kush has received notable recognition, being voted #1 by the ICA Cannabis Awards.",1,"The provided webpage content is primarily navigational and promotional for the seed bank, lacking specific strain details such as THC/CBD percentages, genetic ratios, flowering time, effects, or flavors for OG Kush Auto. The enhanced info is based solely on the limited descriptive text available."
https://www.cannabis-seeds-bank.co.uk/green-bodhi-seeds-ogcd-BX/prod_8718,OGCD,F1,BX,,OGCD78 F1 X OGCD78 F2 Area: Indoor / Outdoor,Green Bodhi Seeds,The Attitude Seed Bank,Regular,Photoperiod,,,,,,,,,63,70,,198.1,,,,,,"serene body sensation, lucid mind, all-day","gas, chem, spice",,,2025-11-25T14:22:12.029772,"OGCD BX is a cannabis strain developed by Green Bodhi, created through a meticulous backcrossing technique that marries the OGCD78 F1 with an F2 generation of the OGCD. This process aims to fortify the distinctive traits of the OGCD78 in the resulting offspring. The plant exhibits a classic OG structure, producing generously sized buds adorned with abundant trichomes and a moderate stretch during growth. For optimal cultivation, caging, staking, or trellising techniques with minimal topping are recommended for both indoor and outdoor environments. OGCD BX is known for its profound terpene profile, featuring robust notes of gas, chem, and spice aromas. Its cumulative effects deliver a serene body sensation and a lucid mind, making it an excellent choice for an all-day strain. The flowering time for OGCD BX is approximately 9-10 weeks, with an expected yield of 3-5 ounces per plant.",3,"THC, CBD, and Sativa/Indica percentages were not available in the provided text. Flowering time, effects, and flavors were successfully extracted from the scraped data. The enhanced info paragraph synthesizes all available descriptive information."
https://multiversebeans.com/product/ethos-genetics-ogdlux-BX3-strain-reg-photo/,OGDLUX BX3,,BX3,,,Ethos Genetics,Multiverse Beans,Feminized,Photoperiod,,,,,,,,,,,,,,,,,,,,,,2025-11-24T20:54:02.417949Z,"Ethos Ogdlux BX3 is a hybrid cannabis strain developed by Ethos Genetics. It is a photoperiod variety, indicating it requires a specific light cycle to initiate flowering. The seeds are described as 'REG PHOTO', suggesting they are regular seeds, capable of producing both male and female plants.",1,"Most specific data points (THC%, CBD%, genetics ratios, flowering time, effects, flavors) were not present in the provided webpage content. Only the breeder, strain type (hybrid), and flowering characteristic (photoperiod, regular seeds) could be extracted."
https://www.northatlanticseed.com/product/ogdlux-BX3/,OGDLUX BX4,,BX3,#1,,Ethos Genetics,North Atlantic Seed Company,Regular,,,,,,,,,,,,,,Average,,,,,,,"Gasoline, Cherry, Funky",,2025-11-24T19:07:27.259004Z,"OGDLUX BX3 (R) is available for purchase online through North Atlantic Seed Co., an acclaimed seed bank recognized as #1 by the ICA Cannabis Awards. The company emphasizes fast shipping and premium genetics for its offerings. Detailed strain-specific information regarding THC/CBD content, genetic lineage, flowering time, effects, or flavors was not present in the provided webpage content.",1,"The provided webpage content was a general site navigation and age verification page, not the specific product page for OGDLUX BX3. Consequently, no strain-specific details like THC/CBD percentages, genetics, flowering time, effects, or flavors could be extracted. The enhanced_info reflects only the general information about purchasing the strain from North Atlantic Seed Co."
https://www.cannabis-seeds-bank.co.uk/green-bodhi-seeds-ogla78-BX/prod_8714,OGLA78 BX,F1,BX,,OGLA78 X OGLA78 Area: Indoor / Outdoor,Green Bodhi Seeds,The Attitude Seed Bank,Regular,Photoperiod,,,,,,,,,63,70,,,,,,,,"calming, relaxing","earthy, savory, spicy, sweet, skunky, gassy",,,2025-11-25T15:37:07.095650,"OGLA78 BX by Green Bodhi is a meticulously crafted cannabis strain, developed through a back-cross of an OGLA78 select female F1 with a carefully chosen F2 male to enhance stability and promote a high percentage of female plants. This strain boasts a dominant terpene profile characterized by earthy tones, savory herbs, and enticing spices, complemented by an aromatic experience of sweet, skunky, and gassy notes. OGLA78 BX typically exhibits a classic OG structure adorned with a mesmerizing layer of trichomes. Cultivation is rewarding, with plants displaying a low leaf-to-bud ratio and moderate stretch. Green Bodhi recommends employing support structures like cages, stakes, or trellises, and suggests minimal topping for optimal results. Suitable for both indoor and outdoor environments, it has a flowering time of 9-10 weeks and can yield 3-5 oz per plant. Smoking OGLA78 BX offers a calming and relaxing experience, ideal for unwinding or taking the edge off after a long day.",3,THC/CBD percentages and specific Sativa/Indica ratios were not provided in the scraped data. All other available information from the scraped data was incorporated into the enhanced info and extracted fields. The webpage content provided was irrelevant to the strain details.
https://www.seedsman.com/us-en/ogla78-BX-regular-seeds-11-grb-ogla78-reg-11,OGLA78 BX,,BX,,,Seedsman,Seedsman,,,,,,,,,,,,,,,,,,,,,,,,2025-11-25T01:55:35.827172Z,"Information regarding the Ogla78 BX - 11 strain, including its cannabinoid profile, genetic lineage, flowering time, effects, and flavors, is currently unavailable from the provided source. The webpage content did not contain specific details for this strain.",1,The provided webpage content was generic and did not contain any specific information about the 'Ogla78 BX - 11' strain. All fields are null due to lack of data.
https://www.cannabis-seeds-bank.co.uk/underground-originals-seeds-oldtimes-BX/prod_1586,Oldtimes,,BX,,,Underground Originals Seeds,The Attitude Seed Bank,Regular,Photoperiod,,,,,,,,,56,70,,,,,,,,,,,,2025-11-25T17:05:37.128016,"Oldtimes BX, an offering from Underground Original Seeds, is a highly potent and powerful sativa-dominant hybrid. This truly unique old-school strain is genetically derived from ES x esb x Blueberry. It is renowned for producing some of the strongest and most potent plants released by Underground Originals to date, characterized by a very high THC level. The flowering period for Oldtimes BX typically ranges between 8 to 10 weeks.",3,"Extracted flowering time, genetic lineage, and sativa dominance. THC level is noted as 'very high' but no specific percentages were available. CBD, exact sativa/indica percentages, effects, and flavors were not mentioned in the provided text."
https://www.northatlanticseed.com/product/orange-velvet-underground-rBX/,Orange Velvet Underground,,RBX,#1,,Ethos Genetics,North Atlantic Seed Company,Feminized,,,,,,,,,,,,,,Average,,,,,,,"Orange Spices, Earthy, Skunk",,2025-11-24T16:39:03.863353Z,"Orange Velvet Underground RBX (F) is a feminized cannabis strain currently available for purchase from North Atlantic Seed Co. This strain has been recognized for its quality, having been voted #1 by the ICA Cannabis Awards. It is noted as 'RETIRING SOON,' indicating limited availability. North Atlantic Seed Co. emphasizes fast shipping and premium genetics for this offering.",1,"The webpage content provided very limited strain-specific details. No information regarding THC/CBD percentages, genetics ratios, flowering time, effects, or flavors was present. The enhanced_info paragraph is derived solely from the scraped 'Current Info' and the strain name/status from the webpage."
https://www.cannabis-seeds-bank.co.uk/dynasty-genetics-seeds-oregon-huckleberry-ibl-2015/prod_3503,Oregon Huckleberry,F4,IBL,,Oregon Huckleberry F4 X Oregon Huckleberry BX3,Dynasty Genetics Seeds,The Attitude Seed Bank,Regular,Photoperiod,,,,,,,,,56,63,,,,,,,,"heavy body high, hunger-inducing, sleep-inducing, medicinal","berry, citrus, rotten fruit, earthy, sour fruit",,,2025-11-25T15:22:01.946965,"Oregon Huckleberry IBL 2015 is an Indica-dominant strain meticulously developed by Dynasty Genetics. Its lineage traces back to a cross between Oregon Huckleberry F4 and Oregon Huckleberry BX3. The maternal line, Oregon Huckleberry F4, was cultivated and selected over five years, known for its rapid flowering, tight internode spacing, and a profound body high. The paternal Oregon Huckleberry BX3, incorporating Blue Magoo genetics, was chosen to enhance potency and vigor while preserving the strain's distinctive Huckleberry characteristics and medicinal efficacy. This strain produces plants with striking dark violet/burgundy hues and emits complex aromas of berries, citrus, and rotten fruit. Its dense buds are highly resinous, offering an earthy berry flavor complemented by hints of citrus and sour fruit. Oregon Huckleberry IBL 2015 delivers an immediate and heavy body high, often inducing hunger and promoting sleep, making it a potent medicinal option. It is suitable for indoor, outdoor, and greenhouse cultivation, with a bloom length of 8 to 9 weeks.",3,"THC/CBD percentages and exact sativa/indica ratios were not provided in the scraped data. All other information was extracted directly from the 'SCRAPED DATA' section, as the 'WEBPAGE CONTENT' was largely a list of brands and irrelevant to the strain's details."
https://www.cannabis-seeds-bank.co.uk/grateful-seeds-papaya-BX1/prod_8286,Papaya,,BX1,#33,Papaya (KCMango #33 X Afghani) (@calikosher cut) X FruitJoy #20,Grateful Seeds,The Attitude Seed Bank,Feminized,Photoperiod,,,,,,,,,50,55,Short,,,,,,,,"Papaya, Sweet, Tropical",,,2025-11-25T12:21:06.158321,"Papaya BX1 is an aromatic cannabis strain from Grateful Seeds, resulting from a cross between Papaya (KCMango #33 x Afghani, specifically the @calikosher cut) and FruitJoy #20. This strain develops into short plants with an indica pine tree structure, producing dense, resinous buds. It boasts a relatively short flowering period of 50-55 days (7-8 weeks) and offers impressive yields. The flavor profile is dominated by delightful papaya notes, complemented by a hint of tropical sweetness. Papaya BX1 is also noted for producing sandy trichomes, yielding a return of approximately 4-5%.",3,"The provided 'WEBPAGE CONTENT' was irrelevant, consisting only of a list of seed banks. All extracted and enhanced information was derived solely from the 'SCRAPED DATA'. THC%, CBD%, explicit sativa/indica percentages, and effects were not present in the source material."
https://neptuneseedbank.com/product/peanut-butter-pie-breath-BX-strain/,Peanut Butter Pie Breath,,BX,,,Staefli Farms Genetics,Neptune Seed Bank,,,,,,,,,,,,,,,Medium to High,,,,,Potent,"Gassy, Dessert, Funk","Kushy, Sweet",,2025-11-24T03:40:36.902345Z,"Peanut Butter Pie Breath BX is a hybrid strain cultivated by Staefli Farms Genetics. This cultivar is noted for its distinctive gassy dessert funk aroma and flavor profile, often exhibiting heavy frost on its buds. Users can expect potent hybrid effects from this strain.",1,"The webpage content was empty, so all information was derived solely from the provided scraped data. Many key data points such as THC/CBD percentages, specific genetics, and flowering time are missing."
https://www.northatlanticseed.com/product/pina-auto-r-BX2/,Pina Auto,,BX2,#1,,Ethos Genetics,North Atlantic Seed Company,Feminized,Autoflowering,,,,,,,,,,,,,Average,,,,,,,"Candied Fruits, Pineapple, Peaches",,2025-11-24T18:38:17.690055Z,"Pina RBX2 Auto is an autoflowering cannabis strain available for purchase online through North Atlantic Seed Co. This strain has received recognition, being voted #1 by the ICA Cannabis Awards, highlighting its premium genetics. North Atlantic Seed Co. emphasizes fast shipping for its products.",1,"The webpage content provided is primarily navigational and promotional for North Atlantic Seed Co. and does not contain any specific strain details such as THC/CBD percentages, genetics ratios, flowering time, effects, or flavors for Pina RBX2 Auto. The enhanced_info is derived solely from the minimal scraped data."
https://multiversebeans.com/product/ethos-genetics-pina-auto-rBX2-strain-auto-fem/,Pina Auto,,BX2,,,Ethos Genetics,Multiverse Beans,Feminized,Autoflowering,,,,,,,,,,,,,,,,,,,,,,2025-11-24T20:40:33.340086Z,"Ethos Pina Auto RBX2 is an autoflowering, feminized hybrid strain developed by Ethos Genetics. It is characterized as being CBD and CBG dominant, suggesting a cannabinoid profile focused on these compounds rather than high THC.",1,"The scraped genetic information 'Pluto Auto x Peach OG' was not found on the provided webpage for Ethos Pina RBX2. Most requested data points (THC/CBD percentages, sativa/indica percentages, flowering time, effects, flavors) were not available in the webpage content. The strain is confirmed as an autoflowering, feminized hybrid with a focus on CBD and CBG."
https://www.northatlanticseed.com/product/pluto-cookies-ibl-auto-ethos-4-20-drop/,Pluto Cookies Auto,,IBL,#1,,Ethos Genetics,North Atlantic Seed Company,Feminized,Autoflowering,,,,,,,,,,,,,,,,,,,,"Gas, Pine, Coconut",,2025-11-24T18:10:06.258771Z,"Pluto Cookies IBL Auto, part of the ETHOS 4/20 DROP, is available for purchase online from North Atlantic Seed Co. This strain is recognized by the ICA Cannabis Awards as a top choice, offered with fast shipping and premium genetics. The provided webpage content does not contain specific details regarding its THC/CBD percentages, genetic ratios, flowering time, effects, or flavor profile.",1,"The webpage content is a general e-commerce page for North Atlantic Seed Co., mentioning the strain name but providing no specific details about its characteristics (THC, CBD, genetics, flowering time, effects, flavors). All specific data points are null as they are not present in the source text."
https://www.seedsman.com/us-en/pluto-cookies-ibl-auto-feminized-seeds-etho-pcibl-auto-fem,Pluto Cookies Auto,,IBL,,,Seedsman,Seedsman,Feminized,Autoflowering,,,,,,,,,,,,,,,,,,,,,,2025-11-25T02:12:44.749346Z,"No specific information regarding the Pluto Cookies IBL strain, including its THC/CBD content, genetic lineage, flowering time, effects, or flavors, could be extracted from the provided webpage content. The webpage only contained a generic message about enabling JavaScript and Seedsman Cannabis Seeds.",1,The provided webpage content did not contain any specific information about the 'Pluto Cookies Ibl' strain. All fields are null as no data could be extracted.
https://www.northatlanticseed.com/product/pre98-bubba-BX2/,Pre 98 Bubba,,BX2,#1,,Cali Connection,North Atlantic Seed Company,Feminized,,,,,,,,,,,,,,,,,,,,,,,2025-11-24T18:49:00.896793Z,"Pre98 Bubba BX2 (F) is a feminized cannabis strain available for purchase online from North Atlantic Seed Co. This strain has been recognized for its premium genetics, earning the #1 spot at the ICA Cannabis Awards. North Atlantic Seed Co. offers fast shipping for this highly acclaimed variety.",1,"The webpage content provided is primarily navigation and age verification, with no specific strain details (THC, CBD, genetics, flowering time, effects, flavors). The enhanced_info is derived solely from the limited scraped data. All specific data fields are null due to lack of information on the source page."
https://www.cannabis-seeds-bank.co.uk/cali-connection-seeds-pre-98-bubba-BX2/prod_179,Pre 98 Bubba,,BX2,,Pre-98 Bubba Clone Backcrossed Fem seeds: Pre-98 Bubba X Pre-98 Bubba S1 Reg seeds: Pre-98 Bubba to Pre-98 Bubba BX2 Yield: Medium,Cali Connection,The Attitude Seed Bank,Regular & Feminized,Photoperiod,,,,,,,,,55,60,Stretch Medium,,,,,,,,"Chocolate, Coffee, Hash oil",,,2025-11-25T07:36:28.625280,"Pre-98 Bubba BX2, developed by Cali Connection Seeds, is a backcrossed strain specifically bred to stabilize the renowned Pre-98 Bubba Kush clone into a reliable seed form. Its lineage involves a cross of Pre-98 Bubba x Pre-98 Bubba S1 for feminized seeds, and Pre-98 Bubba to Pre-98 Bubba BX2 for regular seeds. This hardy plant is characterized by a very thick stem, exhibiting no significant stretch, and produces solid, medium yields of dense, golf ball-style nuggets. It boasts a short and fast flowering period, typically maturing within 55 to 60 days. The strain is highly regarded for its unique aroma and flavor profile, which is distinctly reminiscent of Chocolate, Coffee, and Hash oil. Notably, Pre-98 Bubba BX2 earned 1st Place in the 'High CBD' category at the 2011 High Times Medical Cup, indicating a significant CBD presence.",3,"The provided webpage content did not contain additional strain-specific details beyond what was already present in the 'scraped data' block. All extracted information, including flowering time, flavors, lineage, and awards, was derived directly from the detailed description within the scraped data. THC, specific CBD percentages, and genetic ratios were not explicitly stated."
https://multiversebeans.com/product/cali-connection-pre-98-bubba-BX2-strain-fem-photo-6-pack/,Pre 98 Bubba,,BX2,,,Cali Connection,Multiverse Beans,Feminized,Autoflowering,,,,,,,,,,,,,,,,,,,,,,2025-11-24T20:33:24.221112Z,"Pre 98 Bubba BX2 is a feminized photoperiod cannabis strain developed by Cali Connection. It is available in a 6-pack seed option. The webpage content does not provide specific details regarding its THC/CBD content, genetic lineage (Indica/Sativa percentages), flowering time, typical effects, or flavor profile.",1,"The webpage content is extremely limited for this specific strain. No THC, CBD, specific genetics, flowering time, effects, or flavors were found. The scraped 'info' was a general shipping notice, not strain-specific. The enhanced_info reflects the minimal details available (breeder, feminized, photoperiod, pack size)."
https://www.seedsman.com/us-en/pre98-bubba-BX2-feminised-seeds-6-cc-012-f6,Pre 98 Bubba,,BX2,,,Seedsman,Seedsman,Feminized,,,,,,,,,,,,,,,,,,,,,,,2025-11-25T02:32:44.077324Z,"Detailed information regarding the Pre98 Bubba BX2 Feminised strain, including its THC/CBD content, genetic lineage, flowering time, effects, and flavors, could not be extracted from the provided webpage content. The page appears to be a generic landing page or an error page, lacking specific strain details.",1,The provided webpage content was generic and did not contain any specific information about the 'Pre98 Bubba BX2 Feminised' strain. All strain-specific details are missing.
https://www.northatlanticseed.com/product/punchberry-cookies-rBX/,Punchberry Cookie,,RBX,#1,,Ethos Genetics,North Atlantic Seed Company,Feminized,,,,,,,,,,,,,,High,,,,,,,"Hawaiian Punch, Extra-Sweet Cherries, Strawberries",,2025-11-24T18:41:54.267405Z,"Punchberry Cookies RBX (F) is a feminized cannabis strain available for purchase online from North Atlantic Seed Co. This vendor has been recognized as #1 by the ICA Cannabis Awards, offering premium genetics and fast shipping.",1,"The provided webpage content is primarily a website header and navigation, containing no specific details regarding THC/CBD percentages, genetic ratios, flowering time, effects, or flavors for the Punchberry Cookies RBX strain. Information is limited to the strain name, its feminized nature, and vendor details."
https://www.northatlanticseed.com/product/purple-jellato-BX1/,Purple Jellato,,BX1,#1,,Clearance,North Atlantic Seed Company,Regular,,,,,,,,,,,,,,,,,,,,,,,2025-11-24T18:30:59.596741Z,"Purple Jellato BX1 (R) cannabis seeds are available for purchase online from North Atlantic Seed Co., an award-winning retailer recognized by the ICA Cannabis Awards. The company emphasizes fast shipping and premium genetics for this strain.",1,"The provided webpage content is primarily navigational and promotional, offering no specific details regarding THC/CBD percentages, genetics, flowering time, effects, or flavors for the Purple Jellato BX1 strain. All specific data fields are null due to lack of information."
https://www.northatlanticseed.com/product/purple-sunset-r2-BX/,Purple Sunset,R2,BX,#1,,Ethos Genetics,North Atlantic Seed Company,Feminized,,,,,,,,,,,,,,High,,,,,,,"Sweet & Spicy Citrus, Berries, Floral",,2025-11-24T15:58:27.492271Z,"Purple Sunset R2 BX (F) cannabis seeds are available for purchase online from North Atlantic Seed Co., an award-winning seed bank recognized by the ICA Cannabis Awards. The company emphasizes fast shipping and premium genetics. This specific webpage primarily serves as a navigational hub for the seed bank, offering various categories for seed types, breeders, and promotions, but does not provide detailed strain-specific information such as cannabinoid profiles, genetic lineage, flowering times, or typical effects and flavors for Purple Sunset R2 BX.",1,"The provided webpage content is a general website header/navigation and does not contain any specific strain details (THC, CBD, genetics, flowering time, effects, flavors) for Purple Sunset R2 BX. All specific data points are null due to lack of information on the source page."
https://www.northatlanticseed.com/product/purple-original-z-cut-rBX/,Purple Z Cut,,RBX,#1,,Ethos Genetics,North Atlantic Seed Company,Feminized,,,,,,,,,,,,,,Average,,,,,,,"Sweet Candy, Various Fruits, Sandalwood",,2025-11-24T18:25:22.600486Z,"Purple Original ÃƒÂƒÃ‚ÂƒÃƒÂ‚Ã‚ÂƒƒÃƒÂƒÃ‚ÂƒÃƒÂ‚Ã‚Â‚ƒÃƒÂƒÃ‚ÂƒÃƒÂ‚Ã‚Âƒ‚ÃƒÂƒÃ‚ÂƒÃƒÂ‚Ã‚Â‚ƒÃƒÂƒÃ‚ÂƒÃƒÂ‚Ã‚ÂƒƒÃƒÂƒÃ‚ÂƒÃƒÂ‚Ã‚Â‚‚ÃƒÂƒÃ‚ÂƒÃƒÂ‚Ã‚Âƒ‚ÃƒÂƒÃ‚ÂƒÃƒÂ‚Ã‚Â‚ƒÃƒÂƒÃ‚ÂƒÃƒÂ‚Ã‚ÂƒƒÃƒÂƒÃ‚ÂƒÃƒÂ‚Ã‚Â‚ƒÃƒÂƒÃ‚ÂƒÃƒÂ‚Ã‚Âƒ‚ÃƒÂƒÃ‚ÂƒÃƒÂ‚Ã‚Â‚‚ÃƒÂƒÃ‚ÂƒÃƒÂ‚Ã‚ÂƒƒÃƒÂƒÃ‚ÂƒÃƒÂ‚Ã‚Â‚‚ÃƒÂƒÃ‚ÂƒÃƒÂ‚Ã‚Âƒ‚ÃƒÂƒÃ‚ÂƒÃƒÂ‚Ã‚Â‚¢ÃƒÂƒÃ‚ÂƒÃƒÂ‚Ã‚ÂƒƒÃƒÂƒÃ‚ÂƒÃƒÂ‚Ã‚Â‚ƒÃƒÂƒÃ‚ÂƒÃƒÂ‚Ã‚Âƒ‚ÃƒÂƒÃ‚ÂƒÃƒÂ‚Ã‚Â‚ƒÃƒÂƒÃ‚ÂƒÃƒÂ‚Ã‚ÂƒƒÃƒÂƒÃ‚ÂƒÃƒÂ‚Ã‚Â‚‚ÃƒÂƒÃ‚ÂƒÃƒÂ‚Ã‚Âƒ‚ÃƒÂƒÃ‚ÂƒÃƒÂ‚Ã‚Â‚‚ÃƒÂƒÃ‚ÂƒÃƒÂ‚Ã‚ÂƒƒÃƒÂƒÃ‚ÂƒÃƒÂ‚Ã‚Â‚ƒÃƒÂƒÃ‚ÂƒÃƒÂ‚Ã‚Âƒ‚ÃƒÂƒÃ‚ÂƒÃƒÂ‚Ã‚Â‚‚ÃƒÂƒÃ‚ÂƒÃƒÂ‚Ã‚ÂƒƒÃƒÂƒÃ‚ÂƒÃƒÂ‚Ã‚Â‚‚ÃƒÂƒÃ‚ÂƒÃƒÂ‚Ã‚Âƒ‚ÃƒÂƒÃ‚ÂƒÃƒÂ‚Ã‚Â‚€ÃƒÂƒÃ‚ÂƒÃƒÂ‚Ã‚ÂƒƒÃƒÂƒÃ‚ÂƒÃƒÂ‚Ã‚Â‚ƒÃƒÂƒÃ‚ÂƒÃƒÂ‚Ã‚Âƒ‚ÃƒÂƒÃ‚ÂƒÃƒÂ‚Ã‚Â‚ƒÃƒÂƒÃ‚ÂƒÃƒÂ‚Ã‚ÂƒƒÃƒÂƒÃ‚ÂƒÃƒÂ‚Ã‚Â‚‚ÃƒÂƒÃ‚ÂƒÃƒÂ‚Ã‚Âƒ‚ÃƒÂƒÃ‚ÂƒÃƒÂ‚Ã‚Â‚‚ÃƒÂƒÃ‚ÂƒÃƒÂ‚Ã‚ÂƒƒÃƒÂƒÃ‚ÂƒÃƒÂ‚Ã‚Â‚ƒÃƒÂƒÃ‚ÂƒÃƒÂ‚Ã‚Âƒ‚ÃƒÂƒÃ‚ÂƒÃƒÂ‚Ã‚Â‚‚ÃƒÂƒÃ‚ÂƒÃƒÂ‚Ã‚ÂƒƒÃƒÂƒÃ‚ÂƒÃƒÂ‚Ã‚Â‚‚ÃƒÂƒÃ‚ÂƒÃƒÂ‚Ã‚Âƒ‚ÃƒÂƒÃ‚ÂƒÃƒÂ‚Ã‚Â‚œZÃƒÂƒÃ‚ÂƒÃƒÂ‚Ã‚ÂƒƒÃƒÂƒÃ‚ÂƒÃƒÂ‚Ã‚Â‚ƒÃƒÂƒÃ‚ÂƒÃƒÂ‚Ã‚Âƒ‚ÃƒÂƒÃ‚ÂƒÃƒÂ‚Ã‚Â‚ƒÃƒÂƒÃ‚ÂƒÃƒÂ‚Ã‚ÂƒƒÃƒÂƒÃ‚ÂƒÃƒÂ‚Ã‚Â‚‚ÃƒÂƒÃ‚ÂƒÃƒÂ‚Ã‚Âƒ‚ÃƒÂƒÃ‚ÂƒÃƒÂ‚Ã‚Â‚ƒÃƒÂƒÃ‚ÂƒÃƒÂ‚Ã‚ÂƒƒÃƒÂƒÃ‚ÂƒÃƒÂ‚Ã‚Â‚ƒÃƒÂƒÃ‚ÂƒÃƒÂ‚Ã‚Âƒ‚ÃƒÂƒÃ‚ÂƒÃƒÂ‚Ã‚Â‚‚ÃƒÂƒÃ‚ÂƒÃƒÂ‚Ã‚ÂƒƒÃƒÂƒÃ‚ÂƒÃƒÂ‚Ã‚Â‚‚ÃƒÂƒÃ‚ÂƒÃƒÂ‚Ã‚Âƒ‚ÃƒÂƒÃ‚ÂƒÃƒÂ‚Ã‚Â‚¢ÃƒÂƒÃ‚ÂƒÃƒÂ‚Ã‚ÂƒƒÃƒÂƒÃ‚ÂƒÃƒÂ‚Ã‚Â‚ƒÃƒÂƒÃ‚ÂƒÃƒÂ‚Ã‚Âƒ‚ÃƒÂƒÃ‚ÂƒÃƒÂ‚Ã‚Â‚ƒÃƒÂƒÃ‚ÂƒÃƒÂ‚Ã‚ÂƒƒÃƒÂƒÃ‚ÂƒÃƒÂ‚Ã‚Â‚‚ÃƒÂƒÃ‚ÂƒÃƒÂ‚Ã‚Âƒ‚ÃƒÂƒÃ‚ÂƒÃƒÂ‚Ã‚Â‚‚ÃƒÂƒÃ‚ÂƒÃƒÂ‚Ã‚ÂƒƒÃƒÂƒÃ‚ÂƒÃƒÂ‚Ã‚Â‚ƒÃƒÂƒÃ‚ÂƒÃƒÂ‚Ã‚Âƒ‚ÃƒÂƒÃ‚ÂƒÃƒÂ‚Ã‚Â‚‚ÃƒÂƒÃ‚ÂƒÃƒÂ‚Ã‚ÂƒƒÃƒÂƒÃ‚ÂƒÃƒÂ‚Ã‚Â‚‚ÃƒÂƒÃ‚ÂƒÃƒÂ‚Ã‚Âƒ‚ÃƒÂƒÃ‚ÂƒÃƒÂ‚Ã‚Â‚€ÃƒÂƒÃ‚ÂƒÃƒÂ‚Ã‚ÂƒƒÃƒÂƒÃ‚ÂƒÃƒÂ‚Ã‚Â‚ƒÃƒÂƒÃ‚ÂƒÃƒÂ‚Ã‚Âƒ‚ÃƒÂƒÃ‚ÂƒÃƒÂ‚Ã‚Â‚ƒÃƒÂƒÃ‚ÂƒÃƒÂ‚Ã‚ÂƒƒÃƒÂƒÃ‚ÂƒÃƒÂ‚Ã‚Â‚‚ÃƒÂƒÃ‚ÂƒÃƒÂ‚Ã‚Âƒ‚ÃƒÂƒÃ‚ÂƒÃƒÂ‚Ã‚Â‚‚ÃƒÂƒÃ‚ÂƒÃƒÂ‚Ã‚ÂƒƒÃƒÂƒÃ‚ÂƒÃƒÂ‚Ã‚Â‚ƒÃƒÂƒÃ‚ÂƒÃƒÂ‚Ã‚Âƒ‚ÃƒÂƒÃ‚ÂƒÃƒÂ‚Ã‚Â‚‚ÃƒÂƒÃ‚ÂƒÃƒÂ‚Ã‚ÂƒƒÃƒÂƒÃ‚ÂƒÃƒÂ‚Ã‚Â‚‚ÃƒÂƒÃ‚ÂƒÃƒÂ‚Ã‚Âƒ‚ÃƒÂƒÃ‚ÂƒÃƒÂ‚Ã‚Â‚ Cut RBX (F) is a feminized cannabis seed offering available from North Atlantic Seed Co., a retailer recognized by the ICA Cannabis Awards. The company emphasizes fast shipping and premium genetics for its offerings.",1,"The provided webpage content is primarily navigation and general e-commerce information. It does not contain any specific details regarding THC/CBD percentages, genetic ratios, flowering time, effects, or flavors for the 'Purple Z Cut RBX' strain."
https://www.cannabis-seeds-bank.co.uk/trichome-jungle-seeds-rhian-BX1/prod_5976,Rhian,,BX1,,Rhian X 100 Hand Slap,Trichome Jungle Seeds,The Attitude Seed Bank,Regular,Photoperiod,,,,,,,,,,,,,,,,,,,,,,2025-11-25T17:00:50.388118,"Rhian BX1 is a cannabis strain bred by Trichome Jungle Genetics. It is a backcross (BX1) of Rhian, created by crossing Rhian with 100 Hand Slap. Further details regarding its cannabinoid profile, genetic lineage (sativa/indica ratio), flowering time, effects, and flavors are not available in the provided source.",1,"The provided webpage content was extremely sparse, primarily listing seed banks and brands, and did not contain any specific details about THC, CBD, genetics, flowering time, effects, or flavors for Rhian BX1. The genetic cross 'Rhian x 100 Hand Slap' was derived from the 'Current Info' in the scraped data, as it was not present in the provided 'WEBPAGE CONTENT'."
https://www.northatlanticseed.com/product/root-beer-mac-BX-f-presale/,Root Beer Mac,,BX,#1,,Mosca Seeds,North Atlantic Seed Company,Feminized,,,,,,,,,,,,,,,,,,,,,,,2025-11-24T16:46:35.331099Z,"Root Beer Mac BX (F) cannabis seeds are available for purchase online through North Atlantic Seed Co., an retailer recognized as #1 by the ICA Cannabis Awards. The company emphasizes fast shipping and premium genetics for its offerings.",1,"The provided webpage content is a generic e-commerce site navigation and header, not the specific product description for 'Root Beer Mac BX (F)'. Consequently, no strain-specific details such as THC/CBD percentages, genetics ratios, flowering time, effects, or flavors could be extracted. The enhanced_info is based solely on the scraped data regarding where to buy the strain and its associated awards."
https://www.seedsman.com/us-en/root-beer-mac-BX-feminized-seeds-mosca-robmBX-fem,Root Beer Mac,,BX,,,Seedsman,Seedsman,Feminized,,,,,,,,,,,,,,,,,,,,,,,2025-11-25T01:31:10.069414Z,"No specific information regarding the Root Beer Mac BX strain's characteristics, genetics, potency, or cultivation details could be extracted from the provided webpage content. The content appears to be a generic website header or an error message, not containing any strain-specific data.",1,"The provided webpage content did not contain any specific information about the 'Root Beer Mac BX' strain. It appears to be a generic website header/error message, preventing extraction of any details."
https://www.northatlanticseed.com/product/slurricane-BX-f/,Slurricane,,BX,#1,,Tiki Madman,North Atlantic Seed Company,Feminized,,,,,,,,,,,,,,Moderate,,,,,,,Berry and Zesty Citrus,,2025-11-24T16:36:07.633143Z,"Slurricane BX (F) cannabis seeds are available for purchase online from North Atlantic Seed Co., an establishment recognized as #1 by the ICA Cannabis Awards. The company emphasizes fast shipping and premium genetics for its offerings.",1,"The provided webpage content is primarily navigational and promotional for North Atlantic Seed Co., lacking specific strain details such as THC/CBD percentages, genetic ratios, flowering time, effects, or flavors for Slurricane BX (F)."
https://neptuneseedbank.com/product/seattle-chronic-soga-BX3/,Soga,,BX3,,SSCBDF5 X (91 Affie X 92 OG Chem),Seattle Chronic,Neptune Seed Bank,,,,,,,,,,,,,,,,,,,,,,,,2025-11-24T02:17:06.464200Z,"Seattle Chronic Soga BX3 is offered as 12 regular seeds. Its genetic lineage is derived from a cross of SSCBDF5 with (91 Affie x 92 OG Chem). Further details regarding its cannabinoid profile, genetic dominance, flowering time, effects, and flavors are not available.",1,"Webpage content was empty, so only the provided scraped data could be used. All other fields are null due to lack of information."
https://www.northatlanticseed.com/product/sour-diesel-bc1-r/,Sour Diesel,,BC1,#1,,Deadpanhead Seeds,North Atlantic Seed Company,Regular,,,,,,,,,,,,,,,,,,,,,"Spicy, earthy, citrus, bitter, woody, floral, pine, skunky.",,2025-11-24T16:30:34.424283Z,"Sour Diesel BC1 (R) cannabis seeds are available for purchase online from North Atlantic Seed Co., an establishment recognized with the #1 ICA Cannabis Award. The company emphasizes fast shipping and premium genetics for this strain. No further specific details regarding its cannabinoid profile, genetic lineage, flowering time, or typical effects and flavors are provided in the available content.",1,"The provided webpage content is primarily navigational and promotional for North Atlantic Seed Co., offering no specific details about the Sour Diesel BC1 (R) strain's THC/CBD content, genetics, flowering time, effects, or flavors. All these fields are therefore null. The enhanced_info reflects the limited information available."
https://www.cannabis-seeds-bank.co.uk/karma-genetics-seeds-sour-diesel-BX2/prod_5953,Sour Diesel,,BX2,,,Karma Genetics,The Attitude Seed Bank,Regular,Photoperiod,,,,,,,,,,,,,,,,,,,"sour, diesel",,,2025-11-25T15:50:29.442073,"Sour Diesel BX2 by Karma Genetics Seeds is a highly anticipated strain, expected to produce substantial Sour Diesel colas characterized by their impressive weight and abundant resin glands. This particular backcross aims to evoke the classic aroma of old-school Sour Diesel, reminiscent of the strain's profile from 2008-2009. Due to its very limited availability, this product is exclusively available for instantaneous payments, with stock not being reserved until full payment is received.",1,"The webpage content provided was largely navigational and did not contain specific data points for THC, CBD, genetics, or flowering time. Flavors were inferred from the strain name and description. The enhanced info paragraph was constructed using the descriptive text from the 'SCRAPED DATA' as no additional strain-specific details were present in the 'WEBPAGE CONTENT'."
https://www.cannabis-seeds-bank.co.uk/karma-genetics-seeds-sour-diesel-BX3-f2/prod_6933,Sour Diesel,F2,BX3,,,Karma Genetics,The Attitude Seed Bank,Regular,Photoperiod,,,,,,,,,,,,,,,,,,,,,,2025-11-25T15:50:33.728753,"The provided webpage content for Sour Diesel BX3 F2 by Karma Genetics Seeds is primarily a directory of seed banks and contact information for Attitude Seedbank UK. It does not contain specific details regarding the strain's THC/CBD percentages, genetic ratios, flowering time, effects, or flavors.",1,"The webpage content provided is a seed bank directory and does not contain any specific strain information beyond the name and breeder. All requested data points (THC, CBD, genetics, flowering time, effects, flavors) are absent from the source text."
https://www.northatlanticseed.com/product/space-queen-BX-r/,Space Queen,,BX,#1,,Subcool Seeds,North Atlantic Seed Company,Regular,,,,,,,,,,,,Stretch Medium to Stretch Tall,,Medium,,,,,,,,,2025-11-24T15:29:19.527157Z,"Space Queen BX (R) is a cannabis strain available for purchase online from North Atlantic Seed Co., a vendor recognized for fast shipping and premium genetics. The strain has been honored with an award by the ICA Cannabis Awards, being voted #1.",1,"The provided webpage content is primarily navigation and promotional text for the seed bank, not specific strain details. Therefore, most requested data points (THC, CBD, genetics, flowering time, effects, flavors) are not present in the source text."
https://multiversebeans.com/product/space-queen-BX-subcool-seeds-photoperiod-cannabis-seeds-regular/,Space Queen,,BX,,,Subcool Seeds,Multiverse Beans,Feminized,,50,50,,,,,,,56,63,Stretch Medium to Stretch Tall,,,,,,,"Uplifting, Calming, Motivating","Cotton candy, Citrus, Berries, Fruity funk",,,2025-11-24T21:34:33.203312Z,"Space Queen BX by Subcool Seeds is a balanced hybrid (50/50) regular photoperiod strain, resulting from a cross between Space Candy and the legendary Space Dude. This backcross aims to revive the sweet, psychedelic energy of the original Space Queen, infused with a distinct cotton candy profile. It exhibits a terpene profile rich in cotton candy, citrus, berries, and a clean fruity funk. Growers can expect strong, upright plants of medium to tall height, with sparkling flowers and sweet, sticky aromas that become prominent early in the flowering stage. The strain offers moderate resistance to mold (benefiting from staking and spacing colas), above-average pest resistance, and handles topping and training well. Flowering typically occurs within 8ÃƒÂƒÃ‚ÂƒÃƒÂ‚Ã‚ÂƒƒÃƒÂƒÃ‚ÂƒÃƒÂ‚Ã‚Â‚ƒÃƒÂƒÃ‚ÂƒÃƒÂ‚Ã‚Âƒ‚ÃƒÂƒÃ‚ÂƒÃƒÂ‚Ã‚Â‚ƒÃƒÂƒÃ‚ÂƒÃƒÂ‚Ã‚ÂƒƒÃƒÂƒÃ‚ÂƒÃƒÂ‚Ã‚Â‚‚ÃƒÂƒÃ‚ÂƒÃƒÂ‚Ã‚Âƒ‚ÃƒÂƒÃ‚ÂƒÃƒÂ‚Ã‚Â‚ƒÃƒÂƒÃ‚ÂƒÃƒÂ‚Ã‚ÂƒƒÃƒÂƒÃ‚ÂƒÃƒÂ‚Ã‚Â‚ƒÃƒÂƒÃ‚ÂƒÃƒÂ‚Ã‚Âƒ‚ÃƒÂƒÃ‚ÂƒÃƒÂ‚Ã‚Â‚‚ÃƒÂƒÃ‚ÂƒÃƒÂ‚Ã‚ÂƒƒÃƒÂƒÃ‚ÂƒÃƒÂ‚Ã‚Â‚‚ÃƒÂƒÃ‚ÂƒÃƒÂ‚Ã‚Âƒ‚ÃƒÂƒÃ‚ÂƒÃƒÂ‚Ã‚Â‚¢ÃƒÂƒÃ‚ÂƒÃƒÂ‚Ã‚ÂƒƒÃƒÂƒÃ‚ÂƒÃƒÂ‚Ã‚Â‚ƒÃƒÂƒÃ‚ÂƒÃƒÂ‚Ã‚Âƒ‚ÃƒÂƒÃ‚ÂƒÃƒÂ‚Ã‚Â‚ƒÃƒÂƒÃ‚ÂƒÃƒÂ‚Ã‚ÂƒƒÃƒÂƒÃ‚ÂƒÃƒÂ‚Ã‚Â‚‚ÃƒÂƒÃ‚ÂƒÃƒÂ‚Ã‚Âƒ‚ÃƒÂƒÃ‚ÂƒÃƒÂ‚Ã‚Â‚‚ÃƒÂƒÃ‚ÂƒÃƒÂ‚Ã‚ÂƒƒÃƒÂƒÃ‚ÂƒÃƒÂ‚Ã‚Â‚ƒÃƒÂƒÃ‚ÂƒÃƒÂ‚Ã‚Âƒ‚ÃƒÂƒÃ‚ÂƒÃƒÂ‚Ã‚Â‚‚ÃƒÂƒÃ‚ÂƒÃƒÂ‚Ã‚ÂƒƒÃƒÂƒÃ‚ÂƒÃƒÂ‚Ã‚Â‚‚ÃƒÂƒÃ‚ÂƒÃƒÂ‚Ã‚Âƒ‚ÃƒÂƒÃ‚ÂƒÃƒÂ‚Ã‚Â‚€ÃƒÂƒÃ‚ÂƒÃƒÂ‚Ã‚ÂƒƒÃƒÂƒÃ‚ÂƒÃƒÂ‚Ã‚Â‚ƒÃƒÂƒÃ‚ÂƒÃƒÂ‚Ã‚Âƒ‚ÃƒÂƒÃ‚ÂƒÃƒÂ‚Ã‚Â‚ƒÃƒÂƒÃ‚ÂƒÃƒÂ‚Ã‚ÂƒƒÃƒÂƒÃ‚ÂƒÃƒÂ‚Ã‚Â‚‚ÃƒÂƒÃ‚ÂƒÃƒÂ‚Ã‚Âƒ‚ÃƒÂƒÃ‚ÂƒÃƒÂ‚Ã‚Â‚‚ÃƒÂƒÃ‚ÂƒÃƒÂ‚Ã‚ÂƒƒÃƒÂƒÃ‚ÂƒÃƒÂ‚Ã‚Â‚ƒÃƒÂƒÃ‚ÂƒÃƒÂ‚Ã‚Âƒ‚ÃƒÂƒÃ‚ÂƒÃƒÂ‚Ã‚Â‚‚ÃƒÂƒÃ‚ÂƒÃƒÂ‚Ã‚ÂƒƒÃƒÂƒÃ‚ÂƒÃƒÂ‚Ã‚Â‚‚ÃƒÂƒÃ‚ÂƒÃƒÂ‚Ã‚Âƒ‚ÃƒÂƒÃ‚ÂƒÃƒÂ‚Ã‚Â‚“9 weeks, yielding medium to heavy indoors and heavy outdoors, especially when given ample space and light. Its effects are described as uplifting, calming, and motivating, providing a mentally clear high without sedation, making it an excellent choice for hash makers, terpene enthusiasts, and those seeking the classic Space Queen vibe in regular seed form.",4,"All extracted information, including genetics, flowering time, effects, and flavors, was directly sourced from the 'SCRAPED DATA' provided. THC and CBD percentages were not available in either the scraped data or the webpage content. The webpage content itself contained no additional strain-specific details beyond the name."
https://www.northatlanticseed.com/product/sugar-babiez-BX1-r/,Sugar Babiez,,BX1,#1,,Dungeons Vault Genetics,North Atlantic Seed Company,Regular,,,,,,,,,,,,,,High,,,,,,,,,2025-11-24T15:48:58.573416Z,"Sugar Babiez BX1 (R) is a cannabis strain available for purchase online through North Atlantic Seed Co., an retailer recognized for its premium genetics and fast shipping. The company was voted #1 by the ICA Cannabis Awards. While the specific genetic profile, cannabinoid content, flowering time, effects, and flavors of Sugar Babiez BX1 (R) are not detailed in the provided information, North Atlantic Seed Co. offers a wide range of cannabis seeds, including various types like autoflower, feminized, and regular seeds, catering to different cultivation preferences.",1,"The provided webpage content is a general e-commerce navigation page for North Atlantic Seed Co. and does not contain any specific details (THC, CBD, genetics, flowering time, effects, or flavors) for the 'Sugar Babiez BX1 (R)' strain. All specific data points are null as they were not present in the source text."
https://www.cannabis-seeds-bank.co.uk/cannarado-genetics-seeds-sundae-driver-BX/prod_7110,Sundae Driver,,BX,,Sundae Driver X Biscotti Sundae,Cannarado Genetics Seeds,The Attitude Seed Bank,Regular,Photoperiod,,,,,,,,,56,63,Stretch Medium,,High,,,,,,,,,2025-11-25T15:08:56.397166,"Sundae Driver BX is a cannabis strain bred by Cannarado Genetics, resulting from a cross between Sundae Driver and Biscotti Sundae. This hybrid strain is suitable for both indoor and outdoor cultivation, with a flowering period estimated to be between 56 and 63 days. Growers can anticipate a medium to high yield from this variety.",1,"The webpage content provided very little strain-specific information beyond confirming the breeder and strain name. All detailed metrics like THC/CBD percentages, specific genetics ratios, effects, and flavors were absent from the webpage. The enhanced info and flowering time are derived solely from the scraped data, as the webpage offered no additional details."
https://www.northatlanticseed.com/product/new-super-lemon-haze-ibl-v1-r-presale/,Super Lemon Haze,,IBL,#1,,Ethos Genetics,North Atlantic Seed Company,Regular,,,,,,,,,,,,,,Heavy,,,,,,,"Sweet Lemons, Pine, Berries",,2025-11-24T17:21:42.556588Z,"Super Lemon Haze IBL V1 (R) is available for purchase online from North Atlantic Seed Co. This strain has been recognized for its quality, having been voted #1 by the ICA Cannabis Awards. North Atlantic Seed Co. emphasizes fast shipping and premium genetics for this offering.",1,"The provided webpage content is primarily navigational and promotional, lacking specific strain details such as THC/CBD percentages, genetic ratios, flowering time, effects, or flavors. The enhanced_info is based solely on the limited descriptive text available in the scraped data and webpage title."
https://www.cannabis-seeds-bank.co.uk/alpine-seeds-sweet-chunk-BX1/prod_3111,Sweet Chunk,F1,BX1,,,Alpine Seeds,The Attitude Seed Bank,Regular,Photoperiod,,,,,,,,,,,Compact,,,,,,,"stoned, up high","hashy, fruity, berry",,,2025-11-25T14:41:55.903345,"Sweet Chunk BX1 by Alpine Seeds is a hybrid strain, though its genetic production tends to retain Indica traits. It was developed from a Sweet Pink Grapefruit mother, pollinated by a Sweet Pink Grapefruit x Deep Chunk male to enhance potency and dominant characteristics. This strain is noted for its extremely delicious taste and flavor, presenting three distinct phenotypes. The first, a Deep Chunk pheno, resembles Sweet Chunk F1 with compact, resinous buds and an Indica appearance, offering a hashier flavor with fruity undertones. The second pheno is an exact replica of the Sweet Pink Grapefruit Clone. The third phenotype shares the flavor of the second but leans slightly more Sativa dominant and requires a few extra days to mature, with a noticeable berry impact in its taste and smell. Sweet Chunk BX1 delivers an effect characteristic of an Indica-Sativa hybrid, described as a 'stoned, up high'.",2,"THC/CBD percentages, specific sativa/indica ratios, and precise flowering times are not provided in the source text. Effects and flavors were extracted directly from the description. The webpage content was irrelevant to strain details."
https://neptuneseedbank.com/product/tropicanna-cookies-BX1-strain/,Tropicanna Cookies,,BX1,,,Underworld Genetix,Neptune Seed Bank,Feminized,,,,,,,,,,,,,,Medium to High,,,,,,"citrus candy, tropical, gas, funk","Citrus, Fruity, Sour",Easy,2025-11-24T04:19:06.027939Z,"Tropicanna Cookies BX1 is a feminized strain created by crossing Tropicanna Cookies with Super Boof. This cultivar is recognized for its unique terpene profile, which delivers a blend of citrus candy notes, tropical undertones, and a distinct gassy, funky aroma. It is also noted for producing resin-rich buds.",1,"The webpage content returned a '403 Forbidden' error, preventing access to detailed strain information. All extracted data is solely based on the limited 'Current Info' provided in the scraped data."
https://www.cannabis-seeds-bank.co.uk/oni-seed-co-tropicanna-punch-BX1/prod_6747,Tropicanna Punch,F1,BX1,,Tropicanna Punch X Tropicanna Cookies F1 Area: Indoor / Outdoor,Oni Seed Co,The Attitude Seed Bank,Regular,Photoperiod,,,,,,,,,63,70,,,,,,,,,"blue sports drink, red fruit punch concentrate",,,2025-11-25T16:19:51.132421,"Tropicanna Punch BX1 is a cannabis strain developed by Oni Seed Co. While the source text ambiguously describes the original Tropicanna Punch as a cross between Tropicana Cookies and Purple Punch, the specific genetics for Tropicanna Punch BX1 are listed as Tropicanna Punch crossed with Tropicanna Cookies F1. This strain is known for its intense aromas and flavors, which are described as ranging from blue sports drink to red fruit punch concentrate. Cultivators can expect plants to display a striking dark purple coloration and produce strong yields. It is suitable for both indoor and outdoor cultivation, with a flowering time estimated between 63 and 70 days.",2,"THC, CBD, sativa/indica percentages, and specific effects are missing. The genetics description in the source text was slightly ambiguous regarding the 'BX1' designation versus the original Tropicanna Punch lineage, which was clarified in the enhanced info. There was a contradiction between 'Yield: Medium' in the bullet points and 'strong yields' in the descriptive text; 'strong yields' was prioritized for the enhanced info."
https://www.cannabis-seeds-bank.co.uk/underground-originals-seeds-ugorg-1-BX1/prod_8055,UGORG,,BX1,#1,UGORG#1(11) X DiscoBiscuit,Underground Originals Seeds,The Attitude Seed Bank,Regular,Photoperiod,,,,,,,,,63,70,,,,,,,,,,,,2025-11-25T17:06:05.472593,"UGORG#1 BX1 is a cannabis strain developed by Underground Originals Seeds. This Sativa/Indica hybrid is a genetic cross between UGORG#1(11) and DiscoBiscuit. When cultivated indoors, the strain typically requires a flowering period of 9 to 10 weeks after the initiation of a 12/12 light cycle.",2,"The provided 'WEBPAGE CONTENT' was a list of seed banks and did not contain specific strain information for Ugorg#1 BX1. All extracted data and the enhanced info paragraph are derived directly from the 'SCRAPED DATA' 's 'Current Info' field. Many key data points such as THC/CBD percentages, specific genetic ratios, effects, and flavors were not available."
https://www.cannabis-seeds-bank.co.uk/underground-originals-seeds-ugorg-cookies-BX1/prod_8056,UGORG Cookies,,BX1,,UGORGCookies X DiscoBiscuit,Underground Originals Seeds,The Attitude Seed Bank,Regular,Photoperiod,,,,,,,,,56,63,,,,,,,,,,,,2025-11-25T14:39:16.275461,UGORG Cookies BX1 is an Indica Dominant Hybrid strain developed by Underground Originals Seeds. This genetic cross combines UGORGCookies with DiscoBiscuit. Indoor cultivation typically sees a flowering period of 8-9 weeks after initiating a 12/12 light cycle.,2,"The provided webpage content was largely a list of seed banks and did not contain specific strain details. Information for the enhanced info, genetics, and flowering time was primarily extracted from the 'SCRAPED DATA'. THC/CBD percentages, specific sativa/indica ratios, effects, and flavors were not available in either source."
https://www.northatlanticseed.com/product/uk-cheese-bc1-r/,UK Cheese,,BC1,#1,,Deadpanhead Seeds,North Atlantic Seed Company,Regular,,,,,,,,,,,,,,,,,,,,,"Dry cheese, skunky, flowery, fruity, earthy, woody, citrusy, hoppy, musty.",,2025-11-24T18:43:50.610376Z,"UK Cheese BC1 (R) is available for purchase online from North Atlantic Seed Co., an e-commerce platform specializing in cannabis seeds. The strain was notably voted #1 by the ICA Cannabis Awards, indicating its recognized quality. North Atlantic Seed Co. emphasizes fast shipping and premium genetics for its offerings. The website requires age verification (21+) for purchases and offers free shipping on retail orders over $200.",1,"The webpage content provided is primarily e-commerce navigation and general store information. It does not contain any specific details regarding THC/CBD percentages, genetics, flowering time, effects, or flavors for the 'UK Cheese BC1 (R)' strain. All such fields are marked as null due to lack of data."
https://mephistogenetics.com/products/1-walt,Walter White,,BX1,,,Mephisto Genetics,Mephisto Genetics,Feminized,,,,,,,,,,,,,,,,,,,,,,,2025-11-24T23:20:12.539602Z,"Walter White BX1 represents a significant breeding endeavor by Mitch and Tim, developed through a meticulous process involving a second outcross with Krome ÃƒÂƒÃ‚ÂƒÃƒÂ‚Ã‚ÂƒƒÃƒÂƒÃ‚ÂƒÃƒÂ‚Ã‚Â‚ƒÃƒÂƒÃ‚ÂƒÃƒÂ‚Ã‚Âƒ‚ÃƒÂƒÃ‚ÂƒÃƒÂ‚Ã‚Â‚ƒÃƒÂƒÃ‚ÂƒÃƒÂ‚Ã‚ÂƒƒÃƒÂƒÃ‚ÂƒÃƒÂ‚Ã‚Â‚‚ÃƒÂƒÃ‚ÂƒÃƒÂ‚Ã‚Âƒ‚ÃƒÂƒÃ‚ÂƒÃƒÂ‚Ã‚Â‚ƒÃƒÂƒÃ‚ÂƒÃƒÂ‚Ã‚ÂƒƒÃƒÂƒÃ‚ÂƒÃƒÂ‚Ã‚Â‚ƒÃƒÂƒÃ‚ÂƒÃƒÂ‚Ã‚Âƒ‚ÃƒÂƒÃ‚ÂƒÃƒÂ‚Ã‚Â‚‚ÃƒÂƒÃ‚ÂƒÃƒÂ‚Ã‚ÂƒƒÃƒÂƒÃ‚ÂƒÃƒÂ‚Ã‚Â‚‚ÃƒÂƒÃ‚ÂƒÃƒÂ‚Ã‚Âƒ‚ÃƒÂƒÃ‚ÂƒÃƒÂ‚Ã‚Â‚¢ÃƒÂƒÃ‚ÂƒÃƒÂ‚Ã‚ÂƒƒÃƒÂƒÃ‚ÂƒÃƒÂ‚Ã‚Â‚ƒÃƒÂƒÃ‚ÂƒÃƒÂ‚Ã‚Âƒ‚ÃƒÂƒÃ‚ÂƒÃƒÂ‚Ã‚Â‚ƒÃƒÂƒÃ‚ÂƒÃƒÂ‚Ã‚ÂƒƒÃƒÂƒÃ‚ÂƒÃƒÂ‚Ã‚Â‚‚ÃƒÂƒÃ‚ÂƒÃƒÂ‚Ã‚Âƒ‚ÃƒÂƒÃ‚ÂƒÃƒÂ‚Ã‚Â‚‚ÃƒÂƒÃ‚ÂƒÃƒÂ‚Ã‚ÂƒƒÃƒÂƒÃ‚ÂƒÃƒÂ‚Ã‚Â‚ƒÃƒÂƒÃ‚ÂƒÃƒÂ‚Ã‚Âƒ‚ÃƒÂƒÃ‚ÂƒÃƒÂ‚Ã‚Â‚‚ÃƒÂƒÃ‚ÂƒÃƒÂ‚Ã‚ÂƒƒÃƒÂƒÃ‚ÂƒÃƒÂ‚Ã‚Â‚‚ÃƒÂƒÃ‚ÂƒÃƒÂ‚Ã‚Âƒ‚ÃƒÂƒÃ‚ÂƒÃƒÂ‚Ã‚Â‚€ÃƒÂƒÃ‚ÂƒÃƒÂ‚Ã‚ÂƒƒÃƒÂƒÃ‚ÂƒÃƒÂ‚Ã‚Â‚ƒÃƒÂƒÃ‚ÂƒÃƒÂ‚Ã‚Âƒ‚ÃƒÂƒÃ‚ÂƒÃƒÂ‚Ã‚Â‚ƒÃƒÂƒÃ‚ÂƒÃƒÂ‚Ã‚ÂƒƒÃƒÂƒÃ‚ÂƒÃƒÂ‚Ã‚Â‚‚ÃƒÂƒÃ‚ÂƒÃƒÂ‚Ã‚Âƒ‚ÃƒÂƒÃ‚ÂƒÃƒÂ‚Ã‚Â‚‚ÃƒÂƒÃ‚ÂƒÃƒÂ‚Ã‚ÂƒƒÃƒÂƒÃ‚ÂƒÃƒÂ‚Ã‚Â‚ƒÃƒÂƒÃ‚ÂƒÃƒÂ‚Ã‚Âƒ‚ÃƒÂƒÃ‚ÂƒÃƒÂ‚Ã‚Â‚‚ÃƒÂƒÃ‚ÂƒÃƒÂ‚Ã‚ÂƒƒÃƒÂƒÃ‚ÂƒÃƒÂ‚Ã‚Â‚‚ÃƒÂƒÃ‚ÂƒÃƒÂ‚Ã‚Âƒ‚ÃƒÂƒÃ‚ÂƒÃƒÂ‚Ã‚Â‚˜The WhiteÃƒÂƒÃ‚ÂƒÃƒÂ‚Ã‚ÂƒƒÃƒÂƒÃ‚ÂƒÃƒÂ‚Ã‚Â‚ƒÃƒÂƒÃ‚ÂƒÃƒÂ‚Ã‚Âƒ‚ÃƒÂƒÃ‚ÂƒÃƒÂ‚Ã‚Â‚ƒÃƒÂƒÃ‚ÂƒÃƒÂ‚Ã‚ÂƒƒÃƒÂƒÃ‚ÂƒÃƒÂ‚Ã‚Â‚‚ÃƒÂƒÃ‚ÂƒÃƒÂ‚Ã‚Âƒ‚ÃƒÂƒÃ‚ÂƒÃƒÂ‚Ã‚Â‚ƒÃƒÂƒÃ‚ÂƒÃƒÂ‚Ã‚ÂƒƒÃƒÂƒÃ‚ÂƒÃƒÂ‚Ã‚Â‚ƒÃƒÂƒÃ‚ÂƒÃƒÂ‚Ã‚Âƒ‚ÃƒÂƒÃ‚ÂƒÃƒÂ‚Ã‚Â‚‚ÃƒÂƒÃ‚ÂƒÃƒÂ‚Ã‚ÂƒƒÃƒÂƒÃ‚ÂƒÃƒÂ‚Ã‚Â‚‚ÃƒÂƒÃ‚ÂƒÃƒÂ‚Ã‚Âƒ‚ÃƒÂƒÃ‚ÂƒÃƒÂ‚Ã‚Â‚¢ÃƒÂƒÃ‚ÂƒÃƒÂ‚Ã‚ÂƒƒÃƒÂƒÃ‚ÂƒÃƒÂ‚Ã‚Â‚ƒÃƒÂƒÃ‚ÂƒÃƒÂ‚Ã‚Âƒ‚ÃƒÂƒÃ‚ÂƒÃƒÂ‚Ã‚Â‚ƒÃƒÂƒÃ‚ÂƒÃƒÂ‚Ã‚ÂƒƒÃƒÂƒÃ‚ÂƒÃƒÂ‚Ã‚Â‚‚ÃƒÂƒÃ‚ÂƒÃƒÂ‚Ã‚Âƒ‚ÃƒÂƒÃ‚ÂƒÃƒÂ‚Ã‚Â‚‚ÃƒÂƒÃ‚ÂƒÃƒÂ‚Ã‚ÂƒƒÃƒÂƒÃ‚ÂƒÃƒÂ‚Ã‚Â‚ƒÃƒÂƒÃ‚ÂƒÃƒÂ‚Ã‚Âƒ‚ÃƒÂƒÃ‚ÂƒÃƒÂ‚Ã‚Â‚‚ÃƒÂƒÃ‚ÂƒÃƒÂ‚Ã‚ÂƒƒÃƒÂƒÃ‚ÂƒÃƒÂ‚Ã‚Â‚‚ÃƒÂƒÃ‚ÂƒÃƒÂ‚Ã‚Âƒ‚ÃƒÂƒÃ‚ÂƒÃƒÂ‚Ã‚Â‚€ÃƒÂƒÃ‚ÂƒÃƒÂ‚Ã‚ÂƒƒÃƒÂƒÃ‚ÂƒÃƒÂ‚Ã‚Â‚ƒÃƒÂƒÃ‚ÂƒÃƒÂ‚Ã‚Âƒ‚ÃƒÂƒÃ‚ÂƒÃƒÂ‚Ã‚Â‚ƒÃƒÂƒÃ‚ÂƒÃƒÂ‚Ã‚ÂƒƒÃƒÂƒÃ‚ÂƒÃƒÂ‚Ã‚Â‚‚ÃƒÂƒÃ‚ÂƒÃƒÂ‚Ã‚Âƒ‚ÃƒÂƒÃ‚ÂƒÃƒÂ‚Ã‚Â‚‚ÃƒÂƒÃ‚ÂƒÃƒÂ‚Ã‚ÂƒƒÃƒÂƒÃ‚ÂƒÃƒÂ‚Ã‚Â‚ƒÃƒÂƒÃ‚ÂƒÃƒÂ‚Ã‚Âƒ‚ÃƒÂƒÃ‚ÂƒÃƒÂ‚Ã‚Â‚‚ÃƒÂƒÃ‚ÂƒÃƒÂ‚Ã‚ÂƒƒÃƒÂƒÃ‚ÂƒÃƒÂ‚Ã‚Â‚‚ÃƒÂƒÃ‚ÂƒÃƒÂ‚Ã‚Âƒ‚ÃƒÂƒÃ‚ÂƒÃƒÂ‚Ã‚Â‚™ over five generations. This dedication has resulted in a fine-tuned strain that exhibits a more indica-leaning profile compared to the original Walter White, bringing it closer to its photoperiod parent.",2,"THC, CBD, specific sativa/indica percentages, flowering time, effects, and flavors are not explicitly stated for Walter White BX1 in the provided text. The webpage content primarily describes the development of Walter White BX1 and then details the '1:Walt' F1 cross (Canna-Cheese x Walter White BX1), for which some of these metrics are provided, but these are not directly attributable to Walter White BX1 itself. The description 'more indicia-leaning' for Walter White BX1 is included in the enhanced info."
https://www.northatlanticseed.com/product/white-nightmare-BX-r/,White Nightmare,,BX,#1,,Sin City Seeds,North Atlantic Seed Company,Regular,,,,,,,,,,,,,,,,,,,,,,,2025-11-24T15:40:45.722719Z,"White Nightmare BX (R) cannabis seeds are available for purchase online through North Atlantic Seed Co., a vendor recognized for premium genetics and fast shipping. North Atlantic Seed Co. has been voted #1 by the ICA Cannabis Awards.",1,"The provided webpage content primarily consists of navigation, age verification, and a list of breeders/seed types. It does not contain any specific strain information such as THC/CBD percentages, genetic ratios, flowering time, effects, or flavors for White Nightmare BX (R). The enhanced info is based solely on the limited details from the scraped data and the vendor's name from the webpage."
https://www.cannabis-seeds-bank.co.uk/sincity-seeds-white-nightmare-BX/prod_7313,White Nightmare,,BX,,Nightmare Cookies X White Nightmare,Sin City Seeds,The Attitude Seed Bank,Feminized,Photoperiod,,,,,,,,,50,60,,,Generou,,,,,,"Sweet Candy, Berry, Pine",,,2025-11-25T10:26:22.013092,"White Nightmare BX is a cannabis strain bred by SinCity Seeds, resulting from a cross between Nightmare Cookies and White Nightmare. This cultivar typically flowers within 50 to 60 days. Growers can anticipate a generous yield, ranging from 650 to 1000 grams per square meter. Its aromatic profile is characterized by a delightful blend of sweet candy, berry, and pine notes.",2,"The provided webpage content was largely irrelevant, consisting mostly of a list of seed banks. All extracted information was derived from the 'SCRAPED DATA' section. Key details such as THC/CBD percentages, sativa/indica ratios, and specific effects were not available in the provided text."
https://www.northatlanticseed.com/product/white-runtz-BX-f2-r/,White Runtz,F2,BX,#1,,Tiki Madman,North Atlantic Seed Company,Regular,,,,,,,,,,,,,,,,,,,,,,,2025-11-24T18:24:52.983527Z,"White Runtz BX F2 (R) cannabis seeds are available for purchase online from North Atlantic Seed Co., an online retailer that was voted #1 by the ICA Cannabis Awards. The company emphasizes fast shipping and premium genetics, requiring age verification (21+) for all purchases. The provided webpage content primarily consists of navigation, product categories, and disclaimers, offering no specific details regarding the strain's THC/CBD content, genetic lineage, flowering time, effects, or flavor profile.",1,"The webpage content provided is almost entirely navigational and promotional, lacking any specific details about the White Runtz BX F2 (R) strain itself (THC, CBD, genetics, flowering time, effects, flavors). All such fields are therefore null. The enhanced_info paragraph reflects the limited information available."
https://www.northatlanticseed.com/product/zawtz-BX2-r/,Zawtz,,BX2,#1,,Cannarado Genetics Seeds,North Atlantic Seed Company,Regular,,,,,,,,,,,,Stretch Tall,,Average,,,,,,,,,2025-11-24T17:35:29.848688Z,"Information regarding the Zawtz BX2 R strain could not be retrieved as the provided webpage content indicates a 'Page not found' error. The scraped data suggests this strain is available from North Atlantic Seed Co. and has been recognized by the ICA Cannabis Awards, implying premium genetics and fast shipping. However, detailed genetic, potency, or characteristic information is unavailable from the current source.",1,"The webpage content provided was a 'Page not found' error page, preventing the extraction of any strain-specific details such as THC/CBD percentages, genetics, flowering time, effects, or flavors. The enhanced_info paragraph reflects this lack of data."
https://neptuneseedbank.com/product/zoda-BX1-strain/,Zoda,,BX1,,,Umami,Neptune Seed Bank,Feminized,,,,,,,,,,,,,,Medium to High,,,,,,"tropical candy, creamy dessert gas","Cake, Chocolate, Grape, Skunky, Sweet",Easy,2025-11-24T03:40:05.360831Z,"Zoda BX1 is a feminized cannabis strain developed by Umami Seeds, created through a backcross of London Zoda with Zoda. This genetic lineage is known for producing resin-rich buds that boast a unique flavor profile, featuring prominent notes of tropical candy and creamy dessert gas.",1,"Webpage content was empty. All information was extracted solely from the provided scraped data. Key details such as THC/CBD percentages, genetic ratios, flowering time, and effects are missing."
https://www.cannabis-seeds-bank.co.uk/in-house-genetics-zurple-punch-BX/prod_5492,Zurple Punch,,BX,,Zurple Punch X Purple Punch,In House Genetics,The Attitude Seed Bank,Feminized,Photoperiod,,,,,,,,,65,75,,,,,,,,,sweet,,,2025-11-25T12:46:43.313307,"Zurple Punch BX is a cannabis strain released by In House Genetics in 2018. It is a cross between Zurple Punch and Purple Punch, with the full genetic lineage being ((Zkittlez x Purple Punch) x Purple Punch). This strain is known for its monster yields, vibrant coloration, and sweet flavor profile. It boasts a flowering time of 65 to 75 days and is considered a valuable addition to any collection.",2,The provided webpage content was generic and did not contain specific strain details. Information was extracted solely from the 'SCRAPED DATA' section. Many fields remain null due to lack of data.
https://www.seedsman.com/us-en/zurple-punch-BX-feminized-seeds-ihg-zupuBX-fem,Zurple Punch,,BX,,,Seedsman,Seedsman,Feminized,,,,,,,,,,,,,,,,,,,,,,,2025-11-25T01:51:41.870821Z,"No specific information regarding the Zurple Punch BX strain's characteristics, genetics, or effects could be extracted from the provided webpage content. The content appears to be a generic website header or an error message indicating JavaScript is required, rather than strain-specific details.",1,"The provided webpage content was generic ('Seedsman Cannabis Seeds | Buy Online with Delivery Across the USA You need to enable JavaScript to run this app.') and contained no specific information about the 'Zurple Punch BX' strain. Therefore, all data fields are null due to a complete lack of extractable information."
https://www.northatlanticseed.com/product/zweet-inzanity-rBX-f/,Zweet Inzanity,,RBX,#1,,Ethos Genetics,North Atlantic Seed Company,Feminized,,,,,,,,,,,,,,,,,,,,,"Powdered Sugar, Sweet Citrus, Sour Gasoline",,2025-11-24T16:40:31.149205Z,"Zweet Inzanity RBX (F) cannabis seeds are available for purchase online from North Atlantic Seed Co., an online retailer that requires age verification (21+) for all purchases. The strain has been recognized with an award, being voted #1 by the ICA Cannabis Awards. North Atlantic Seed Co. emphasizes fast shipping and premium genetics for their products.",1,"The webpage content provided is primarily navigational and promotional, offering no specific details regarding the strain's THC/CBD percentages, genetic ratios, flowering time, effects, or flavors. The enhanced info is based solely on the scraped data and the limited context from the webpage about the vendor."
