seed_bank,breeder_name,seed_type,growth_type,source_url,extraction_methods_used,scraped_at,about_info,genetics,strain_name,availability,data_completeness_score,quality_tier,breeding_notes,awards,plant_height,yield,aroma_flavour,effects,medicinal_effect,grow_difficulty,growth_odour,indica_sativa
Mephisto Genetics,Mephisto Genetics,Feminized,Autoflower,https://mephistogenetics.com/products/zo-raven,"['description', 'patterns', 'fallback']",2026-01-10T22:35:54.602453,"Lemon, strawberries, cream, candy and chemicals. A taste sensation in the waiting. Expect a squatter plant with beautiful fades and colours across the spectrum as she comes to the end of flower.","es, we've paired some of the finest strains in the Mephisto catalogue to a hand-selected Do-si-delirium pollen donor",Zo Raven,SoldOut,42.9,Medium,,,,,,,,,,
Mephisto Genetics,Mephisto Genetics,Feminized,Autoflower,https://mephistogenetics.com/products/zinfandel,"['description', 'patterns', 'fallback']",2026-01-10T22:35:55.044837,Introducing our third drop of our new format Limited Editions! Walter White Bx1 isn’t our first backcross; with our Artisanals line we put in the work and take things to a level that not many others do. As with our Livers BX1 project which took 12 generations of breeding to get to the point of release; our Walter White,; with our Artisanals line we put in the work and take things to a level that not many others do,Zinfandel,SoldOut,42.9,Medium,"to get to the point of release; our Walter White BX1 has been a labour of love, beginning the second outcross to our cut of Krome’s ‘The White’ in 2018",,,,,,,,,
Mephisto Genetics,Mephisto Genetics,Feminized,Autoflower,https://mephistogenetics.com/products/willys-gum,"['description', 'patterns', 'fallback']",2026-01-10T22:35:55.439300,"Willy's Gum Old School Mango Haze x HubbaBubbaHaze15/85 Bubblegum, mango and that classic haze goodness. Sweet on the nose and the inhale, she’s more complex than the name might give her credit for. Expect a bigger girl that might take some taming, but the work will be more than worth it in the end.","es we’ve paired our award-winning Old School Mango Haze with some beautiful ladies from across the Mephisto arsenal, each designed to get those taste buds tingling and the head spinning, in the best possible way",Willys Gum,SoldOut,42.9,Medium,,#NAME?,,,,,,,,
Mephisto Genetics,Mephisto Genetics,Feminized,Autoflower,https://mephistogenetics.com/products/white-wedding,"['description', 'patterns', 'fallback']",2026-01-10T22:35:55.973285,"Originally only available as a special freebie strain as part of our third new format Limited Editions, White Wedding is, for the first time, available for purchase! Walter White Bx1 isn’t our first backcross; with our Artisanals line we put in the work and take things to a level that not many others do. As with our Li",; with our Artisanals line we put in the work and take things to a level that not many others do,White Wedding,,40.2,Medium,"to get to the point of release; our Walter White BX1 has been a labour of love, beginning the second outcross to our cut of Krome’s ‘The White’ in 2018",,,,,,,,,
Mephisto Genetics,Mephisto Genetics,Feminized,Autoflower,https://mephistogenetics.com/products/white-raven,"['description', 'patterns', 'fallback']",2026-01-10T22:35:56.949586,Introducing our third drop of our new format Limited Editions! Walter White Bx1 isn’t our first backcross; with our Artisanals line we put in the work and take things to a level that not many others do. As with our Livers BX1 project which took 12 generations of breeding to get to the point of release; our Walter White,; with our Artisanals line we put in the work and take things to a level that not many others do,White Raven,SoldOut,42.9,Medium,"to get to the point of release; our Walter White BX1 has been a labour of love, beginning the second outcross to our cut of Krome’s ‘The White’ in 2018",,,,,,,,,
Mephisto Genetics,Mephisto Genetics,Feminized,Autoflower,https://mephistogenetics.com/products/illuminauto-61-white-creme,"['description', 'patterns', 'fallback']",2026-01-10T22:35:57.570036,Brand new for 2022Illuminauto #61 - White CremeWalter White x Creme de la Chem,,Illuminauto 61 White Creme,SoldOut,36.6,Basic,,,,,,,,,,
Mephisto Genetics,Mephisto Genetics,Feminized,Autoflower,https://mephistogenetics.com/products/white-crack,"['structured', 'description', 'patterns', 'fallback']",2026-01-10T22:35:58.019749,"White Crack was initially just given out as a freebie for European orders during 2016-2017, she recieved such good feedback she was added as a Worldwide Limited Edition in 2018 and now she's back again, this time with our first wave Reserva release!",,White Crack,SoldOut,79.5,High,,on a lot of levels,60 to 90cm,100 to 180 grams.,"Funky, creamy, sweet. Flavours are creamy, with peppery hints, sweet notes on the end.","Sweet, Spicy, and Fruity","Sedative pain killing qualities, appetite and sleep inducing",Independently tested at over 27% THC,Medium,
Mephisto Genetics,Mephisto Genetics,Feminized,Autoflower,https://mephistogenetics.com/products/illuminauto-71-wedding-train,"['description', 'patterns', 'fallback']",2026-01-10T22:35:58.541379,"All Illuminauto strains are untested, aside from our usual germination and general quality control tests. These seeds are listed more cheaply than our usual catalogue items, as we use these lines as a testbed to find the best fire to add to our catalogue for longer-term use.Released as part of our June 2023 Illuminauto",,Illuminauto 71 Wedding Train,SoldOut,36.6,Basic,,,,,,,,,,
Mephisto Genetics,Mephisto Genetics,Feminized,Autoflower,https://mephistogenetics.com/products/wedding-doves,"['description', 'patterns', 'fallback']",2026-01-10T22:35:58.988949,"Wedding Doves Mephisto's Wedding x Ravenberry Mephisto's Wedding and Ravenberry's union results in Wedding Doves. This strain is like a matrimonial celebration, bursting with love, sweet berry flavours, and a hint of festive spice.",the Mephisto Genetics range to pair with some epic female Ravenberry plants,Wedding Doves,SoldOut,42.9,Medium,s made in Spain by Mitch & Tim with F1 to F3 selections made for the first time in Canada by our newest team member Terrance,,,,,,,,,
Mephisto Genetics,Mephisto Genetics,Feminized,Autoflower,https://mephistogenetics.com/products/mephistos-wedding,"['structured', 'description', 'patterns', 'fallback']",2026-01-10T22:35:59.387026,"You are cordially invited to witness the union of our beautiful farm friends Marley and Pepper! Our first strain to be bred outside of our little farmstead in España, and instead in our new home in the US by Nico in NorCal. Using Seed Junky’s legendary Wedding Cake cut crossed to Double Grape to make our F1 selections ","North America for some time now, but finding a cut we were completely happy with had become a bit of a running gag at the farm; the ‘Wedding Cake treatment’ become a synonym for nitpicking or splitting hairs",Mephistos Wedding,SoldOut,85.7,Premium,s,", but we weren’t quite done yet, we wanted to add an extra bit of Meph confetti to the white wedding",50 to 80cm,70 to 90 grams.,"Very dank, funky chemical and gas with a hint of grape. Sweet vanilla, like grape Victoria sponge on the exhale.","Gassy, Fruity, and Sweet",Great for aching joints and insomnia.,Intermediate,High,
Mephisto Genetics,Mephisto Genetics,Feminized,Autoflower,https://mephistogenetics.com/products/war-pigs,"['description', 'patterns', 'fallback']",2026-01-10T22:35:59.762318,"Sound the sirens—War Pigs is a battle-ready fusion of Old School Mango Haze x 505 Headbanger, delivering a riot of tropical fruit, classic haze spice, and sour funk. Ripe mango, overripe pineapple, and citrus zest hit first, followed by earthy haze and sharp diesel undertones creeping in like a slow-building storm. Lik",,War Pigs,SoldOut,36.6,Basic,s from our catalogue,,,,,,,,,
Mephisto Genetics,Mephisto Genetics,Feminized,Autoflower,https://mephistogenetics.com/products/1-walt,"['description', 'patterns', 'fallback']",2026-01-10T22:36:00.141074,"A meshing of two of our longest projects; Walter White BX1 was a labour of love on the farm by both Mitch and Tim. Outcrossing a second time with our cut of Krome ‘The White’ for 5 generations, she’s a fine-tuned, more indicia-leaning strain than our Original Walter White and closer to her photoperiod parent. Whilst re","ing a second time with our cut of Krome ‘The White’ for 5 generations, she’s a fine-tuned, more indicia-leaning strain than our Original Walter White and closer to her photoperiod parent",1 Walt,SoldOut,42.9,Medium,s of our new high THC catalogue favourites,,,,,,,,,
Mephisto Genetics,Mephisto Genetics,Feminized,Autoflower,https://mephistogenetics.com/products/violets-crinkle,"['description', 'patterns', 'fallback']",2026-01-10T22:36:00.544149,"“Violet, you’re turning violet!” — and this strain leans all the way in. A stinky purple knockout with a nose like funky gym socks and a punch like a bedtime hammer, Violet’s Crinkle is all gas, skunk, and sedation. Dense, frosty buds with deep purples and a full-bodied couch-lock hit make this one a heavy, dreamy smok",,Violets Crinkle,SoldOut,36.6,Basic,s from our catalogue,#NAME?,,,,,,,,
Mephisto Genetics,Mephisto Genetics,Feminized,Autoflower,https://mephistogenetics.com/products/velvet-cupcakes,"['description', 'patterns', 'fallback']",2026-01-10T22:36:00.950015,"Sweet baked goods aromas, with some added savoury cheese notes, like a fresh, out-of-the-oven gassy cheese flan. Expect a plant that can stretch, but lacks some internodal space, so crank those fans and make sure your airflow is on point.","es, we've paired our Pigletta’s Purple Haze with some of the finest pollen donors from the Mephisto collection",Velvet Cupcakes,SoldOut,42.9,Medium,,,,,,,,,,
Mephisto Genetics,Mephisto Genetics,Feminized,Autoflower,https://mephistogenetics.com/products/valentines-piggy-slap,"['patterns', 'fallback']",2026-01-10T22:36:01.328373,Celebrate Valentine's day with the die-cut Mephisto love-heart Piggy slap!,,Valentines Piggy Slap,SoldOut,36.6,Basic,,,,,,,,,,
Mephisto Genetics,Mephisto Genetics,Feminized,Autoflower,https://mephistogenetics.com/products/illuminauto-69-vaders-musk,"['description', 'patterns', 'fallback']",2026-01-10T22:36:01.720663,"All Illuminauto strains are untested, aside from our usual germination and general quality control tests. These seeds are listed more cheaply than our usual catalogue items, as we use these lines as a testbed to find the best fire to add to our catalogue for longer-term use.Released as part of our June 2023 Illuminauto",,Illuminauto 69 Vaders Musk,SoldOut,36.6,Basic,,,,,,,,,,
Mephisto Genetics,Mephisto Genetics,Feminized,Autoflower,https://mephistogenetics.com/products/universal-love,"['description', 'patterns', 'fallback']",2026-01-10T22:36:02.137482,"Universal Love is a cross of two of our favourite Mephisto Strains, one brand new and one not so new. Alien vs Triangle has long been a fan favourite Mephisto strain, combining speed, yield and strength into the perfect canna-trifecta. She started life herself as an F1 cross before overwhelming demand forced our hand i","of two of our favouriteMephisto Strains, one brand new and one not so new",Universal Love,,40.2,Medium,of our Creme de la Chem,,,,,,,,,
Mephisto Genetics,Mephisto Genetics,Feminized,Autoflower,https://mephistogenetics.com/products/ultra-g13,"['description', 'patterns', 'fallback']",2026-01-10T22:36:02.590022,"Expect her to rapidly stretch and pack on the pounds, with bigger plants and high yields forecast. A more sativa-leaning strain, with a smooth up followed by giggles and rushes of energy.","es, we've paired some of the finest strains in the Mephisto catalogue to a hand-selected Do-si-delirium pollen donor",Ultra G13,SoldOut,42.9,Medium,,,,,,,,,,
Mephisto Genetics,Mephisto Genetics,Feminized,Autoflower,https://mephistogenetics.com/products/tropitizer-og,"['description', 'patterns', 'fallback']",2026-01-10T22:36:02.993136,"Aroma: Sweet green apple, lemon-lime zest, citrus candyEffect: Uplifting and social, transitions into a mellow cruise Tropitizer OG is a juicy midday delight—like packing a fruit cart into a zoot. She mixes sweet apple and zesty lime with a clean citrus snap that lingers long after the exhale. One of the most vigorous ",grows tall and proud with evenly spaced branches and beautifully spaced bud sites,Tropitizer Og,SoldOut,42.9,Medium,s from our catalogue,,,,,,,,,
Mephisto Genetics,Mephisto Genetics,Feminized,Autoflower,https://mephistogenetics.com/products/triple-doubleoz,"['description', 'patterns', 'fallback']",2026-01-10T22:36:03.375424,"Do we even need to sell this one to you? Trip Dub O'z, a cross between MephistO'z and Treble Grape (Double Grape x Grape Crinkle), delivers a potent punch with a rich, grape-forward aroma. This strain offers dense, trichome-covered buds and a powerful high that’s perfect for those who enjoy a fruity twist.",is all about: turning legendary photoperiod cuts into the absolute best autoflowering strains available on the market today,Triple Doubleoz,SoldOut,42.9,Medium,,,,,,,,,,
Mephisto Genetics,Mephisto Genetics,Feminized,Autoflower,https://mephistogenetics.com/products/treble-tizer,"['description', 'patterns', 'fallback']",2026-01-10T22:36:03.777960,Star of the lineup? I think it’s likely. Expect a full-frontal fruit salad assault on your taste buds and a lively high that settles right into couchlock goodness.,,Treble Tizer,SoldOut,36.6,Basic,,,,,,,,,,
Mephisto Genetics,Mephisto Genetics,Feminized,Autoflower,https://mephistogenetics.com/products/toof-fairy,"['structured', 'description', 'patterns', 'fallback']",2026-01-10T22:36:04.282401,"Toof Fairy is a cross of two of our heavy hitting, indica-leaning Original strains. Both initially developed in the early days at the farm, Toof Decay and Ripley’s OG helped put Mephisto Genetics on the map. Two classic photoperiods made automatic, both strains have been mainstays in our ever-changing catalogue over th","of two of our heavy hitting, indica-leaning Original strains",Toof Fairy,,73.2,High,,,60 to 100 cm,90 to 150 grams grams.,"Earthy, sweet chocolate and fruits.","Hard hitting body high, off the scale relaxation","Great for relaxation, insomnia and appetite stimulation",,,
Mephisto Genetics,Mephisto Genetics,Feminized,Autoflower,https://mephistogenetics.com/products/illuminauto-54-tinto-de-verano,"['description', 'patterns', 'fallback']",2026-01-10T22:36:04.668693,Brand new for 2022Illuminauto #54 - Tinto de Verano(Double Grape x Creme de la Chem) x Mango Smile,,Illuminauto 54 Tinto De Verano,SoldOut,36.6,Basic,,,,,,,,,,
Mephisto Genetics,Mephisto Genetics,Feminized,Autoflower,https://mephistogenetics.com/products/thumper-therapy,"['description', 'patterns', 'fallback']",2026-01-10T22:36:05.114952,"Sundae Thumper was our second foray into the world of automatic Gelato strains, crossing Gelato #45 (AKA Michael Jordan) with our Forum Stomper. She’s proved to be wildly popular amongst Meph Heads, with rock-hard flowers and a strong ice-cream aroma. Blue Auto CBD is a line worked out of the super heterogeneous auto h",ing Gelato #45 (AKA Michael Jordan) with our Forum Stomper,Thumper Therapy,SoldOut,42.9,Medium,"s later, we had a chunky parent that creates beautiful mixed ratio CBD plants with amazing aroma and a modern look",,,,,,,,,
Mephisto Genetics,Mephisto Genetics,Feminized,Autoflower,https://mephistogenetics.com/products/throwback-thumper,"['description', 'patterns', 'fallback']",2026-01-10T22:36:05.502769,"Throwback ThumperOld School Mango Haze x Sundae Thumper 25/75Sweet, creamy, fruity and hazey. A greatest hits record of a strain, Throwback Thumper will give you a potent but balanced high. A modern take on classic genetics, she’s like a stunningly remastered vinyl pressing of Zeppelin IV.","es we’ve paired our award-winning Old School Mango Haze with some beautiful ladies from across the Mephisto arsenal, each designed to get those taste buds tingling and the head spinning, in the best possible way",Throwback Thumper,SoldOut,42.9,Medium,,#NAME?,,,,,,,,
Mephisto Genetics,Mephisto Genetics,Feminized,Autoflower,https://mephistogenetics.com/products/the-razzmatazz,"['description', 'patterns', 'fallback']",2026-01-10T22:36:05.998820,"A tall drink of madness at 52–57"", The Razzmatazz grows like she’s on stage; hazy, lanky, and impossible to wrangle. She throws out explosive branching and needs constant attention to stay in line. But tame her chaos, and you’ll be rewarded: over 574 grams dry has been pulled from a single run, and she was absolutely d",,The Razzmatazz,SoldOut,36.6,Basic,s from our catalogue,,,,,,,,,
Mephisto Genetics,Mephisto Genetics,Feminized,Autoflower,https://mephistogenetics.com/products/the-mg-experience,"['description', 'patterns', 'fallback']",2026-01-10T22:36:06.406819,"If you want a cerebral strain to get shit done with, this is your pick. Uplifting, energetic and creative, with lots of classic haze traits and spicey, gassy notes. We expect some added size to Pigletta and oceans of frost packed on every single inch of plant.","es, we've paired our Pigletta’s Purple Haze with some of the finest pollen donors from the Mephisto collection",The Mg Experience,SoldOut,42.9,Medium,,,,,,,,,,
Mephisto Genetics,Mephisto Genetics,Feminized,Autoflower,https://mephistogenetics.com/products/te-squealer-sunrise,"['description', 'patterns', 'fallback']",2026-01-10T22:36:06.823710,"Bursting with a zesty, citrusy aroma underscored by savoury notes and a depth of haze. Expect a smorgasbord of flavour profiles on a larger plant with a slightly delayed explosion into flower.","es, we've paired our Pigletta’s Purple Haze with some of the finest pollen donors from the Mephisto collection",Te Squealer Sunrise,SoldOut,42.9,Medium,,,,,,,,,,
Mephisto Genetics,Mephisto Genetics,Feminized,Autoflower,https://mephistogenetics.com/products/tennessee-honeymoon,"['description', 'patterns', 'fallback']",2026-01-10T22:36:07.194952,"Tennessee Honeymoon is a sultry slow-burner, equal parts dessert cart and garage funk. Some phenos leaned hard into the decadent: fresh-baked blueberry muffins, vanilla glaze, and punch bowl sweetness. Others brought the dank: rubbery chem with a sour twist and a whisper of berries underneath. On the grind, it’s pure o",,Tennessee Honeymoon,SoldOut,36.6,Basic,s from our catalogue,,,,,,,,,
Mephisto Genetics,Mephisto Genetics,Feminized,Autoflower,https://mephistogenetics.com/products/tarte-tatin,"['description', 'patterns', 'fallback']",2026-01-10T22:36:07.641108,"A supremely sedative smoke, with a terp profile you won’t quite believe. Remaining squat, expect lots of leaf tucking and defoliation earlier than you might usually to keep air flowering through and to allow some light to get through to all the budsites she’s guaranteed to be covered in.",,Tarte Tatin,SoldOut,36.6,Basic,,,,,,,,,,
Mephisto Genetics,Mephisto Genetics,Feminized,Autoflower,https://mephistogenetics.com/products/tangfasticz,"['description', 'patterns', 'fallback']",2026-01-10T22:36:08.169316,"Tiny but turbocharged, Tangfasticz brings a citrus explosion in a pint-sized package. With tangy creamsicle terps and rock-hard colas, this fast finisher delivers dense nugs packed with frosty attitude and zesty aroma. Compact, no-fuss, and sharp as a citrus slap—perfect for flavor chasers with tight grow spaces.",,Tangfasticz,SoldOut,36.6,Basic,s from our catalogue,#NAME?,,,,,,,,
Mephisto Genetics,Mephisto Genetics,Feminized,Autoflower,https://mephistogenetics.com/products/swirly-birdie,"['description', 'patterns', 'fallback']",2026-01-10T22:36:08.532594,"Swirly Birdie Sundae Thumper x Ravenberry Sundae Thumper's creamy, dessert-like qualities swirl with Ravenberry's jammy fuel in Swirly Birdie. This strain is a delectable treat, offering a whirlwind of creamy, sweet, and tangy flavours.",the Mephisto Genetics range to pair with some epic female Ravenberry plants,Swirly Birdie,SoldOut,42.9,Medium,s made in Spain by Mitch & Tim with F1 to F3 selections made for the first time in Canada by our newest team member Terrance,,,,,,,,,
Mephisto Genetics,Mephisto Genetics,Feminized,Autoflower,https://mephistogenetics.com/products/sweet-tweet,"['description', 'patterns', 'fallback']",2026-01-10T22:36:08.899158,"Sweet Tweet Iced 'n' Baked x Ravenberry Iced 'n' Baked's cool, sweet profile joins Ravenberry's jammy richness in Sweet Tweet. It's a comforting, dessert-like experience, with a delightful blend of frosting and berry flavours.",the Mephisto Genetics range to pair with some epic female Ravenberry plants,Sweet Tweet,SoldOut,42.9,Medium,s made in Spain by Mitch & Tim with F1 to F3 selections made for the first time in Canada by our newest team member Terrance,,,,,,,,,
Mephisto Genetics,Mephisto Genetics,Feminized,Autoflower,https://mephistogenetics.com/products/sweet-thunder,"['description', 'patterns', 'fallback']",2026-01-10T22:36:09.241426,"Turn up the volume—Sweet Thunder is here to shake the room. A high-octane cross of Sundae Thumper x 505 Headbanger, this strain cranks out thick, frosty buds drenched in trichomes, hitting with a smooth yet electrifying flavour profile. Sweet, creamy terps take centre stage, blending vanilla, berry, and citrus zest wit","of Sundae Thumper x 505 Headbanger, this strain cranks out thick, frosty buds drenched in trichomes, hitting with a smooth yet electrifying flavour profile",Sweet Thunder,SoldOut,42.9,Medium,s from our catalogue,,,,,,,,,
Mephisto Genetics,Mephisto Genetics,Feminized,Autoflower,https://mephistogenetics.com/products/illuminauto-62-sweet-smile,"['description', 'patterns', 'fallback']",2026-01-10T22:36:09.634781,"All Illuminauto strains are untested, aside from our usual germination and general quality control tests. These seeds are listed more cheaply than our usual catalogue items, as we use these lines as a testbed to find the best fire to add to our catalogue for longer-term use. Released as part of our June 2023 Illuminaut",,Illuminauto 62 Sweet Smile,SoldOut,36.6,Basic,,,,,,,,,,
Mephisto Genetics,Mephisto Genetics,Feminized,Autoflower,https://mephistogenetics.com/products/sweet-n-sour,"['structured', 'description', 'patterns', 'fallback']",2026-01-10T22:36:10.067026,"Choosing to combine two of our most unique, flavourful and frosty strains back in 2018 to create Illuminauto #31 turned out to be the masterstroke we knew it would be. Like the Ronseal of the Mephisto catalogue, it does exactly what it says on the tin. She’s sweet and fruity, with a sour tang making her the perfect nig","that could enhance some of these features, doubling the grape with a grapefruit, blueberry and fruit punch sweetness, while retaining a tang and twang with her Sour Crack lineage",Sweet N Sour,SoldOut,75.9,High,,,55 to 75 cm,80 to 120 grams.,"Sickly sweet aromas of overripe fruit, tangy on the inhale.","Strong body stone, lock the fridge door.","Appetite stimulation, great nighttime smoke.",,,
Mephisto Genetics,Mephisto Genetics,Feminized,Autoflower,https://mephistogenetics.com/products/super-kiwi-haze,"['description', 'patterns', 'fallback']",2026-01-10T22:36:10.503697,"Aroma: Five Alive citrus, orange rind, creamy lime exhaleEffect: Uplifting, cerebral, haze-forward daytime ride This zesty hybrid leans hard into its Super Orange Haze heritage, delivering a loud citrus nose and long, spear-shaped colas that glow like tropical torches. She stretched to a respectable 34–39"" in a 3-gallo",", uneven growth kept things interesting",Super Kiwi Haze,SoldOut,42.9,Medium,s from our catalogue,,,,,,,,,
Mephisto Genetics,Mephisto Genetics,Feminized,Autoflower,https://mephistogenetics.com/products/sundae-scout,"['description', 'patterns', 'fallback']",2026-01-10T22:36:10.899590,"A sure-fire winner, doubling up on sweetness and cream with lemons abound. Expect the standard hybrid vigour with a chance of some big plants and what could be an intense training regime. Expect a high that is heady, creative and zinging.","es, we've paired some of the finest strains in the Mephisto catalogue to a hand-selected Do-si-delirium pollen donor",Sundae Scout,SoldOut,42.9,Medium,,", doubling up on sweetness and cream with lemons abound",,,,,,,,
Mephisto Genetics,Mephisto Genetics,Feminized,Autoflower,https://mephistogenetics.com/products/sundae-schooled,"['description', 'patterns', 'fallback']",2026-01-10T22:36:11.330870,"Sundae Thumper brings some sweeter notes to the almost pure haze of the Old School Blues. Expect the creative spark to shine before she settles to the body and mellows out. Potential to overwhelm to smell of any tent, but we don’t expect that to ever be a bad thing.",,Sundae Schooled,SoldOut,36.6,Basic,generations and stands as our ode to what started it all for us,,,,,,,,,
Mephisto Genetics,Mephisto Genetics,Feminized,Autoflower,https://mephistogenetics.com/products/sundae-best,"['description', 'patterns', 'fallback']",2026-01-10T22:36:11.750242,"Introducing our second drop of our new format Limited Editions! Sundae Thumper is Mephisto Genetics’ second foray into the world of Gelato strains which started with our stunning Iced ‘n’ Baked. As we’ve stated before, we have seen many supposed ‘Auto Gelato’ strains in the market that did not cut the mustard, particul",’ second foray into the world of Gelato strains which started with our stunning Iced ‘n’ Baked,Sundae Best,SoldOut,42.9,Medium,,,,,,,,,,
Mephisto Genetics,Mephisto Genetics,Feminized,Autoflower,https://mephistogenetics.com/products/sugar-high,"['description', 'patterns', 'fallback']",2026-01-10T22:36:12.149541,"Introducing our first drop of our new format Limited Editions! Iced ‘n’ Baked is Mephisto’s first (but not last…) foray into the world of Gelato strains, and not to throw shade, but we have seen many supposed ‘Auto Gelato’ strains in the market that did not cut the mustard, particularly in their ability to capture the ","es are designed to showcase Mephisto’s take on the world of Gelauto, using some complementary Mephisto classics",Sugar High,SoldOut,42.9,Medium,,,,,,,,,,
Mephisto Genetics,Mephisto Genetics,Feminized,Autoflower,https://mephistogenetics.com/products/strawberry-slushie,"['description', 'patterns', 'fallback']",2026-01-10T22:36:12.528242,"Introducing our first drop of our new format Limited Editions! Iced ‘n’ Baked is Mephisto’s first (but not last…) foray into the world of Gelato strains, and not to throw shade, but we have seen many supposed ‘Auto Gelato’ strains in the market that did not cut the mustard, particularly in their ability to capture the ","es are designed to showcase Mephisto’s take on the world of Gelauto, using some complementary Mephisto classics",Strawberry Slushie,SoldOut,42.9,Medium,,,,,,,,,,
Mephisto Genetics,Mephisto Genetics,Feminized,Autoflower,https://mephistogenetics.com/products/illuminauto-77-strawberry-mango-crumble,"['description', 'patterns', 'fallback']",2026-01-10T22:36:12.880978,"All Illuminauto strains are untested, aside from our usual germination and general quality control tests. These seeds are listed more cheaply than our standard catalogue items, as we use these lines as a testbed to find the best fire to add to our catalogue for longer-term use. Released as part of our October 2023 Illu",,Illuminauto 77 Strawberry Mango Crumble,SoldOut,36.6,Basic,,,,,,,,,,
Mephisto Genetics,Mephisto Genetics,Feminized,Autoflower,https://mephistogenetics.com/products/illuminauto-55-strawberry-crinkle,"['description', 'patterns', 'fallback']",2026-01-10T22:36:13.418698,Brand new for 2022Illuminauto #55 - Strawberry CrinkleStrawberry Nuggets x Grape Crinkle,,Illuminauto 55 Strawberry Crinkle,SoldOut,36.6,Basic,,,,,,,,,,
Mephisto Genetics,Mephisto Genetics,Feminized,Autoflower,https://mephistogenetics.com/products/illuminauto-50-strawba-the-hutt,"['description', 'patterns', 'fallback']",2026-01-10T22:36:13.859308,Brand new for 2022Illuminauto #50 - Strawbba the HuttStrawberry Nuggets x Skywalker,,Illuminauto 50 Strawba The Hutt,SoldOut,36.6,Basic,,,,,,,,,,
Mephisto Genetics,Mephisto Genetics,Feminized,Autoflower,https://mephistogenetics.com/products/stilton-special,"['structured', 'description', 'patterns', 'fallback']",2026-01-10T22:36:14.428255,"Mephisto’s own take on the stand-out blue cheese. Being in England, and as many know Sheffield boys through and through, we had access to the real old-school cheese and blue cheese strains that we have dabbled and meddled with from way before Mephisto Genetics was a twinkle in Mitch and Tim’s eyes. Stilton was a strain",was a twinkle in Mitch and Tim’s eyes,Stilton Special,SoldOut,75.9,High,,,60 to 100cm,90 to 140 grams.,"Sweet berry mellows into strong cheese, classic cheesy exhale. Pungent.",Balanced head & body high,Hybrid style high,,,
Mephisto Genetics,Mephisto Genetics,Feminized,Autoflower,https://mephistogenetics.com/products/sour-scrumpysquanch,"['description', 'patterns', 'fallback']",2026-01-10T22:36:14.955040,"Probably the girl I’m most excited for, Sour Stomper has been such a mainstay strain in our catalogue that we know that anything she’s crossed with is guaranteed fire. Expect a thick layer of frost, classic OG stylings and a flavour profile of funk, fruit and fuel.",ed with is guaranteed fire,Sour Scrumpysquanch,SoldOut,42.9,Medium,,,,,,,,,,
Mephisto Genetics,Mephisto Genetics,Feminized,Autoflower,https://mephistogenetics.com/products/sour-crack,"['structured', 'description', 'patterns', 'fallback']",2026-01-10T22:36:15.422253,"Sour Crack, love or hate the name is one of our fastest and most popular varieties. We feel she is one of our flagship cultivars and really broke ground and gained traction with the idea of connoisseur automatics.","was looking for a strain for stealthy quick runs, that could double as a commercial quality autoflower with a connoisseur flavour profile",Sour Crack,SoldOut,85.7,Premium,,,35 to 55cm,30 to 60 grams.,"Sweet, sour, fruity hints","Fruity, Sour, Sweet, and Spicy","Insomnia, appetite stimulation",19% THC,Novice,
Mephisto Genetics,Mephisto Genetics,Feminized,Autoflower,https://mephistogenetics.com/products/snozzbeary,"['description', 'patterns', 'fallback']",2026-01-10T22:36:15.947163,"Straight out of the candy aisle and into your grinder, Snozzbeary brings an intense blue razz candy terp profile that builds through flower and bursts post-cure. A standout from the Mango Runtz crosses, she’s all about mouthwatering aroma and playful potency. Sweet, loud, and impossible to forget—Snozzbeary is the one ","es, she’s all about mouthwatering aroma and playful potency",Snozzbeary,SoldOut,42.9,Medium,s from our catalogue,#NAME?,,,,,,,,
Mephisto Genetics,Mephisto Genetics,Feminized,Autoflower,https://mephistogenetics.com/products/snakebite-black,"['description', 'patterns', 'fallback']",2026-01-10T22:36:16.426731,"Snakebite and black is a classic for any regular visitor to a UK pub with a flat roof. A pint of apple cider and a shot of blackcurrant cordial. Expect apples and berries, with a strong sweetness and a gas station forecourt to follow.",,Snakebite Black,SoldOut,36.6,Basic,,,,,,,,,,
Mephisto Genetics,Mephisto Genetics,Feminized,Autoflower,https://mephistogenetics.com/products/skylar-white,"['structured', 'description', 'patterns', 'fallback']",2026-01-10T22:36:16.843659,"Released as a special freebie at the start of 2016, then recreated and released as a Limited Edition later that year. The combination of the White’s lemon citrus with the earthy OG of the Skywalker makes for a scintillating and decadent smoke. You won’t need a $600,000 inheritance from your aunt in Luxembourg to enjoy ","her out with selected strains, until one day we stumbled across the Skywalker pairing and the rest is history",Skylar White,SoldOut,75.9,High,quarters when you unzip it,,90 to 130 cm,90 to 150 grams.,Sweet grapefruit and creamy lemons. Earthy and pine aromas.,"Uplifting and body numbing, relaxing",Zippy and uplifting,,,
Mephisto Genetics,Mephisto Genetics,Feminized,Autoflower,https://mephistogenetics.com/products/screwball-ice-creme,"['description', 'patterns', 'fallback']",2026-01-10T22:36:17.260402,"Introducing our first drop of our new format Limited Editions! Iced ‘n’ Baked is Mephisto’s first (but not last…) foray into the world of Gelato strains, and not to throw shade, but we have seen many supposed ‘Auto Gelato’ strains in the market that did not cut the mustard, particularly in their ability to capture the ","es are designed to showcase Mephisto’s take on the world of Gelauto, using some complementary Mephisto classics",Screwball Ice Creme,SoldOut,42.9,Medium,,,,,,,,,,
Mephisto Genetics,Mephisto Genetics,Feminized,Autoflower,https://mephistogenetics.com/products/screwball-haze,"['description', 'patterns', 'fallback']",2026-01-10T22:36:17.728295,"Introducing our second drop of our new format Limited Editions! Sundae Thumper is Mephisto Genetics’ second foray into the world of Gelato strains which started with our stunning Iced ‘n’ Baked. As we’ve stated before, we have seen many supposed ‘Auto Gelato’ strains in the market that did not cut the mustard, particul",’ second foray into the world of Gelato strains which started with our stunning Iced ‘n’ Baked,Screwball Haze,SoldOut,42.9,Medium,,,,,,,,,,
Mephisto Genetics,Mephisto Genetics,Feminized,Autoflower,https://mephistogenetics.com/products/school-of-rock,"['description', 'patterns', 'fallback']",2026-01-10T22:36:18.226325,"Get ready to stick it to the man—School of Rock delivers a bold mango-forward flavour with a rich tropical fruit profile and a pungent gas undertone that adds serious depth. A high-energy cross of School Yard Crush x 505 Headbanger, this strain fills the room with an intensely sweet aroma during flower, while the funky","of School Yard Crush x 505 Headbanger, this strain fills the room with an intensely sweet aroma during flower, while the funky, fuel-soaked finish keeps things grounded",School Of Rock,SoldOut,42.9,Medium,s from our catalogue,,,,,,,,,
Mephisto Genetics,Mephisto Genetics,Feminized,Autoflower,https://mephistogenetics.com/products/sams-scoop,"['description', 'patterns', 'fallback']",2026-01-10T22:36:18.674835,"Initially earmarked to be part of our second drop of our new format Limited Editions, Sam’s Scoop is finally on the menu! Sundae Thumper is Mephisto Genetics’ second foray into the world of Gelato strains which started with our stunning Iced ‘n’ Baked autoflower. As we’ve stated before, we have seen many supposed ‘Auto",’ second foray into the world of Gelato strains which started with our stunning Iced ‘n’ Baked autoflower,Sams Scoop,SoldOut,42.9,Medium,,,,,,,,,,
Mephisto Genetics,Mephisto Genetics,Feminized,Autoflower,https://mephistogenetics.com/products/salamanca-swirl,"['description', 'patterns', 'fallback']",2026-01-10T22:36:19.109844,"Introducing our second drop of our new format Limited Editions! Sundae Thumper is Mephisto Genetics’ second foray into the world of Gelato strains which started with our stunning Iced ‘n’ Baked. As we’ve stated before, we have seen many supposed ‘Auto Gelato’ strains in the market that did not cut the mustard, particul",’ second foray into the world of Gelato strains which started with our stunning Iced ‘n’ Baked,Salamanca Swirl,SoldOut,42.9,Medium,,,,,,,,,,
Mephisto Genetics,Mephisto Genetics,Feminized,Autoflower,https://mephistogenetics.com/products/runtz-n-roses,"['description', 'patterns', 'fallback']",2026-01-10T22:36:19.495336,"Welcome to the jungle, where Runtz and Roses hits with a symphony of flavours that’s as bold and unforgettable as a Guns N’ Roses riff. This powerhouse strain cranks the dial to 11, delivering a rich blend of ripe plums and skunky gas, creating a deep, fruity yet pungent aroma that lingers like the echoes of a legendar",,Runtz N Roses,SoldOut,36.6,Basic,s from our catalogue,,,,,,,,,
Mephisto Genetics,Mephisto Genetics,Feminized,Autoflower,https://mephistogenetics.com/products/routeins,"['patterns', 'fallback']",2026-01-10T22:36:20.107704,"Route provides protection for shipments that are lost, broken, or stolen. Add Route to your cart at checkout to enable protection. Visit route.com to learn more.",,Routeins,SoldOut,36.6,Basic,,,,,,,,,,
Mephisto Genetics,Mephisto Genetics,Feminized,Autoflower,https://mephistogenetics.com/products/rose-gold,"['description', 'patterns', 'fallback']",2026-01-10T22:36:20.574449,Introducing our third drop of our new format Limited Editions! Walter White Bx1 isn’t our first backcross; with our Artisanals line we put in the work and take things to a level that not many others do. As with our Livers BX1 project which took 12 generations of breeding to get to the point of release; our Walter White,; with our Artisanals line we put in the work and take things to a level that not many others do,Rose Gold,SoldOut,42.9,Medium,"to get to the point of release; our Walter White BX1 has been a labour of love, beginning the second outcross to our cut of Krome’s ‘The White’ in 2018",,,,,,,,,
Mephisto Genetics,Mephisto Genetics,Feminized,Autoflower,https://mephistogenetics.com/products/illuminauto-74-ripleys-wedding,"['description', 'patterns', 'fallback']",2026-01-10T22:36:20.991542,"All Illuminauto strains are untested, aside from our usual germination and general quality control tests. These seeds are listed more cheaply than our standard catalogue items, as we use these lines as a testbed to find the best fire to add to our catalogue for longer-term use. Released as part of our October 2023 Illu",,Illuminauto 74 Ripleys Wedding,SoldOut,36.6,Basic,,,,,,,,,,
Mephisto Genetics,Mephisto Genetics,Feminized,Autoflower,https://mephistogenetics.com/products/ripleys-ripple,"['description', 'patterns', 'fallback']",2026-01-10T22:36:21.421311,"Introducing our second drop of our new format Limited Editions! Sundae Thumper is Mephisto Genetics’ second foray into the world of Gelato strains which started with our stunning Iced ‘n’ Baked. As we’ve stated before, we have seen many supposed ‘Auto Gelato’ strains in the market that did not cut the mustard, particul",’ second foray into the world of Gelato strains which started with our stunning Iced ‘n’ Baked,Ripleys Ripple,SoldOut,42.9,Medium,to become a monstrously colourful girlie in your grow,,,,,,,,,
Mephisto Genetics,Mephisto Genetics,Feminized,Autoflower,https://mephistogenetics.com/products/retro-wedding,"['description', 'patterns', 'fallback']",2026-01-10T22:36:21.874789,"Retro Wedding Old School Mango Haze x Mephisto's Wedding30/70 Nostalgia up the wazoo. Expect dense buds with a rich and complex bouquet; fruit, chem, cake and lashings of frost. She marries the best of the sativa uplift with indica relaxation.","es we’ve paired our award-winning Old School Mango Haze with some beautiful ladies from across the Mephisto arsenal, each designed to get those taste buds tingling and the head spinning, in the best possible way",Retro Wedding,SoldOut,42.9,Medium,,#NAME?,,,,,,,,
Mephisto Genetics,Mephisto Genetics,Feminized,Autoflower,https://mephistogenetics.com/products/rasinettes,"['description', 'patterns', 'fallback']",2026-01-10T22:36:22.228937,"Rasinettes Old School Mango Haze x Grape Crinkle35/65 We love some Grape Crinkle, despite the breeding issues she’s given us over the years. Raisinettes is a deeply aromatic strain with a tropical essence and rich, velvety notes grape. She’s an indulgent strain and one for the flavour hunters.","es we’ve paired our award-winning Old School Mango Haze with some beautiful ladies from across the Mephisto arsenal, each designed to get those taste buds tingling and the head spinning, in the best possible way",Rasinettes,SoldOut,42.9,Medium,issues she’s given us over the years,#NAME?,,,,,,,,
Mephisto Genetics,Mephisto Genetics,Feminized,Autoflower,https://mephistogenetics.com/products/r2-abq,"['description', 'patterns', 'fallback']",2026-01-10T22:36:22.646834,Introducing our third drop of our new format Limited Editions! Walter White Bx1 isn’t our first backcross; with our Artisanals line we put in the work and take things to a level that not many others do. As with our Livers BX1 project which took 12 generations of breeding to get to the point of release; our Walter White,; with our Artisanals line we put in the work and take things to a level that not many others do,R2 Abq,SoldOut,42.9,Medium,"to get to the point of release; our Walter White BX1 has been a labour of love, beginning the second outcross to our cut of Krome’s ‘The White’ in 2018",,,,,,,,,
Mephisto Genetics,Mephisto Genetics,Feminized,Autoflower,https://mephistogenetics.com/products/quadruple-berry,"['description', 'patterns', 'fallback']",2026-01-10T22:36:23.014925,"Quadruple Berry Treble Grape (Double Grape x Grape Crinkle) x Ravenberry A berry bonanza, this strain amplifies the fruity essence by combining Treble Grape with Ravenberry. It's a symphony of sweet, tart, and juicy berry flavours, perfect for berry enthusiasts.",the Mephisto Genetics range to pair with some epic female Ravenberry plants,Quadruple Berry,SoldOut,42.9,Medium,s made in Spain by Mitch & Tim with F1 to F3 selections made for the first time in Canada by our newest team member Terrance,,,,,,,,,
Mephisto Genetics,Mephisto Genetics,Feminized,Autoflower,https://mephistogenetics.com/products/purple-moon-cheese,"['description', 'patterns', 'fallback']",2026-01-10T22:36:23.365936,"A backcross of kinds, doubling up on those savoury cheese notes and hazey goodness. This is the one I’ve been most excited for, like Pigletta’s with more cheese, more haze and more of that Northern steel.","es, we've paired our Pigletta’s Purple Haze with some of the finest pollen donors from the Mephisto collection",Purple Moon Cheese,SoldOut,42.9,Medium,,,,,,,,,,
Mephisto Genetics,Mephisto Genetics,Feminized,Autoflower,https://mephistogenetics.com/products/punch-drunk-love,"['description', 'patterns', 'fallback']",2026-01-10T22:36:23.798851,"This one doesn’t whisper sweet nothings, it sings ‘em in a smoky club at midnight. Punch Drunk Love starts with a campfire crackle: deep, smoky, and lung-expanding. As flower matures, cherry funk rises through the haze: real wild cherry, tart and rich, never fake or medicinal, layered over floral diesel and a sour past",,Punch Drunk Love,SoldOut,36.6,Basic,s from our catalogue,,,,,,,,,
Mephisto Genetics,Mephisto Genetics,Feminized,Autoflower,https://mephistogenetics.com/products/polar-bear-og,"['description', 'patterns', 'fallback']",2026-01-10T22:36:24.268775,"Introducing our first drop of our new format Limited Editions! Iced ‘n’ Baked is Mephisto’s first (but not last…) foray into the world of Gelato strains, and not to throw shade, but we have seen many supposed ‘Auto Gelato’ strains in the market that did not cut the mustard, particularly in their ability to capture the ","es are designed to showcase Mephisto’s take on the world of Gelauto, using some complementary Mephisto classics",Polar Bear Og,SoldOut,42.9,Medium,,,,,,,,,,
Mephisto Genetics,Mephisto Genetics,Feminized,Autoflower,https://mephistogenetics.com/products/plum-sundae,"['description', 'patterns', 'fallback']",2026-01-10T22:36:24.619984,"A fruit salad haze with a heavy whipped cream topping. We hope for some colouration to shine through with this girl, strong in the growth cycle and packing on weight throughout. A heady, lasting high that will gradually settle and mellow into the body.","es, we've paired our Pigletta’s Purple Haze with some of the finest pollen donors from the Mephisto collection",Plum Sundae,SoldOut,42.9,Medium,,,,,,,,,,
Mephisto Genetics,Mephisto Genetics,Feminized,Autoflower,https://mephistogenetics.com/products/playground-potion,"['description', 'patterns', 'fallback']",2026-01-10T22:36:24.941022,"This balanced beauty pairs Aunt Ginny’s Elixir (CBD-rich and serene) with the nostalgic cherry sweetness of School Yard Crush. Playground Potion is expected to carry a 1:1 CBD ratio with a gentle 45/55 lean, offering mellow body effects with just enough sparkle up top. A go-to for all-day calm and focus, with playful f","ed Limited Editions, using all CBD variants of our Medicinal line strains crossed with some of the freshest, frostiest Artisanals that we’ve added to the catalogue over the last year",Playground Potion,SoldOut,42.9,Medium,,,,,,,,,,
Mephisto Genetics,Mephisto Genetics,Feminized,Autoflower,https://mephistogenetics.com/products/plant-tag-bundle,"['patterns', 'fallback']",2026-01-10T22:36:25.263173,"A bundle pack of 10 of our brand new plant tags, featuring 2 different designs. Designs may vary from those shown.",,Plant Tag Bundle,SoldOut,36.6,Basic,,,,,,,,,,
Mephisto Genetics,Mephisto Genetics,Feminized,Autoflower,https://mephistogenetics.com/products/pinkmans-punnet,"['description', 'patterns', 'fallback']",2026-01-10T22:36:25.636971,"Initially earmarked to be part of our third drop of our new format Limited Editions, Pinkman’s Punnet is finally on the menu! Walter White Bx1 isn’t our first backcross; with our Artisanals line we put in the work and take things to a level that not many others do. As with our Livers BX1 project which took 12 generatio",; with our Artisanals line we put in the work and take things to a level that not many others do,Pinkmans Punnet,SoldOut,42.9,Medium,"to get to the point of release; our Walter White BX1 has been a labour of love, beginning the second outcross to our cut of Krome’s ‘The White’ in 2018",,,,,,,,,
Mephisto Genetics,Mephisto Genetics,Feminized,Autoflower,https://mephistogenetics.com/products/pin-badges,"['patterns', 'fallback']",2026-01-10T22:36:25.993357,"Brand new Mephisto pin badges, available for the first time in the UK! Choose from one of 7 designs, including our classic Marley and a brand new take on the Mephisto Piggy. Pin badges measure roughly 35-40mm and are dual butterfly clasp designs.",,Pin Badges,SoldOut,36.6,Basic,,,,,,,,,,
Mephisto Genetics,Mephisto Genetics,Feminized,Autoflower,https://mephistogenetics.com/products/piglettas-purple-potion,"['description', 'patterns', 'fallback']",2026-01-10T22:36:26.318902,"A mash-up of Pigletta’s Purple Haze and Canna-Cheese, Pigletta’s Purple Potion offers an expected 1:1 CBD ratio in a 35/65 indica-dominant package. Expect heady and energetic effects wrapped in a velvety cloud of berry, spice, and that signature cheesy depth. Perfect for a daytime medicinal pick-me-up or creative conte","ed Limited Editions, using all CBD variants of our Medicinal line strains crossed with some of the freshest, frostiest Artisanals that we’ve added to the catalogue over the last year",Piglettas Purple Potion,SoldOut,42.9,Medium,,,,,,,,,,65
Mephisto Genetics,Mephisto Genetics,Feminized,Autoflower,https://mephistogenetics.com/products/piggy-parmesan,"['description', 'patterns', 'fallback']",2026-01-10T22:36:26.731560,"Cheese on cheese, like a French dreamscape (even though we all know, deep down, English cheese is the best). A pungent strain with dense buds, a little height to her and cheese-heavy smoke.","es, we've paired our Pigletta’s Purple Haze with some of the finest pollen donors from the Mephisto collection",Piggy Parmesan,SoldOut,42.9,Medium,,,,,,,,,,
Mephisto Genetics,Mephisto Genetics,Feminized,Autoflower,https://mephistogenetics.com/products/pearl-drops,"['description', 'patterns', 'fallback']",2026-01-10T22:36:27.151635,Introducing our third drop of our new format Limited Editions! Walter White Bx1 isn’t our first backcross; with our Artisanals line we put in the work and take things to a level that not many others do. As with our Livers BX1 project which took 12 generations of breeding to get to the point of release; our Walter White,; with our Artisanals line we put in the work and take things to a level that not many others do,Pearl Drops,SoldOut,42.9,Medium,"to get to the point of release; our Walter White BX1 has been a labour of love, beginning the second outcross to our cut of Krome’s ‘The White’ in 2018",,,,,,,,,
Mephisto Genetics,Mephisto Genetics,Feminized,Autoflower,https://mephistogenetics.com/products/orwellian-wedding,"['description', 'patterns', 'fallback']",2026-01-10T22:36:27.537831,"Expect a shorter varietal but a thorough-bred heavy weight, with nuggetry packing on size through the grow, almost like a mini-UberReem. Complex gassy notes are expected to dominate, with a myriad of other flavour spikes coming and going on the smoke.","es, we've paired our Pigletta’s Purple Haze with some of the finest pollen donors from the Mephisto collection",Orwellian Wedding,SoldOut,42.9,Medium,"heavy weight, with nuggetry packing on size through the grow, almost like a mini-UberReem",,,,,,,,,
Mephisto Genetics,Mephisto Genetics,Feminized,Autoflower,https://mephistogenetics.com/products/orangeoz,"['description', 'patterns', 'fallback']",2026-01-10T22:36:27.889576,"Orange O'z brings the citrus-haze goodness of Super Orange Haze to the frosty, potent MephistO'z. This strain offers a vibrant orange aroma and a powerful, uplifting high, making it a good choice for daytime use.",is all about: turning legendary photoperiod cuts into the absolute best autoflowering strains available on the market today,Orangeoz,SoldOut,42.9,Medium,,,,,,,,,,
Mephisto Genetics,Mephisto Genetics,Feminized,Autoflower,https://mephistogenetics.com/products/orange-utan,"['structured', 'description', 'patterns', 'fallback']",2026-01-10T22:36:28.476640,The only strain of our Limited Edition 2021 drop that is entirely exclusive; Orange-Utan is a little critter that is a welcome addition to our catalogue and easily has a place in everybody’s garden.,,Orange Utan,SoldOut,69.6,High,,"of a strain, and combining her with our 4 Assed Monkey just takes her to the next level in terms of terp profile and production, with both parents combining seamlessly",55 to 75cm,65 to 95 grams.,"Vin Diesel supping Cointreau. Diesel and chem gives way to orange starburst. Like brewing your own orange moonshine. Earthy, like a roasted malt stout.","Euphoric, uplifting high, mellows to a relaxing finish.","Mood enhancer, great for stress & pain.",,,
Mephisto Genetics,Mephisto Genetics,Feminized,Autoflower,https://mephistogenetics.com/products/illuminauto-78-orange-panda,"['description', 'patterns', 'fallback']",2026-01-10T22:36:28.960223,"All Illuminauto strains are untested, aside from our usual germination and general quality control tests. These seeds are listed more cheaply than our standard catalogue items, as we use these lines as a testbed to find the best fire to add to our catalogue for longer-term use. Released as part of our October 2023 Illu",,Illuminauto 78 Orange Panda,SoldOut,36.6,Basic,,,,,,,,,,
Mephisto Genetics,Mephisto Genetics,Feminized,Autoflower,https://mephistogenetics.com/products/orange-julius,"['description', 'patterns', 'fallback']",2026-01-10T22:36:29.389664,"Originally only available as a special 1 of 2 freebie strain as part of our 2023 Secret Santa drop, Orange Julius is now available for purchase for the very first time! Sundae Thumper is Mephisto Genetics’ second foray into the world of Gelato strains which started with our stunning Iced ‘n’ Baked autoflower. As we’ve ",’ second foray into the world of Gelato strains which started with our stunning Iced ‘n’ Baked autoflower,Orange Julius,SoldOut,42.9,Medium,,,,,,,,,,
Mephisto Genetics,Mephisto Genetics,Feminized,Autoflower,https://mephistogenetics.com/products/orange-biscuits,"['structured', 'description', 'patterns', 'fallback']",2026-01-10T22:36:29.727471,"Orange Biscuits is like a diesel jaffa cake, heavy on the jaffa. She's our Lionel Messi hat-trick in El Clásico of this year's Limiteds drop.","in our big Mephisto family than with Forum Stomper and Orange Diesel, but combining them has proved a masterstroke, creating what we can only describe as a diesel jaffa cake, heavy on the jaffa",Orange Biscuits,SoldOut,75.9,High,,,60 to 90cm,75 to 125 grams.,Smells like orange chantilly cream. Like a classic Licor 43 & orange juice.,"Happy head high, zippy, uplifting & giggly.",Good for treating stress & depression. Mood enhancer.,,,
Mephisto Genetics,Mephisto Genetics,Feminized,Autoflower,https://mephistogenetics.com/products/oompa-loompa-og,"['description', 'patterns', 'fallback']",2026-01-10T22:36:30.141765,"A forest-dwelling candy gremlin, Oompa Loompa OG blends skunky, earthy depth with a fermented mango twist. Expect dense nugs, Fruit Loop funk, and a chill smoke that melts stress like chocolate in Wonka’s factory. Easy to grow and easier to love, this one’s for the heavy-terp heads who like their sweetness rolled in so",,Oompa Loompa Og,SoldOut,36.6,Basic,s from our catalogue,#NAME?,,,,,,,,
Mephisto Genetics,Mephisto Genetics,Feminized,Autoflower,https://mephistogenetics.com/products/one-night-stand,"['description', 'patterns', 'fallback']",2026-01-10T22:36:30.605324,"One Night Stan'd is a medium-sized autoflower with loud, evolving terps that start with a berry yoghurt aroma and develop into a smooth blackberry-vanilla blend. This strain hits hard with a potent, body-focused high that’s perfect for evening use, offering great pain relief and appetite stimulation. While not as punge",,One Night Stand,SoldOut,36.6,Basic,,,,,,,,,,
Mephisto Genetics,Mephisto Genetics,Feminized,Autoflower,https://mephistogenetics.com/products/on-the-rocks,"['description', 'patterns', 'fallback']",2026-01-10T22:36:31.016106,"Built like a jazz riff, wild, stretchy, and full of character, On The Rocks hit 46–51"" in a 5-gallon organic run and drank like a pro with Blumat drippers on full drip. She showed classic F1 vigour early, then stretched like she was reaching for the spotlight. Testers pulled 142g of frosty, fade-heavy buds with ridicul",,On The Rocks,SoldOut,36.6,Basic,s from our catalogue,,,,,,,,,
Mephisto Genetics,Mephisto Genetics,Feminized,Autoflower,https://mephistogenetics.com/products/old-school-strawberry-haze,"['description', 'patterns', 'fallback']",2026-01-10T22:36:32.213967,Old School Strawberry Haze Old School Mango Haze x Strawberry Nuggets 50/50 Oh yeah. OH YEAH! Strawberry Nuggets is a longstanding favourite for pretty much every cannabis connoisseur and has converted countless photo-only fans over the years. This is one we can’t wait to try ourselves at the various Meph bases dotted ,"es we’ve paired our award-winning Old School Mango Haze with some beautiful ladies from across the Mephisto arsenal, each designed to get those taste buds tingling and the head spinning, in the best possible way",Old School Strawberry Haze,SoldOut,42.9,Medium,,#NAME?,,,,,,,,
Mephisto Genetics,Mephisto Genetics,Feminized,Autoflower,https://mephistogenetics.com/products/old-school-purple-haze,"['description', 'patterns', 'fallback']",2026-01-10T22:36:32.889608,"Nostalgia overload, like watching The Expendables on VHS. Expect a high just won’t quit, with a sweet, tropical aroma and floral haze. A Mephisto time capsule of a strain, with the fingerprints of the original farm all over her, a halcyon days style strain that is a true nostalgia trip for all of us original members of","es, we've paired our Pigletta’s Purple Haze with some of the finest pollen donors from the Mephisto collection",Old School Purple Haze,SoldOut,42.9,Medium,,,,,,,,,,
Mephisto Genetics,Mephisto Genetics,Feminized,Autoflower,https://mephistogenetics.com/products/old-school-orchard,"['description', 'patterns', 'fallback']",2026-01-10T22:36:33.293058,"Expect the pine and mango to shine through, with a classic OG twist. Taller, more slender than its sisters across the lineup, we still expect her to pack on the weight well into flower.","the lineup, we still expect her to pack on the weight well into flower",Old School Orchard,SoldOut,42.9,Medium,,,,,,,,,,
Mephisto Genetics,Mephisto Genetics,Feminized,Autoflower,https://mephistogenetics.com/products/ol-dirty-bearstard,"['description', 'patterns', 'fallback']",2026-01-10T22:36:33.870326,"Ol' Dirty Bearstard Old School Mango Haze x 3 Bears OG 35/653 Bears OG is the Artisanal cornerstone, we’ve said that many times in the past, so pairing the ‘new’ old school with the ‘old’ old school. Earthy tones with an exotic mango zest, pep in your step with a mellowing out to the body.","es we’ve paired our award-winning Old School Mango Haze with some beautiful ladies from across the Mephisto arsenal, each designed to get those taste buds tingling and the head spinning, in the best possible way",Ol Dirty Bearstard,SoldOut,42.9,Medium,,#NAME?,,,,,,,,
Mephisto Genetics,Mephisto Genetics,Feminized,Autoflower,https://mephistogenetics.com/products/octane-45,"['description', 'patterns', 'fallback']",2026-01-10T22:36:34.385530,"Introducing our second drop of our new format Limited Editions! Sundae Thumper is Mephisto Genetics’ second foray into the world of Gelato strains which started with our stunning Iced ‘n’ Baked. As we’ve stated before, we have seen many supposed ‘Auto Gelato’ strains in the market that did not cut the mustard, particul",’ second foray into the world of Gelato strains which started with our stunning Iced ‘n’ Baked,Octane 45,SoldOut,42.9,Medium,,,,,,,,,,
Mephisto Genetics,Mephisto Genetics,Feminized,Autoflower,https://mephistogenetics.com/products/obi-wonkanobi,"['description', 'patterns', 'fallback']",2026-01-10T22:36:34.862679,"The Force is strong with this one—Obi Wonkanobi blends candy, gas, and a sharp sour twist into dense, frost-covered nuggets with Starfighter swagger. Compact and colossally coated, this Skywalker-powered cross punches above its height class and delivers terp-rich, lightsaber-smooth smoke that hits faster than hyperspac","punches above its height class and delivers terp-rich, lightsaber-smooth smoke that hits faster than hyperspace",Obi Wonkanobi,SoldOut,42.9,Medium,s from our catalogue,#NAME?,,,,,,,,
Mephisto Genetics,Mephisto Genetics,Feminized,Autoflower,https://mephistogenetics.com/products/nueralyzer-nuggs,"['description', 'patterns', 'fallback']",2026-01-10T22:36:35.346594,"It's one of our most eagerly anticipated limited mashups that will get you mashed-up. The (Alien vs Triangle x Strawberry Nuggets) x Do-si-delirium produced some of the finest Sour Strawberry specimens from the limited testers sent out. Expect a branchy, medium - large plants with high flower-to-plant ratios. Buds lath","es, we've paired some of the finest strains in the Mephisto catalogue to a hand-selected Do-si-delirium pollen donor",Nueralyzer Nuggs,SoldOut,42.9,Medium,,,,,,,,,,
Mephisto Genetics,Mephisto Genetics,Feminized,Autoflower,https://mephistogenetics.com/products/neon-nuggets,"['description', 'patterns', 'fallback']",2026-01-10T22:36:35.790532,"Aroma: Strawberry limeade, cream soda, citrus zestEffect: Euphoric, social, light body float Neon Nuggets grows like a fruit bush on a mission, dense, round, and absolutely loaded. She stays compact but swells with forearm-sized colas that glisten like sugar-coated candy sticks. The Strawberry Nuggets brings out the sh",,Neon Nuggets,SoldOut,36.6,Basic,s from our catalogue,,,,,,,,,
Mephisto Genetics,Mephisto Genetics,Feminized,Autoflower,https://mephistogenetics.com/products/illuminauto-75-nebula-nuggets,"['description', 'patterns', 'fallback']",2026-01-10T22:36:36.223666,"All Illuminauto strains are untested, aside from our usual germination and general quality control tests. These seeds are listed more cheaply than our standard catalogue items, as we use these lines as a testbed to find the best fire to add to our catalogue for longer-term use. Released as part of our October 2023 Illu",,Illuminauto 75 Nebula Nuggets,SoldOut,36.6,Basic,,,,,,,,,,
Mephisto Genetics,Mephisto Genetics,Feminized,Autoflower,https://mephistogenetics.com/products/neapolitanoz,"['description', 'patterns', 'fallback']",2026-01-10T22:36:36.593646,"Offering probably the most potent flavour profile of the whole lineup, expect shorter plants with the densest nuggetry around. Frost on frost, make sure your carbon filters are fresh when this one is in your tent.",is all about: turning legendary photoperiod cuts into the absolute best autoflowering strains available on the market today,Neapolitanoz,SoldOut,42.9,Medium,,,,,,,,,,
Mephisto Genetics,Mephisto Genetics,Feminized,Autoflower,https://mephistogenetics.com/products/moonoz,"['description', 'patterns', 'fallback']",2026-01-10T22:36:36.988204,"Moon O'z, combining MephistO'z and Ripley's OG, should grow tall with dense, colourful buds and a rich, earthy aroma. Anticipate a powerful, relaxing high and high yields, making it ideal for evening use. Ripley's OG adds its potent burnt rubber and chocolate, with the expectation of the most unique flavours in the lin",is all about: turning legendary photoperiod cuts into the absolute best autoflowering strains available on the market today,Moonoz,SoldOut,42.9,Medium,,,,,,,,,,
Mephisto Genetics,Mephisto Genetics,Feminized,Autoflower,https://mephistogenetics.com/products/illuminauto-65-monster-mashup,"['description', 'patterns', 'fallback']",2026-01-10T22:36:37.419090,"All Illuminauto strains are untested, aside from our usual germination and general quality control tests. These seeds are listed more cheaply than our usual catalogue items, as we use these lines as a testbed to find the best fire to add to our catalogue for longer-term use.Released as part of our June 2023 Illuminauto",,Illuminauto 65 Monster Mashup,SoldOut,36.6,Basic,,,,,,,,,,
Mephisto Genetics,Mephisto Genetics,Feminized,Autoflower,https://mephistogenetics.com/products/monkey-memento,"['description', 'patterns', 'fallback']",2026-01-10T22:36:37.817897,"Expect a slightly shorter plant but with no less emphasis on the density of nuggetry on show. With flavours ranging from earthy and sour, to lemon citrus, chemicals and grapes, this girl has got the lot.","es, we've paired some of the finest strains in the Mephisto catalogue to a hand-selected Do-si-delirium pollen donor",Monkey Memento,SoldOut,42.9,Medium,,,,,,,,,,
Mephisto Genetics,Mephisto Genetics,Feminized,Autoflower,https://mephistogenetics.com/products/mojito-de-mango,"['description', 'patterns', 'fallback']",2026-01-10T22:36:38.191957,"Aroma: Mango nectar, lime zest, garden mintEffect: Light, cerebral, tropical clarity Mojito de Mango is a tall, zesty sativa with island vibes and old-school energy. Expect long, hazy colas soaked in mango sweetness, sharpened with lime and kissed with minty coolness. She hits fast and bright, clear-headed, social, and",,Mojito De Mango,SoldOut,36.6,Basic,s from our catalogue,,,,,,,,,
Mephisto Genetics,Mephisto Genetics,Feminized,Autoflower,https://mephistogenetics.com/products/midnight-purple-express,"['description', 'patterns', 'fallback']",2026-01-10T22:36:38.612335,"A grandparent-backcross, Pigletta’s Purple Haze traces its lineage through Northern Cheese Haze back to Fantasmo Express and what was at the time, the most sativa dominant strain in our catalogue. Doubling down on the haze, expect an uplifting, energetic and creative high that doesn’t put you in the doldrums on the com","es, we've paired our Pigletta’s Purple Haze with some of the finest pollen donors from the Mephisto collection",Midnight Purple Express,SoldOut,42.9,Medium,,,,,,,,,,
